# Resource object code (Python 3)
# Created by: object code
# Created by: The Resource Compiler for Qt version 6.11.0
# WARNING! All changes made in this file will be lost!

from PySide6 import QtCore

qt_resource_data = b"\
\x00\x02\xe4\xba\
\x00\
\x00\x01\x00\x0a\x00\x10\x10\x00\x00\x01\x00 \x00h\x04\x00\
\x00\xa6\x00\x00\x00\x14\x14\x00\x00\x01\x00 \x00\xb8\x06\x00\
\x00\x0e\x05\x00\x00\x18\x18\x00\x00\x01\x00 \x00\x88\x09\x00\
\x00\xc6\x0b\x00\x00  \x00\x00\x01\x00 \x00\xa8\x10\x00\
\x00N\x15\x00\x0000\x00\x00\x01\x00 \x00\xa8%\x00\
\x00\xf6%\x00\x00@@\x00\x00\x01\x00 \x00(B\x00\
\x00\x9eK\x00\x00HH\x00\x00\x01\x00 \x00\x88T\x00\
\x00\xc6\x8d\x00\x00``\x00\x00\x01\x00 \x00\xa8\x94\x00\
\x00N\xe2\x00\x00\x80\x80\x00\x00\x01\x00 \x00(\x08\x01\
\x00\xf6v\x01\x00\x00\x00\x00\x00\x01\x00 \x00\x9ce\x00\
\x00\x1e\x7f\x02\x00(\x00\x00\x00\x10\x00\x00\x00 \x00\x00\
\x00\x01\x00 \x00\x00\x00\x00\x00\x00\x04\x00\x00\x00\x00\x00\
\x00\x00\x00\x00\x00\x00\x00\x00\x00\x00\x00\x00\x00\x00\x00\x00\
\x00\x00\x00\x00\x00\x00\x00\x00\x00\x00\x00\x00\x00R\x1b&\
\x04]$,\x0e>\x06\x1a\x09@\x06\x1b\x04\x00\x00\x00\
\x00\x00\x00\x00\x00\x00\x00\x00\x00\x00\x00\x00\x00\x00\x00\x00\
\x00\x00\x00\x00\x00\x00\x00\x00\x00\x00\x00\x00\x00\x00\x00\x00\
\x00\x00\x00\x00\x00\x00\x00\x00\x00\x00\x00\x00\x00g-3\
\x11\x87?B{l\x17/vb\x0a(4\x00\x00\x00\
\x00\x16\x02\x09\x02\x16\x02\x09\x02\x16\x03\x09\x025\x06\x16\
\x00\x00\x00\x00\x00\x00\x00\x00\x00\x00\x00\x00\x00\x00\x00\x00\
\x00\x00\x00\x00\x00\x00\x00\x00\x00\x00\x00\x00\x00\x84JF\
#\x97QN\xc7y$6\xcbi\x10,i\xb3\x9b\x81\
7\xbd\x9c\x86c\xb0\x86wf\xaf\x80uR\x00\x00\x00\
\x01\x00\x00\x00\x00\x00\x00\x00\x00\x00\x00\x00\x00\x00\x00\x00\
\x00\x00\x00\x00\x00\x00\x00\x00\x00\x00\x00\x00\x00\xa1h[\
H\xa6f[\xcez+8\xa8o\x1b0x\xc7\xad\x91\
o\xd7\xb7\x9b\xd6\xc3\x9a\x87\xcb\xba\x8b}\x8e\x00\x00\x00\
\x02\x00\x00\x00\x00\x00\x00\x00\x00\x00\x00\x00\x00\x00\x00\x00\
\x00\x00\x00\x00\x00\x00\x00\x00\x00\x00\x00\x00\x00\xa9tc\
K\xb1ve\xcc\x807>\x97v%5\x83\xd9\xc0\x9f\
\x8d\xda\xbc\x9e\xd2\xc5\x9b\x88\xce\xbc\x8e\x7f\x91\x00\x00\x00\
\x02\x00\x00\x00\x00\x00\x00\x00\x00\x00\x00\x00\x00\x00\x00\x00\
\x00\x00\x00\x00\x00\x00\x00\x00\x00\x00\x00\x00\x00\x9em]\
)\xb9\x81l\xd2\x93OM\xba\x813<\x95\xcf\xb5\x97\
q\xc7\xa9\x8f~\xb2\x87y\x81\xb4\x87zm\x00\x00\x00\
\x02\x00\x00\x00\x00\x00\x00\x00\x00\x00\x00\x00\x00\x00\x00\x00\
\x00\x00\x00\x00\x00\x00\x00\x00\x00\x00\x00\x00\x00uLD\
\x10\xbd\x89q\xbb\xaai^\xf2\x8cCE\xa3\xb0\x92}\
H\xc6\xa6\x8d\x87\xb9\x91\x80\x8e\x99me0\x00\x00\x00\
\x00\x00\x00\x00\x00\x00\x00\x00\x00\x00\x00\x00\x00\x00\x00\x00\
\x00\x00\x00\x00\x00\x00\x00\x00\x00\x00\x00\x00\x00tVG\
\x0f\xc7\x98{\xb5\xb8|j\xff\x97RO\xbf\xd8\xbd\x9c\
\xae\xcd\xb0\x94\x9e\xc5\x9d\x89\xbb\xad\x83v<\x00\x00\x00\
\x00\x00\x00\x00\x00\x00\x00\x00\x00\x00\x00\x00\x00\x00\x00\x00\
\x00\x00\x00\x00\x00\x00\x00\x00\x00\x00\x00\x00\x00\xc1\xa0\x7f\
:\xd3\xaa\x87\xcc\xc3\x8ct\xff\x9dZT\xd1\xc3\x95\x81\
\xe3\xcf\xb2\x96\x95\xa8\x7frj\x8fe^\x1f\x00\x00\x00\
\x00\x00\x00\x00\x00\x00\x00\x00\x00\x00\x00\x00\x00\x00\x00\x00\
\x00\x00\x00\x00\x00\x00\x00\x00\x00\x00\x00\x00\x01\xdf\xc6\x98\
p\xcc\xab\x85\xa4\xcc\x9b}\xfc\xa7k]\xbb\x98XV\
\xbb\xc1\x9e\x87\x9a\xad\x88xZyPM\x0b\x00\x00\x00\
\x00\x00\x00\x00\x00\x00\x00\x00\x00\x00\x00\x00\x00\x00\x00\x00\
\x00\x00\x00\x00\x00\x00\x00\x00\x00\x00\x00\x00\x00\xe2\xca\x9b\
i\xe3\xc6\x99\xc1\xd8\xac\x89\xfb\xb9\x80l\xf3\xaaod\
\xcb\xb4\x91~\x7f\xc0\x9c\x87n6\x0c\x17\x05\x00\x00\x00\
\x00\x00\x00\x00\x00\x00\x00\x00\x00\x00\x00\x00\x00\x00\x00\x00\
\x00\x00\x00\x00\x00\x00\x00\x00\x00\x00\x00\x00\x00\xaa\x8eq\
\x18\xe9\xce\x9e\x9e\xe2\xbc\x93\xf8\xc2\x8eu\xe8\xbb\x92|\
\x9b\xd8\xbc\x9d\xbb\xce\xac\x93\x9fQ$-\x09\x00\x00\x00\
\x00\x00\x00\x00\x00\x00\x00\x00\x00\x00\x00\x00\x00\x00\x00\x00\
\x00\x00\x00\x00\x00\x00\x00\x00\x00\x00\x00\x00\x00\x00\x00\x00\
\x00\xbc\xa1~7\xe5\xc4\x97\xdd\xcd\xa0\x80\xdb\xd5\xb8\x97\
\xb5\xd4\xb8\x9a\xa9\xb1\x8d|\x5c\x14\x00\x00\x04\x00\x00\x00\
\x00\x00\x00\x00\x00\x00\x00\x00\x00\x00\x00\x00\x00\x00\x00\x00\
\x00\x00\x00\x00\x00\x00\x00\x00\x00\x00\x00\x00\x00\x00\x00\x00\
\x00\xe6\xce\x9eg\xf6\xdc\xa8\xfe\xdc\xb3\x8d\xfd\xc2\x99~\
\x97\xbc\x9e\x87Z\xb2\x8e}7\x00\x00\x00\x01\x00\x00\x00\
\x00\x00\x00\x00\x00\x00\x00\x00\x00\x00\x00\x00\x00\x00\x00\x00\
\x00\x00\x00\x00\x00\x00\x00\x00\x00\x00\x00\x00\x00\x00\x00\x00\
\x00\xca\xb0\x89,\xf0\xd8\xa5\xb4\xde\xbb\x92\xb5\xa6{e\
-\x00\x00\x00\x03>\x1b\x22\x01\x00\x00\x00\x00\x00\x00\x00\
\x00\x00\x00\x00\x00\x00\x00\x00\x00\x00\x00\x00\x00\x00\x00\x00\
\x00\x00\x00\x00\x00\x00\x00\x00\x00\x00\x00\x00\x00\x00\x00\x00\
\x00\x00\x00\x00\x01\x9b|e\x12\x96t`\x12\x00\x00\x00\
\x01\x00\x00\x00\x00\x00\x00\x00\x00\x00\x00\x00\x00\x00\x00\x00\
\x00\x00\x00\x00\x00\x00\x00\x00\x00\x00\x00\x00\x00\xf0\xff\x00\
\x00\xf0\x07\x00\x00\xf0\x07\x00\x00\xf0\x07\x00\x00\xf0\x07\x00\
\x00\xf0\x07\x00\x00\xf0\x0f\x00\x00\xf0\x0f\x00\x00\xf0\x0f\x00\
\x00\xe0\x0f\x00\x00\xe0\x0f\x00\x00\xf0\x0f\x00\x00\xf8\x0f\x00\
\x00\xf8\x0f\x00\x00\xf8\x0f\x00\x00\xf8\x7f\x00\x00(\x00\x00\
\x00\x14\x00\x00\x00(\x00\x00\x00\x01\x00 \x00\x00\x00\x00\
\x00@\x06\x00\x00\x00\x00\x00\x00\x00\x00\x00\x00\x00\x00\x00\
\x00\x00\x00\x00\x00\x00\x00\x00\x00\x00\x00\x00\x00\x00\x00\x00\
\x00\x00\x00\x00\x00\x00\x00\x00\x007\x08\x17\x01)\x09\x11\
\x05\x1c\x03\x0b\x03\x1c\x03\x0c\x02,\x05\x13\x01\x00\x00\x00\
\x00\x00\x00\x00\x00\x00\x00\x00\x00\x00\x00\x00\x00\x00\x00\x00\
\x00\x00\x00\x00\x00\x00\x00\x00\x00\x00\x00\x00\x00\x00\x00\x00\
\x00\x00\x00\x00\x00\x00\x00\x00\x00\x00\x00\x00\x00\x00\x00\x00\
\x00\x00\x00\x00\x00\x00\x00\x00\x00\x0d\x00\x02\x04\x81;@\
Pn*4Ab\x0a(NM\x08 \x11\x00\x00\x00\
\x00\x00\x00\x00\x002\x06\x15\x002\x06\x15\x002\x06\x15\
\x002\x06\x15\x00\x00\x00\x00\x00\x00\x00\x00\x00\x00\x00\x00\
\x00\x00\x00\x00\x00\x00\x00\x00\x00\x00\x00\x00\x00\x00\x00\x00\
\x00\x00\x00\x00\x00\x00\x00\x00\x00\x00\x00\x00\x05\x90JI\
\x90\x859@\xbbo\x12/\xc5^\x09';zbU\
\x0dwUN\x15yTO\x16\x80TR\x1czLL\
\x12\x00\x00\x00\x01\x00\x00\x00\x00\x00\x00\x00\x00\x00\x00\x00\
\x00\x00\x00\x00\x00\x00\x00\x00\x00\x00\x00\x00\x00\x00\x00\x00\
\x00\x00\x00\x00\x00\x00\x00\x00\x00e45\x14\xa1_W\
\xc0\x8bCF\xbdv\x1c3\xd7_\x09&P\xc0\xa7\x8b\
O\xc3\xa4\x8b\x88\xc4\xa0\x8a\x97\xba\x8d~\xab\xb1\x82v\
h\x00\x00\x00\x01\x00\x00\x00\x00\x00\x00\x00\x00\x00\x00\x00\
\x00\x00\x00\x00\x00\x00\x00\x00\x00\x00\x00\x00\x00\x00\x00\x00\
\x00\x00\x00\x00\x00\x00\x00\x00\x00\x8fZQ,\xafqb\
\xe1\x8cLI\x8fz&7\xc8e\x13*]\xc4\xab\x8e\
d\xd8\xba\x9c\xce\xd1\xae\x95\xd7\xc1\x95\x84\xd6\xb4\x85y\
z\x00\x00\x00\x01\x00\x00\x00\x00\x00\x00\x00\x00\x00\x00\x00\
\x00\x00\x00\x00\x00\x00\x00\x00\x00\x00\x00\x00\x00\x00\x00\x00\
\x00\x00\x00\x00\x00\x00\x00\x00\x00\x95cW.\xb7}j\
\xe2\x92VP\x81\x800;\xbdl\x1c.i\xd0\xb8\x98\
t\xe4\xc8\xa6\xed\xc5\xa1\x8b\xb2\xc8\x9d\x8a\xec\xb4\x85x\
x\x00\x00\x00\x01\x00\x00\x00\x00\x00\x00\x00\x00\x00\x00\x00\
\x00\x00\x00\x00\x00\x00\x00\x00\x00\x00\x00\x00\x00\x00\x00\x00\
\x00\x00\x00\x00\x00\x00\x00\x00\x00wID\x18\xbb\x84n\
\xca\xa5i]\xb2\x87;A\xc2v'4{\xd4\xbc\x9c\
y\xe4\xc9\xa7\xd9\xa2\x7fo^\xc8\x9d\x8a\xde\xb4\x85y\
t\x00\x00\x00\x01\x00\x00\x00\x00\x00\x00\x00\x00\x00\x00\x00\
\x00\x00\x00\x00\x00\x00\x00\x00\x00\x00\x00\x00\x00\x00\x00\x00\
\x00\x00\x00\x00\x00\x00\x00\x00\x00\x1c\x00\x08\x08\xbc\x88p\
\xa0\xb3yg\xdd\x95ML\xdb\x837?\x8e\x90se\
.\xb6\x97\x81d\x9cvkN\xa1vkd\x8d_[\
,\x00\x00\x00\x01\x00\x00\x00\x00\x00\x00\x00\x00\x00\x00\x00\
\x00\x00\x00\x00\x00\x00\x00\x00\x00\x00\x00\x00\x00\x00\x00\x00\
\x00\x00\x00\x00\x00\x00\x00\x00\x00\x00\x00\x00\x01\xb5\x86n\
o\xbe\x86p\xfb\xa6bY\xfe\x89@C\x95\xb8\x9d\x85\
M\xdb\xc0\xa0\xb5\xbd\x98\x84\x94\xc6\x9d\x89\xb9\x80XQ\
\x1d\x00\x00\x00\x00\x00\x00\x00\x00\x00\x00\x00\x00\x00\x00\x00\
\x00\x00\x00\x00\x00\x00\x00\x00\x00\x00\x00\x00\x00\x00\x00\x00\
\x00\x00\x00\x00\x00\x00\x00\x00\x00\x00\x00\x00\x04\xc1\x97y\
y\xc8\x94y\xfe\xb0pb\xff\x92KJ\xb6\xd5\xbb\x9a\
\xa7\xe0\xc7\xa4\xc4\xb3\x8d|\x86\xca\xa1\x8d\xc9\x86ZV\
\x1e\x00\x00\x00\x00\x00\x00\x00\x00\x00\x00\x00\x00\x00\x00\x00\
\x00\x00\x00\x00\x00\x00\x00\x00\x00\x00\x00\x00\x00\x00\x00\x00\
\x00\x00\x00\x00\x00\x00\x00\x00\x00\x93q^\x1c\xd5\xb1\x8b\
\xb2\xce\x9f\x80\xf7\xb9}j\xff\x98RO\xd0\xbf\x8f|\
\xe4\xe0\xc6\xa4\xc5\x96pfV\xa9\x80sh`49\
\x0f\x00\x00\x00\x00\x00\x00\x00\x00\x00\x00\x00\x00\x00\x00\x00\
\x00\x00\x00\x00\x00\x00\x00\x00\x00\x00\x00\x00\x00\x00\x00\x00\
\x00\x00\x00\x00\x00\x00\x00\x00\x00\xd6\xbb\x91V\xd3\xb5\x8d\
\xa0\xce\xa2\x81\xdb\xc2\x8bs\xff\x97ZR\x9d\x98UT\
\xc6\xd1\xaf\x94\xc8\xb6\x94\x80v\xb4\x8d|a$\x00\x0a\
\x06\x00\x00\x00\x00\x00\x00\x00\x00\x00\x00\x00\x00\x00\x00\x00\
\x00\x00\x00\x00\x00\x00\x00\x00\x00\x00\x00\x00\x00\x00\x00\x00\
\x00\x00\x00\x00\x00\x00\x00\x00\x00\xe2\xca\x9bn\xd5\xba\x90\
\x97\xd3\xab\x87\xcd\xcb\x99|\xff\xacpa\xc9\x92ML\
\xc1\xa9|o\x91\xb5\x93\x80tzTO \x00\x00\x00\
\x01\x00\x00\x00\x00\x00\x00\x00\x00\x00\x00\x00\x00\x00\x00\x00\
\x00\x00\x00\x00\x00\x00\x00\x00\x00\x00\x00\x00\x00\x00\x00\x00\
\x00\x00\x00\x00\x00\x00\x00\x00\x00\xcd\xb3\x8b?\xef\xd7\xa4\
\xc7\xe7\xc5\x99\xef\xd4\xa6\x84\xff\xba\x7fl\xfe\xb6~n\
\xe3\xaa\x89vi\xcb\xa9\x91\xaf\xc0\x9b\x87c\x00\x00\x00\
\x00\x00\x00\x00\x00\x00\x00\x00\x00\x00\x00\x00\x00\x00\x00\x00\
\x00\x00\x00\x00\x00\x00\x00\x00\x00\x00\x00\x00\x00\x00\x00\x00\
\x00\x00\x00\x00\x00\x00\x00\x00\x00\x05\x00\x00\x05\xd7\xbd\x92\
Z\xeb\xce\x9e\xdd\xdc\xb2\x8c\xff\xbf\x89q\xdf\xb0\x87s\
\x88\xda\xc1\xa0\xb3\xdc\xbc\x9f\xe6\xbc\x97\x84`\x00\x00\x00\
\x00\x00\x00\x00\x00\x00\x00\x00\x00\x00\x00\x00\x00\x00\x00\x00\
\x00\x00\x00\x00\x00\x00\x00\x00\x00\x00\x00\x00\x00\x00\x00\x00\
\x00\x00\x00\x00\x00\x00\x00\x00\x00\x00\x00\x00\x00\x1f\x09\x0e\
\x0b\xd0\xb2\x8b}\xe3\xbe\x94\xfa\xc4\x94x\xc9\xd1\xb6\x95\
\xa6\xe3\xcb\xa7\xc9\xbc\x9a\x85\x86\x97rf3\x00\x00\x00\
\x00\x00\x00\x00\x00\x00\x00\x00\x00\x00\x00\x00\x00\x00\x00\x00\
\x00\x00\x00\x00\x00\x00\x00\x00\x00\x00\x00\x00\x00\x00\x00\x00\
\x00\x00\x00\x00\x00\x00\x00\x00\x00\x00\x00\x00\x00\xaf\x91t\
!\xf6\xde\xa9\xd3\xee\xce\x9f\xff\xd5\xa8\x85\xfd\xc8\xa0\x84\
\xbb\xc9\xaf\x92\x80\xbc\x9a\x85y\xac\x87w1\x00\x00\x00\
\x00\x00\x00\x00\x00\x00\x00\x00\x00\x00\x00\x00\x00\x00\x00\x00\
\x00\x00\x00\x00\x00\x00\x00\x00\x00\x00\x00\x00\x00\x00\x00\x00\
\x00\x00\x00\x00\x00\x00\x00\x00\x00\x00\x00\x00\x00\xa1\x82j\
\x1c\xf6\xe0\xaa\xc6\xf5\xda\xa7\xff\xde\xb6\x8f\xf9\xb2\x83l\
l\x89j_\x1e\x9axj\x1a3\x12\x1a\x04\x15\x00\x00\
\x00\x00\x00\x00\x00\x00\x00\x00\x00\x00\x00\x00\x00\x00\x00\x00\
\x00\x00\x00\x00\x00\x00\x00\x00\x00\x00\x00\x00\x00\x00\x00\x00\
\x00\x00\x00\x00\x00\x00\x00\x00\x00\x00\x00\x00\x00\x00\x00\x00\
\x03\xcc\xb3\x8b=\xe8\xce\x9e\x97\xd1\xad\x88s\x80UK\
\x15\x00\x00\x00\x00\x00\x00\x00\x00\x00\x00\x00\x00\x00\x00\x00\
\x00\x00\x00\x00\x00\x00\x00\x00\x00\x00\x00\x00\x00\x00\x00\x00\
\x00\x00\x00\x00\x00\x00\x00\x00\x00\x00\x00\x00\x00\x00\x00\x00\
\x00\x00\x00\x00\x00\x00\x00\x00\x00\x00\x00\x00\x002\x05\x13\
\x00\x05\x01\x02\x01\x0f\x00\x03\x06\x09\x00\x02\x03 \x04\x0d\
\x00]\x0c(\x00\x00\x00\x00\x00\x00\x00\x00\x00\x00\x00\x00\
\x00\x00\x00\x00\x00\x00\x00\x00\x00\x00\x00\x00\x00\x00\x00\x00\
\x00\x00\x00\x00\x00\xf8?\xf0\x00\xf80\xf0\x00\xf8\x00\xf0\
\x00\xf8\x00\xf0\x00\xf8\x00\xf0\x00\xf8\x00\xf0\x00\xf8\x00\xf0\
\x00\xf8\x00\xf0\x00\xf8\x01\xf0\x00\xf8\x01\xf0\x00\xf8\x01\xf0\
\x00\xf8\x01\xf0\x00\xf0\x01\xf0\x00\xf8\x01\xf0\x00\xf0\x01\xf0\
\x00\xfc\x01\xf0\x00\xfc\x03\xf0\x00\xfc\x01\xf0\x00\xfc\x1f\xf0\
\x00\xfc\x0f\xf0\x00(\x00\x00\x00\x18\x00\x00\x000\x00\x00\
\x00\x01\x00 \x00\x00\x00\x00\x00\x00\x09\x00\x00\x00\x00\x00\
\x00\x00\x00\x00\x00\x00\x00\x00\x00\x00\x00\x00\x00\x00\x00\x00\
\x00\x00\x00\x00\x00\x00\x00\x00\x00\x00\x00\x00\x00\x00\x00\x00\
\x00\x00\x00\x00\x003\x06\x15\x00,\x05\x12\x02#\x04\x0e\
\x01.\x05\x13\x02,\x05\x13\x012\x06\x15\x01\x00\x00\x00\
\x00\x00\x00\x00\x00\x00\x00\x00\x00\x00\x00\x00\x00\x00\x00\x00\
\x00\x00\x00\x00\x00\x00\x00\x00\x00\x00\x00\x00\x00\x00\x00\x00\
\x00\x00\x00\x00\x00\x00\x00\x00\x00\x00\x00\x00\x00\x00\x00\x00\
\x00\x00\x00\x00\x00\x00\x00\x00\x00\x00\x00\x00\x00\x00\x00\x00\
\x00\x00\x00\x00\x00\x00\x00\x00\x01s28&u29\
8F\x05\x1d\x1b[\x09&+)\x05\x11\x05\x00\x00\x00\
\x00\x00\x00\x00\x00\x00\x00\x00\x00\x00\x00\x00\x00\x00\x00\x00\
\x00\x00\x00\x00\x00\x00\x00\x00\x00\x00\x00\x00\x00\x00\x00\x00\
\x00\x00\x00\x00\x00\x00\x00\x00\x00\x00\x00\x00\x00\x00\x00\x00\
\x00\x00\x00\x00\x00\x00\x00\x00\x00\x00\x00\x00\x00\x00\x00\x00\
\x00\x00\x00\x00\x00\x00\x00\x00\x01\x7f=@M\x8cBE\
\xbeh\x17-vl\x0d-\xa6D\x06\x1c\x15\x1f\x05\x0d\
\x02,\x05\x12\x02\x1a\x02\x0a\x01(\x04\x11\x03\x0a\x01\x04\
\x01%\x04\x10\x024\x06\x16\x00\x00\x00\x00\x00\x00\x00\x00\
\x00\x00\x00\x00\x00\x00\x00\x00\x00\x00\x00\x00\x00\x00\x00\x00\
\x00\x00\x00\x00\x00\x00\x00\x00\x00\x00\x00\x00\x00\x00\x00\x00\
\x00\x00\x00\x00\x00\x00\x00\x00\x03\x90PLi\x97ML\
\xf1y(7\xbar\x130\xdeQ\x02\x1f0\xa7\x8bw\
%\x96vg2\xb3\x90~M\x87_X3\xac\x7fs\
\x5c\x90b](\x00\x00\x00\x01\x00\x00\x00\x00\x00\x00\x00\
\x00\x00\x00\x00\x00\x00\x00\x00\x00\x00\x00\x00\x00\x00\x00\x00\
\x00\x00\x00\x00\x00\x00\x00\x00\x00\x00\x00\x00\x00\x00\x00\x00\
\x00\x00\x00\x00\x00-\x05\x13\x0b\xa4eZ\xa1\x9eYS\
\xe4t)6\x95w\x1c4\xe4M\x00\x1b8\xc4\xab\x8e\
Z\xbf\xa2\x89\x89\xd7\xb6\x9b\xdd\xb0\x88y\x8c\xc5\x97\x86\
\xe9\xaa{p`\x00\x00\x00\x01\x00\x00\x00\x00\x00\x00\x00\
\x00\x00\x00\x00\x00\x00\x00\x00\x00\x00\x00\x00\x00\x00\x00\x00\
\x00\x00\x00\x00\x00\x00\x00\x00\x00\x00\x00\x00\x00\x00\x00\x00\
\x00\x00\x00\x00\x00j::\x19\xb2ve\xca\xa4cY\
\xd3o*4o}&8\xe5V\x07 B\xc1\xa7\x8b\
[\xd3\xb7\x99\xb8\xdd\xbd\xa0\xf6\xc0\x99\x86\xb8\xc5\x98\x87\
\xec\xa9zpb\x00\x00\x00\x02\x00\x00\x00\x00\x00\x00\x00\
\x00\x00\x00\x00\x00\x00\x00\x00\x00\x00\x00\x00\x00\x00\x00\x00\
\x00\x00\x00\x00\x00\x00\x00\x00\x00\x00\x00\x00\x00\x00\x00\x00\
\x00\x00\x00\x00\x00pA?\x1a\xb9\x81l\xcd\xaam_\
\xc8k+3\x5c\x830=\xe4^\x10&M\xc5\xac\x8f\
a\xe5\xcb\xa8\xe9\xd5\xb5\x9a\xd0\xc2\x9a\x87\xbe\xc8\x9c\x8a\
\xf6\xa9{pa\x00\x00\x00\x02\x00\x00\x00\x00\x00\x00\x00\
\x00\x00\x00\x00\x00\x00\x00\x00\x00\x00\x00\x00\x00\x00\x00\x00\
\x00\x00\x00\x00\x00\x00\x00\x00\x00\x00\x00\x00\x00\x00\x00\x00\
\x00\x00\x00\x00\x009\x0f\x1b\x0d\xb9\x84n\xaa\xb5yg\
\xeb~@At\x899A\xe6g\x1a,\x5c\xca\xb2\x93\
g\xec\xd2\xad\xfe\xc5\xa6\x8d\x8e\xb9\x90\x7f\x97\xcb\x9f\x8c\
\xfe\xaa{qa\x00\x00\x00\x02\x00\x00\x00\x00\x00\x00\x00\
\x00\x00\x00\x00\x00\x00\x00\x00\x00\x00\x00\x00\x00\x00\x00\x00\
\x00\x00\x00\x00\x00\x00\x00\x00\x00\x00\x00\x00\x00\x00\x00\x00\
\x00\x00\x00\x00\x00\x00\x00\x00\x05\xb4\x82l{\xbc\x83n\
\xfa\x93UO\x9c\x90CG\xecu)5q\xb5\x9b\x83\
E\xd8\xbd\x9d\xa0\x99xiF\x91j`K\xba\x8e\x7f\
\xa2\x9dog@\x00\x00\x00\x01\x00\x00\x00\x00\x00\x00\x00\
\x00\x00\x00\x00\x00\x00\x00\x00\x00\x00\x00\x00\x00\x00\x00\x00\
\x00\x00\x00\x00\x00\x00\x00\x00\x00\x00\x00\x00\x00\x00\x00\x00\
\x00\x00\x00\x00\x00\x00\x00\x00\x01\xa9yeP\xc2\x8cs\
\xf5\xaal_\xd8\x9aPO\xf9\x817>\x7f+\x0e\x17\
\x16\xb4\x95\x7f\x5c\xc2\xa1\x8a\x85\xb5\x8e}~\xa0uk\
^9\x0d\x1a\x0f,\x00\x10\x01\x00\x00\x00\x00\x00\x00\x00\
\x00\x00\x00\x00\x00\x00\x00\x00\x00\x00\x00\x00\x00\x00\x00\x00\
\x00\x00\x00\x00\x00\x00\x00\x00\x00\x00\x00\x00\x00\x00\x00\x00\
\x00\x00\x00\x00\x00\x00\x00\x00\x01\x8baR.\xc5\x92w\
\xe0\xb8|i\xff\xa3]W\xff\x83;@\x85\xb7\x9d\x84\
R\xe8\xd0\xab\xe2\xb4\x93\x7fx\xc7\xa0\x8b\xc2\xc5\x9b\x88\
\xb2=\x10\x1d\x0e\x00\x00\x00\x00\x00\x00\x00\x00\x00\x00\x00\
\x00\x00\x00\x00\x00\x00\x00\x00\x00\x00\x00\x00\x00\x00\x00\x00\
\x00\x00\x00\x00\x00\x00\x00\x00\x00\x00\x00\x00\x00\x00\x00\x00\
\x00\x00\x00\x00\x00\x00\x00\x00\x02\xad\x85lG\xcf\xa0\x80\
\xe9\xbf\x86p\xff\xabh]\xff\x8dFG\xaf\xce\xb2\x94\
\x99\xec\xd4\xae\xee\xa8\x86um\xca\xa4\x8e\xc9\xc4\x9a\x88\
\xac=\x10\x1d\x0e\x00\x00\x00\x00\x00\x00\x00\x00\x00\x00\x00\
\x00\x00\x00\x00\x00\x00\x00\x00\x00\x00\x00\x00\x00\x00\x00\x00\
\x00\x00\x00\x00\x00\x00\x00\x00\x00\x00\x00\x00\x00\x00\x00\x00\
\x00!\x00\x02\x00\x1f\x00\x0a\x0b\xd3\xb1\x8a\x91\xd5\xab\x87\
\xef\xc6\x91w\xff\xb2sd\xfc\x95NL\xd4\xb9\x87v\
\xdc\xea\xd1\xac\xee\xa8\x87ub\xa3|og\x9dsi\
R)\x00\x0d\x08\x00\x00\x00\x00\x00\x00\x00\x00\x00\x00\x00\
\x00\x00\x00\x00\x00\x00\x00\x00\x00\x00\x00\x00\x00\x00\x00\x00\
\x00\x00\x00\x00\x00\x00\x00\x00\x00\x00\x00\x00\x00\x00\x00\x00\
\x00\x00\x00\x00\x01\xb6\x98y2\xdd\xc0\x95\xaa\xc5\x9c}\
\xaf\xce\x9d\x7f\xff\xb9~k\xf9\x8aLI\x8a\x97QQ\
\xd6\xdb\xb9\x9b\xf2\xc1\xa3\x8bx\xaf\x88xu\xb1\x89y\
V\x00\x00\x00\x02\x00\x00\x00\x00\x00\x00\x00\x00\x00\x00\x00\
\x00\x00\x00\x00\x00\x00\x00\x00\x00\x00\x00\x00\x00\x00\x00\x00\
\x00\x00\x00\x00\x00\x00\x00\x00\x00\x00\x00\x00\x00\x00\x00\x00\
\x00\x00\x00\x00\x01\xd6\xbc\x92X\xe5\xcd\x9d\xb3\xbb\x95w\
\x8e\xd5\xa8\x86\xff\xc1\x89q\xff\x9cbW\x9a\x84<A\
\xaa\x9ef_\xa7\xbf\xa0\x89\x88\xae\x89yewML\
\x19\x00\x00\x00\x01\x00\x00\x00\x00\x00\x00\x00\x00\x00\x00\x00\
\x00\x00\x00\x00\x00\x00\x00\x00\x00\x00\x00\x00\x00\x00\x00\x00\
\x00\x00\x00\x00\x00\x00\x00\x00\x00\x00\x00\x00\x00\x00\x00\x00\
\x00\x00\x00\x00\x01\xd4\xba\x90R\xed\xd6\xa3\xc1\xca\xa8\x84\
\x9b\xdc\xb3\x8d\xfe\xc8\x94y\xff\xb0td\xe3\xa0]W\
\xe3\xb5\x89w\xa7\xbe\x9e\x88\x85\xba\x96\x83sZ/4\
\x12\x00\x00\x00\x00\x00\x00\x00\x00\x00\x00\x00\x00\x00\x00\x00\
\x00\x00\x00\x00\x00\x00\x00\x00\x00\x00\x00\x00\x00\x00\x00\x00\
\x00\x00\x00\x00\x00\x00\x00\x00\x00\x00\x00\x00\x00\x00\x00\x00\
\x00\x00\x00\x00\x01\x87eV\x19\xed\xd6\xa4\xa5\xf3\xd8\xa5\
\xf3\xe4\xbf\x94\xff\xcf\x9f\x80\xff\xbb\x80l\xff\xbb\x86s\
\xe7\xaa\x89ve\xb0\x8e|q\xd6\xb3\x99\xdf\xa6\x7fr\
:\x00\x00\x00\x00\x00\x00\x00\x00\x00\x00\x00\x00\x00\x00\x00\
\x00\x00\x00\x00\x00\x00\x00\x00\x00\x00\x00\x00\x00\x00\x00\x00\
\x00\x00\x00\x00\x00\x00\x00\x00\x00\x00\x00\x00\x00\x00\x00\x00\
\x00\xa8\x17K\x00\x00\x00\x00\x02\x9d\x82h%\xe9\xce\x9e\
\xaa\xe8\xc7\x9a\xf6\xd7\xab\x87\xff\xbb\x86o\xd6\x9ete\
s\xda\xc2\xa0\xae\xe3\xc7\xa6\xef\xd5\xb3\x98\xce\x91ia\
)\x00\x00\x00\x00\x00\x00\x00\x00\x00\x00\x00\x00\x00\x00\x00\
\x00\x00\x00\x00\x00\x00\x00\x00\x00\x00\x00\x00\x00\x00\x00\x00\
\x00\x00\x00\x00\x00\x00\x00\x00\x00\x00\x00\x00\x00\x00\x00\x00\
\x00\x00\x00\x00\x00\xcc\x17W\x00\x00\x00\x00\x04\x82eS\
-\xdd\xbd\x93\xbc\xde\xb6\x8f\xff\xbc\x8br\xb6\xc7\xab\x8d\
\x8e\xed\xd7\xaf\xe8\xce\xb0\x94\xa2\xab\x87wiZ25\
\x14\x00\x00\x00\x00\x00\x00\x00\x00\x00\x00\x00\x00\x00\x00\x00\
\x00\x00\x00\x00\x00\x00\x00\x00\x00\x00\x00\x00\x00\x00\x00\x00\
\x00\x00\x00\x00\x00\x00\x00\x00\x00\x00\x00\x00\x00\x00\x00\x00\
\x00\x00\x00\x00\x00\x00\x00\x00\x00\x00\x00\x00\x05\xe1\xc8\x9a\
t\xf5\xdb\xa7\xf8\xe6\xc2\x96\xff\xd0\xa1\x81\xfa\xcb\xa3\x86\
\xc5\xda\xc3\xa0\xa7\xa1~o`\xc5\xa2\x8c\x8d\x82ZU\
\x18\x00\x00\x00\x00\x00\x00\x00\x00\x00\x00\x00\x00\x00\x00\x00\
\x00\x00\x00\x00\x00\x00\x00\x00\x00\x00\x00\x00\x00\x00\x00\x00\
\x00\x00\x00\x00\x00\x00\x00\x00\x00\x00\x00\x00\x00\x00\x00\x00\
\x00\x00\x00\x00\x00\x00\x00\x00\x00\x00\x00\x00\x08\xed\xd6\xa3\
\x97\xfc\xe5\xae\xff\xed\xcd\x9e\xff\xd9\xae\x89\xff\xb8\x87p\
\x9d\xae\x91|I\xc1\xa2\x8aX\xa5\x81r/\x18\x00\x01\
\x05*\x00\x0b\x00\x00\x00\x00\x00\x00\x00\x00\x00\x00\x00\x00\
\x00\x00\x00\x00\x00\x00\x00\x00\x00\x00\x00\x00\x00\x00\x00\x00\
\x00\x00\x00\x00\x00\x00\x00\x00\x00\x00\x00\x00\x00\x00\x00\x00\
\x00\x00\x00\x00\x00\x00\x00\x00\x00\x00\x00\x00\x03\xcc\xb2\x8a\
H\xf8\xe2\xac\xdd\xf3\xd6\xa4\xff\xdc\xb5\x8e\xdf\xaa}g\
K\x00\x00\x00\x04\x00\x00\x00\x02\x0f\x01\x06\x01.\x05\x13\
\x00\x00\x00\x00\x00\x00\x00\x00\x00\x00\x00\x00\x00\x00\x00\x00\
\x00\x00\x00\x00\x00\x00\x00\x00\x00\x00\x00\x00\x00\x00\x00\x00\
\x00\x00\x00\x00\x00\x00\x00\x00\x00\x00\x00\x00\x00\x00\x00\x00\
\x00\x00\x00\x00\x00\x00\x00\x00\x00\x1c\x00\x03\x01*\x0f\x14\
\x08\xc0\xa5\x819\xd6\xb9\x8fd\xb0\x8cq8/\x0e\x16\
\x08\x1b\x00\x04\x01\x00\x00\x00\x00\x00\x00\x00\x00\x00\x00\x00\
\x00\x00\x00\x00\x00\x00\x00\x00\x00\x00\x00\x00\x00\x00\x00\x00\
\x00\x00\x00\x00\x00\x00\x00\x00\x00\x00\x00\x00\x00\x00\x00\x00\
\x00\x00\x00\x00\x00\x00\x00\x00\x00\x00\x00\x00\x00\x00\x00\x00\
\x00\x00\x00\x00\x00\x00\x00\x00\x00\x00\x00\x00\x00\x22\x03\x0d\
\x00\x06\x00\x02\x01\x00\x00\x00\x01\x05\x00\x02\x01\x22\x03\x0d\
\x00\x00\x00\x00\x00\x00\x00\x00\x00\x00\x00\x00\x00\x00\x00\x00\
\x00\x00\x00\x00\x00\x00\x00\x00\x00\x00\x00\x00\x00\x00\x00\x00\
\x00\x00\x00\x00\x00\x00\x00\x00\x00\x00\x00\x00\x00\xfc\x0f\xff\
\x00\xfc\x0f\xff\x00\xfc\x00\x1f\x00\xfc\x00\x1f\x00\xfc\x00\x1f\
\x00\xf8\x00\x1f\x00\xfc\x00\x1f\x00\xf8\x00\x1f\x00\xfc\x00\x1f\
\x00\xfc\x00\x1f\x00\xfc\x00?\x00\xfc\x00?\x00\xf8\x00?\
\x00\xf8\x00?\x00\xf8\x00?\x00\xf8\x00?\x00\xf8\x00\x7f\
\x00\xf8\x00?\x00\xfc\x00?\x00\xfe\x00\x7f\x00\xfe\x00?\
\x00\xfe\x00\x7f\x00\xfe\x03\xff\x00\xff\x07\xff\x00(\x00\x00\
\x00 \x00\x00\x00@\x00\x00\x00\x01\x00 \x00\x00\x00\x00\
\x00\x00\x10\x00\x00\x00\x00\x00\x00\x00\x00\x00\x00\x00\x00\x00\
\x00\x00\x00\x00\x00\x00\x00\x00\x00\x00\x00\x00\x00\x00\x00\x00\
\x00\x00\x00\x00\x00\x00\x00\x00\x00\x00\x00\x00\x00\x00\x00\x00\
\x00\x00\x00\x00\x003\x06\x15\x001\x06\x14\x01$\x02\x0d\
\x02-\x04\x12\x012\x06\x15\x01/\x06\x14\x011\x06\x15\
\x012\x06\x15\x00\x00\x00\x00\x00\x00\x00\x00\x00\x00\x00\x00\
\x00\x00\x00\x00\x00\x00\x00\x00\x00\x00\x00\x00\x00\x00\x00\x00\
\x00\x00\x00\x00\x00\x00\x00\x00\x00\x00\x00\x00\x00\x00\x00\x00\
\x00\x00\x00\x00\x00\x00\x00\x00\x00\x00\x00\x00\x00\x00\x00\x00\
\x00\x00\x00\x00\x00\x00\x00\x00\x00\x00\x00\x00\x00\x00\x00\x00\
\x00\x00\x00\x00\x00\x00\x00\x00\x00\x00\x00\x00\x00\x00\x00\x00\
\x00\x00\x00\x00\x000\x05\x14\x016\x09\x17\x06H\x15!\
\x110\x08\x14\x0c/\x05\x14\x08-\x05\x13\x0a0\x06\x14\
\x073\x06\x15\x02\x00\x00\x00\x00\x00\x00\x00\x00\x00\x00\x00\
\x00\x00\x00\x00\x00\x00\x00\x00\x00\x00\x00\x00\x00\x00\x00\x00\
\x00\x00\x00\x00\x00\x00\x00\x00\x00\x00\x00\x00\x00\x00\x00\x00\
\x00\x00\x00\x00\x00\x00\x00\x00\x00\x00\x00\x00\x00\x00\x00\x00\
\x00\x00\x00\x00\x00\x00\x00\x00\x00\x00\x00\x00\x00\x00\x00\x00\
\x00\x00\x00\x00\x00\x00\x00\x00\x00\x00\x00\x00\x00\x00\x00\x00\
\x00\x00\x00\x00\x00+\x01\x11\x018\x0b\x19\x0e\x89AD\
||5<d5\x03\x15 g\x0b+uW\x08$\
.\x1a\x04\x0b\x042\x06\x15\x00\x00\x00\x00\x00\x00\x00\x00\
\x00\x00\x00\x00\x00\x00\x00\x00\x00\x00\x00\x00\x00\x00\x00\x00\
\x00\x00\x00\x00\x00\x00\x00\x00\x00\x00\x00\x00\x00\x00\x00\x00\
\x00\x00\x00\x00\x00\x00\x00\x00\x00\x00\x00\x00\x00\x00\x00\x00\
\x00\x00\x00\x00\x00\x00\x00\x00\x00\x00\x00\x00\x00\x00\x00\x00\
\x00\x00\x00\x00\x00\x00\x00\x00\x00\x00\x00\x00\x00\x00\x00\x00\
\x00\x00\x00\x00\x002\x06\x15\x02\x1d\x00\x0a\x0f\x8dFG\
\x97\x8d@E\xd5_\x1a*^p\x10/\xdcd\x0a)\
n!\x05\x0e\x0b+\x05\x12\x03 \x04\x0e\x03'\x05\x10\
\x04\x0b\x01\x04\x03+\x05\x12\x04\x0c\x02\x05\x04\x04\x00\x01\
\x03)\x05\x10\x025\x06\x17\x00\x00\x00\x00\x00\x00\x00\x00\
\x00\x00\x00\x00\x00\x00\x00\x00\x00\x00\x00\x00\x00\x00\x00\x00\
\x00\x00\x00\x00\x00\x00\x00\x00\x00\x00\x00\x00\x00\x00\x00\x00\
\x00\x00\x00\x00\x00\x00\x00\x00\x00\x00\x00\x00\x00\x00\x00\x00\
\x00\x00\x00\x00\x00&\x00\x0e\x03E\x17!\x18\x99TP\
\xb7\x94HJ\xfey,8\xacu\x182\xf3l\x0c-\
\xac/\x01\x12\x14sNJ\x15\x93qd&gA@\
 \x9dxk5T*0\x1d\x8c`[4\x92e_\
8^17\x12\x1b\x00\x04\x02\x00\x00\x00\x00\x00\x00\x00\
\x00\x00\x00\x00\x00\x00\x00\x00\x00\x00\x00\x00\x00\x00\x00\x00\
\x00\x00\x00\x00\x00\x00\x00\x00\x00\x00\x00\x00\x00\x00\x00\x00\
\x00\x00\x00\x00\x00\x00\x00\x00\x00\x00\x00\x00\x00\x00\x00\x00\
\x00\x00\x00\x00\x00\x00\x00\x00\x04yC@4\xa5bY\
\xe2\x98PN\xecq*5\x88z 5\xf5n\x10.\
\xb3#\x00\x07\x19\xaf\x92|=\xcd\xb2\x95\x87\xb1\x8f|\
r\xd8\xb7\x9b\xdb\x94lc\x5c\xbf\x94\x83\xbe\xc2\x94\x84\
\xd9\x8b\x5cY5\x00\x00\x00\x03\x00\x00\x00\x00\x00\x00\x00\
\x00\x00\x00\x00\x00\x00\x00\x00\x00\x00\x00\x00\x00\x00\x00\x00\
\x00\x00\x00\x00\x00\x00\x00\x00\x00\x00\x00\x00\x00\x00\x00\x00\
\x00\x00\x00\x00\x00\x00\x00\x00\x00\x00\x00\x00\x00\x00\x00\x00\
\x002\x06\x15\x00\x00\x00\x00\x06\x99`V]\xaem`\
\xfb\x9cWR\xd9c$/_~'8\xebs\x181\
\xbf*\x00\x0b\x1e\xad\x90{E\xcd\xb2\x94\x9a\xca\xab\x91\
\xae\xde\xbd\xa0\xff\xb0\x8az\x91\xc0\x95\x84\xcf\xc5\x96\x86\
\xec\x8a[X;\x00\x00\x00\x04\x00\x00\x00\x00\x00\x00\x00\
\x00\x00\x00\x00\x00\x00\x00\x00\x00\x00\x00\x00\x00\x00\x00\x00\
\x00\x00\x00\x00\x00\x00\x00\x00\x00\x00\x00\x00\x00\x00\x00\x00\
\x00\x00\x00\x00\x00\x00\x00\x00\x00\x00\x00\x00\x00\x00\x00\x00\
\x002\x06\x15\x01\x00\x00\x00\x09\xaasb\x80\xb4wf\
\xff\xa0^V\xc7V\x1d(F\x81.;\xdcx\x1f4\
\xca5\x00\x10#\xaa\x8dxE\xd3\xb9\x9a\xaa\xdb\xbe\x9f\
\xda\xde\xbd\xa0\xfd\xc2\x9d\x88\xbb\xc2\x96\x85\xd4\xc5\x96\x86\
\xeb\x8a[X;\x00\x00\x00\x04\x00\x00\x00\x00\x00\x00\x00\
\x00\x00\x00\x00\x00\x00\x00\x00\x00\x00\x00\x00\x00\x00\x00\x00\
\x00\x00\x00\x00\x00\x00\x00\x00\x00\x00\x00\x00\x00\x00\x00\x00\
\x00\x00\x00\x00\x00\x00\x00\x00\x00\x00\x00\x00\x00\x00\x00\x00\
\x002\x06\x15\x01\x00\x00\x00\x0a\xb0{g\x85\xba\x7fk\
\xff\xa2dY\xb4F\x13\x1f7\x855?\xd0}'8\
\xd5>\x00\x16)\xa6\x89uC\xe1\xc8\xa5\xca\xe5\xc9\xa7\
\xf8\xd1\xb0\x96\xcb\xc1\x9a\x86\xb8\xc8\x9d\x8a\xe7\xc5\x97\x86\
\xea\x8a\x5cX;\x00\x00\x00\x04\x00\x00\x00\x00\x00\x00\x00\
\x00\x00\x00\x00\x00\x00\x00\x00\x00\x00\x00\x00\x00\x00\x00\x00\
\x00\x00\x00\x00\x00\x00\x00\x00\x00\x00\x00\x00\x00\x00\x00\x00\
\x00\x00\x00\x00\x00\x00\x00\x00\x00\x00\x00\x00\x00\x00\x00\x00\
\x002\x06\x15\x00\x00\x00\x00\x07\xa8uce\xbe\x86p\
\xfd\xacoa\xd7`+0H\x88;A\xc7\x82/<\
\xdfI\x08\x1c1\xa4\x86sC\xeb\xd3\xad\xe9\xe8\xcc\xaa\
\xff\xbb\x9a\x85\x8c\xb5\x8d|\x94\xce\xa4\x8f\xfe\xc5\x97\x86\
\xe9\x8a\x5cX;\x00\x00\x00\x04\x00\x00\x00\x00\x00\x00\x00\
\x00\x00\x00\x00\x00\x00\x00\x00\x00\x00\x00\x00\x00\x00\x00\x00\
\x00\x00\x00\x00\x00\x00\x00\x00\x00\x00\x00\x00\x00\x00\x00\x00\
\x00\x00\x00\x00\x00\x00\x00\x00\x00\x00\x00\x00\x00\x00\x00\x00\
\x002\x06\x15\x00\x00\x00\x00\x05\x93cV?\xc1\x8bs\
\xeb\xb5yg\xf8\x80GDo\x8bAE\xc5\x887@\
\xecX\x13$?\xa5\x88tB\xed\xd5\xaf\xed\xe7\xcb\xa9\
\xf3\x9f}nS\x9fvk^\xce\xa4\x8f\xf8\xc6\x98\x87\
\xe9\x8d^Z:\x00\x00\x00\x04\x00\x00\x00\x00\x00\x00\x00\
\x00\x00\x00\x00\x00\x00\x00\x00\x00\x00\x00\x00\x00\x00\x00\x00\
\x00\x00\x00\x00\x00\x00\x00\x00\x00\x00\x00\x00\x00\x00\x00\x00\
\x00\x00\x00\x00\x00\x00\x00\x00\x00\x00\x00\x00\x00\x00\x00\x00\
\x00\x00\x00\x00\x00\x0a\x00\x00\x03n@=#\xc1\x8dt\
\xce\xbc\x81m\xff\x94YQ\x96\x91JJ\xcc\x8e>E\
\xf6h!.O\x84f[)\xd2\xb8\x99\x82\xc4\xa7\x8d\
}Q60(\x5c<7,\xb1\x86x\x82\xb0\x82v\
\x81zLL#\x00\x00\x00\x03\x00\x00\x00\x00\x00\x00\x00\
\x00\x00\x00\x00\x00\x00\x00\x00\x00\x00\x00\x00\x00\x00\x00\x00\
\x00\x00\x00\x00\x00\x00\x00\x00\x00\x00\x00\x00\x00\x00\x00\x00\
\x00\x00\x00\x00\x00\x00\x00\x00\x00\x00\x00\x00\x00\x00\x00\x00\
\x00\x00\x00\x00\x00*\x00\x10\x022\x08\x16\x12\xbe\x8ds\
\xa7\xc1\x8ar\xff\xa9l_\xcb\x9cWR\xe2\x93FI\
\xfas,6Z\x0f\x00\x02\x11F**\x22\xa8\x87v\
\x5c\xbe\x9c\x86{\xab\x85vh\x8fe^UnGD\
.\x16\x00\x00\x096\x07\x18\x01\x00\x00\x00\x00\x00\x00\x00\
\x00\x00\x00\x00\x00\x00\x00\x00\x00\x00\x00\x00\x00\x00\x00\x00\
\x00\x00\x00\x00\x00\x00\x00\x00\x00\x00\x00\x00\x00\x00\x00\x00\
\x00\x00\x00\x00\x00\x00\x00\x00\x00\x00\x00\x00\x00\x00\x00\x00\
\x00\x00\x00\x00\x003\x06\x15\x01\x00\x00\x00\x0a\xb6\x87o\
|\xc6\x91w\xff\xb7{h\xfc\xa8d[\xfd\x98NM\
\xfbx29cA &\x1d\xda\xc1\x9f\x94\xe4\xca\xa7\
\xe5\xba\x98\x83\x86\xca\xa4\x8e\xc1\xce\xa4\x8f\xee\xa7{p\
W\x00\x00\x00\x052\x06\x15\x00\x00\x00\x00\x00\x00\x00\x00\
\x00\x00\x00\x00\x00\x00\x00\x00\x00\x00\x00\x00\x00\x00\x00\x00\
\x00\x00\x00\x00\x00\x00\x00\x00\x00\x00\x00\x00\x00\x00\x00\x00\
\x00\x00\x00\x00\x00\x00\x00\x00\x00\x00\x00\x00\x00\x00\x00\x00\
\x00\x00\x00\x00\x006\x08\x18\x01\x00\x00\x00\x09\xa3xb\
Y\xca\x97{\xf7\xbd\x83n\xff\xaem`\xff\x9eVR\
\xfbu18h\xa5\x8auN\xef\xd8\xb0\xf0\xe0\xc6\xa4\
\xd1C'%5\xbf\x9b\x85\xa2\xd0\xa8\x92\xfc\xa6zo\
Z\x00\x00\x00\x062\x06\x15\x00\x00\x00\x00\x00\x00\x00\x00\
\x00\x00\x00\x00\x00\x00\x00\x00\x00\x00\x00\x00\x00\x00\x00\x00\
\x00\x00\x00\x00\x00\x00\x00\x00\x00\x00\x00\x00\x00\x00\x00\x00\
\x00\x00\x00\x00\x00\x00\x00\x00\x00\x00\x00\x00\x00\x00\x00\x00\
\x00\x00\x00\x00\x00\x1d\x00\x06\x02H\x22&\x15\xc9\xa0\x80\
\x96\xd1\xa2\x82\xfe\xc2\x8bs\xff\xb3ue\xff\xa4_W\
\xff\x88@C\xa7\xb8\x99\x81\x7f\xf2\xdc\xb3\xff\xdd\xc2\xa1\
\xc5\x99thc\xcd\xa8\x91\xca\xd0\xa7\x91\xf6\xa7|p\
W\x00\x00\x00\x052\x06\x15\x00\x00\x00\x00\x00\x00\x00\x00\
\x00\x00\x00\x00\x00\x00\x00\x00\x00\x00\x00\x00\x00\x00\x00\x00\
\x00\x00\x00\x00\x00\x00\x00\x00\x00\x00\x00\x00\x00\x00\x00\x00\
\x00\x00\x00\x00\x00\x00\x00\x00\x00\x00\x00\x00\x00\x00\x00\x00\
\x005\x08\x17\x00\x00\x00\x00\x05\xa6\x83j<\xdf\xbb\x92\
\xdf\xd5\xa9\x86\xfa\xc8\x93x\xff\xb9}j\xff\xa9g\x5c\
\xfa\x94JJ\xe2\xaexl\xc9\xf0\xd9\xb1\xfe\xde\xc4\xa3\
\xc6\x8fj`S\xa9\x83tl\xa3ynkxML\
+\x0d\x00\x00\x052\x06\x15\x00\x00\x00\x00\x00\x00\x00\x00\
\x00\x00\x00\x00\x00\x00\x00\x00\x00\x00\x00\x00\x00\x00\x00\x00\
\x00\x00\x00\x00\x00\x00\x00\x00\x00\x00\x00\x00\x00\x00\x00\x00\
\x00\x00\x00\x00\x00\x00\x00\x00\x00\x00\x00\x00\x00\x00\x00\x00\
\x00-\x01\x11\x01\x03\x00\x00\x0c\xd1\xb3\x8bu\xd0\xaf\x89\
\xab\xcc\xa1\x81\xcd\xce\x9d~\xff\xbe\x85o\xff\xacm`\
\xe4|<>\x81\x94JL\xef\xd4\xad\x93\xff\xe5\xcd\xa9\
\xd5X@91lQH:\xba\x92\x81\x8dd;<\
\x1d\x16\x00\x00\x03\x00\x00\x00\x00\x00\x00\x00\x00\x00\x00\x00\
\x00\x00\x00\x00\x00\x00\x00\x00\x00\x00\x00\x00\x00\x00\x00\x00\
\x00\x00\x00\x00\x00\x00\x00\x00\x00\x00\x00\x00\x00\x00\x00\x00\
\x00\x00\x00\x00\x00\x00\x00\x00\x00\x00\x00\x00\x00\x00\x00\x00\
\x00\x00\x00\x00\x03\x8ahX#\xf1\xd9\xa6\xca\xc4\xa6\x82\
\x89\xc7\x9e~\xb1\xd4\xa5\x84\xff\xc3\x8dt\xff\xb3ve\
\xees<<`\x85:@\xb1\xb1yn\xe8\xe5\xcb\xa8\
\xe1\xc7\xa7\x8f\x91\xbf\x99\x85\x92\xc1\x99\x86\x88C\x17\x22\
\x11\x1e\x00\x05\x02\x00\x00\x00\x00\x00\x00\x00\x00\x00\x00\x00\
\x00\x00\x00\x00\x00\x00\x00\x00\x00\x00\x00\x00\x00\x00\x00\x00\
\x00\x00\x00\x00\x00\x00\x00\x00\x00\x00\x00\x00\x00\x00\x00\x00\
\x00\x00\x00\x00\x00\x00\x00\x00\x00\x00\x00\x00\x00\x00\x00\x00\
\x00\x00\x00\x00\x04\xa1\x82j1\xf6\xe0\xaa\xda\xb5\x97x\
o\xc5\x9e~\x9d\xd9\xae\x8a\xff\xc9\x96z\xff\xba\x7fk\
\xfe\x90WO\x84\x81<@\x95\x88<B\xcb\x8fi_\
c\xb2\x90}z\xa4\x7fq^b<<\x1f\x1b\x00\x04\
\x065\x07\x17\x00\x00\x00\x00\x00\x00\x00\x00\x00\x00\x00\x00\
\x00\x00\x00\x00\x00\x00\x00\x00\x00\x00\x00\x00\x00\x00\x00\x00\
\x00\x00\x00\x00\x00\x00\x00\x00\x00\x00\x00\x00\x00\x00\x00\x00\
\x00\x00\x00\x00\x00\x00\x00\x00\x00\x00\x00\x00\x00\x00\x00\x00\
\x00\x00\x00\x00\x03\xa6\x88n1\xf8\xe2\xac\xdb\xc4\xa8\x84\
~\xc4\xa0\x7f\x97\xdf\xb6\x8f\xff\xcf\x9e\x7f\xff\xc0\x87p\
\xff\xaam_\xd0\x98RO\xd7\xa9md\xdd\xc5\xa8\x8e\
\x90\xc4\xa4\x8c\x95\xb3\x8f}mR+/\x1a\x22\x00\x08\
\x042\x06\x15\x00\x00\x00\x00\x00\x00\x00\x00\x00\x00\x00\x00\
\x00\x00\x00\x00\x00\x00\x00\x00\x00\x00\x00\x00\x00\x00\x00\x00\
\x00\x00\x00\x00\x00\x00\x00\x00\x00\x00\x00\x00\x00\x00\x00\x00\
\x00\x00\x00\x00\x00\x00\x00\x00\x00\x00\x00\x00\x00\x00\x00\x00\
\x00\x0d\x00\x00\x02]66\x16\xec\xd5\xa3\xa0\xf7\xe0\xaa\
\xe8\xe6\xc8\x9a\xd8\xe4\xbf\x94\xff\xd4\xa7\x85\xff\xc5\x8fv\
\xff\xb6yg\xfe\xafob\xff\xc8\xa1\x87\xbf\x82`X\
D\xa8\x85uk\xd8\xb5\x9a\xe9\xb7\x91\x80d\x00\x00\x00\
\x072\x06\x15\x00\x00\x00\x00\x00\x00\x00\x00\x00\x00\x00\x00\
\x00\x00\x00\x00\x00\x00\x00\x00\x00\x00\x00\x00\x00\x00\x00\x00\
\x00\x00\x00\x00\x00\x00\x00\x00\x00\x00\x00\x00\x00\x00\x00\x00\
\x00\x00\x00\x00\x00\x00\x00\x00\x00\x00\x00\x00\x00\x00\x00\x00\
\x009\x07\x19\x01\x00\x00\x00\x06\x92v`+\xf1\xd9\xa6\
\xb9\xf7\xdd\xa8\xff\xe9\xc7\x9a\xff\xda\xaf\x8a\xff\xca\x98{\
\xff\xbb\x80l\xfe\xb7\x83p\xd0\xc2\xa7\x8a\x81\x8ela\
O\xce\xae\x94\xa8\xdc\xba\x9e\xfe\xc3\x9d\x89\x89\x00\x00\x00\
\x092\x06\x15\x01\x00\x00\x00\x00\x00\x00\x00\x00\x00\x00\x00\
\x00\x00\x00\x00\x00\x00\x00\x00\x00\x00\x00\x00\x00\x00\x00\x00\
\x00\x00\x00\x00\x00\x00\x00\x00\x00\x00\x00\x00\x00\x00\x00\x00\
\x00\x00\x00\x00\x00\x00\x00\x00\x00\x00\x00\x00\x00\x00\x00\x00\
\x00\x00\x00\x00\x009\x07\x18\x01\x00\x00\x00\x08\x9a~e\
0\xe9\xce\x9e\xb1\xec\xcd\x9e\xf8\xdf\xb8\x90\xff\xd0\xa0\x80\
\xff\xb6\x80k\xc6pA?Q\xce\xb5\x96\x94\xe9\xd0\xab\
\xec\xe6\xc9\xa8\xff\xd9\xb7\x9c\xe6\xa9\x82tO\x00\x00\x00\
\x072\x06\x15\x00\x00\x00\x00\x00\x00\x00\x00\x00\x00\x00\x00\
\x00\x00\x00\x00\x00\x00\x00\x00\x00\x00\x00\x00\x00\x00\x00\x00\
\x00\x00\x00\x00\x00\x00\x00\x00\x00\x00\x00\x00\x00\x00\x00\x00\
\x00\x00\x00\x00\x00\x00\x00\x00\x00\x00\x00\x00\x00\x00\x00\x00\
\x00\x00\x00\x00\x004\x09\x17\x009\x07\x18\x02\x0a\x00\x00\
\x0a`>9+\xcf\xae\x89\x9a\xe4\xbf\x95\xfb\xd5\xa8\x86\
\xfb\xa8wd\x8f\xa0\x82oa\xf2\xdd\xb3\xf0\xeb\xd3\xad\
\xee\xd3\xb5\x99\xb5\xa7\x83tkQ(. %\x00\x0a\
\x062\x06\x15\x00\x00\x00\x00\x00\x00\x00\x00\x00\x00\x00\x00\
\x00\x00\x00\x00\x00\x00\x00\x00\x00\x00\x00\x00\x00\x00\x00\x00\
\x00\x00\x00\x00\x00\x00\x00\x00\x00\x00\x00\x00\x00\x00\x00\x00\
\x00\x00\x00\x00\x00\x00\x00\x00\x00\x00\x00\x00\x00\x00\x00\x00\
\x00\x00\x00\x00\x00\x00\x00\x00\x001\x04\x14\x01\x06\x00\x00\
\x0a\xc9\xae\x88[\xf1\xd6\xa4\xe1\xea\xc9\x9b\xff\xdb\xb2\x8c\
\xff\xc9\x97z\xf0\xc1\x99\x7f\xab\xf0\xdc\xb1\xe7\xb1\x93}\
l>\x14\x1f3\xc2\x9f\x89\x9a\xad\x88xH\x00\x00\x00\
\x042\x06\x15\x00\x00\x00\x00\x00\x00\x00\x00\x00\x00\x00\x00\
\x00\x00\x00\x00\x00\x00\x00\x00\x00\x00\x00\x00\x00\x00\x00\x00\
\x00\x00\x00\x00\x00\x00\x00\x00\x00\x00\x00\x00\x00\x00\x00\x00\
\x00\x00\x00\x00\x00\x00\x00\x00\x00\x00\x00\x00\x00\x00\x00\x00\
\x00\x00\x00\x00\x00\x00\x00\x00\x00\x0b\x00\x00\x02_87\
\x17\xf3\xdd\xa8\xb9\xfc\xe4\xad\xff\xef\xd1\xa0\xff\xe1\xba\x92\
\xff\xd2\xa2\x82\xff\xbc\x8ar\xc6\xd6\xbe\x9c\xa1\xd0\xb6\x97\
\x93\xc6\xa7\x8e\x8c\xcd\xab\x93\x9c\x88`Z%\x00\x00\x00\
\x03\x00\x00\x00\x00\x00\x00\x00\x00\x00\x00\x00\x00\x00\x00\x00\
\x00\x00\x00\x00\x00\x00\x00\x00\x00\x00\x00\x00\x00\x00\x00\x00\
\x00\x00\x00\x00\x00\x00\x00\x00\x00\x00\x00\x00\x00\x00\x00\x00\
\x00\x00\x00\x00\x00\x00\x00\x00\x00\x00\x00\x00\x00\x00\x00\x00\
\x00\x00\x00\x00\x00\x00\x00\x00\x00\x0c\x00\x00\x02`98\
\x17\xf3\xdd\xa8\xba\xfe\xe8\xb0\xff\xf4\xd9\xa6\xff\xe6\xc3\x97\
\xff\xd7\xab\x88\xff\xbe\x8ds\xb8W12+\xab\x8cx\
<\xae\x8dz?wTN\x1d\x18\x00\x04\x077\x07\x17\
\x01\x00\x00\x00\x00\x00\x00\x00\x00\x00\x00\x00\x00\x00\x00\x00\
\x00\x00\x00\x00\x00\x00\x00\x00\x00\x00\x00\x00\x00\x00\x00\x00\
\x00\x00\x00\x00\x00\x00\x00\x00\x00\x00\x00\x00\x00\x00\x00\x00\
\x00\x00\x00\x00\x00\x00\x00\x00\x00\x00\x00\x00\x00\x00\x00\x00\
\x00\x00\x00\x00\x00\x00\x00\x00\x000\x04\x14\x01\x00\x00\x00\
\x0a\xd7\xbd\x92f\xfc\xe7\xaf\xf1\xf9\xe0\xab\xff\xec\xcc\x9d\
\xff\xdb\xb2\x8c\xf3\xb3\x85nk\x07\x00\x00\x0c\x04\x00\x00\
\x04\x00\x00\x00\x04\x15\x01\x07\x034\x06\x15\x012\x06\x15\
\x00\x00\x00\x00\x00\x00\x00\x00\x00\x00\x00\x00\x00\x00\x00\x00\
\x00\x00\x00\x00\x00\x00\x00\x00\x00\x00\x00\x00\x00\x00\x00\x00\
\x00\x00\x00\x00\x00\x00\x00\x00\x00\x00\x00\x00\x00\x00\x00\x00\
\x00\x00\x00\x00\x00\x00\x00\x00\x00\x00\x00\x00\x00\x00\x00\x00\
\x00\x00\x00\x00\x00\x00\x00\x00\x003\x07\x16\x00\x1e\x00\x06\
\x04L.,\x13\xd6\xbd\x92f\xef\xd6\xa4\xb9\xe4\xc5\x98\
\xb7\xc0\x9a{gO)*\x15 \x00\x08\x043\x06\x16\
\x00\x00\x00\x00\x00\x00\x00\x00\x00\x00\x00\x00\x00\x00\x00\x00\
\x00\x00\x00\x00\x00\x00\x00\x00\x00\x00\x00\x00\x00\x00\x00\x00\
\x00\x00\x00\x00\x00\x00\x00\x00\x00\x00\x00\x00\x00\x00\x00\x00\
\x00\x00\x00\x00\x00\x00\x00\x00\x00\x00\x00\x00\x00\x00\x00\x00\
\x00\x00\x00\x00\x00\x00\x00\x00\x00\x00\x00\x00\x00\x00\x00\x00\
\x00\x00\x00\x00\x00\x00\x00\x00\x00\x00\x00\x00\x009\x07\x18\
\x00$\x03\x0e\x04\x0f\x02\x05\x0aZ64\x16U/0\
\x16\x0b\x00\x03\x09$\x03\x0e\x048\x07\x18\x01\x00\x00\x00\
\x00\x00\x00\x00\x00\x00\x00\x00\x00\x00\x00\x00\x00\x00\x00\x00\
\x00\x00\x00\x00\x00\x00\x00\x00\x00\x00\x00\x00\x00\x00\x00\x00\
\x00\x00\x00\x00\x00\x00\x00\x00\x00\x00\x00\x00\x00\x00\x00\x00\
\x00\x00\x00\x00\x00\x00\x00\x00\x00\x00\x00\x00\x00\x00\x00\x00\
\x00\x00\x00\x00\x00\x00\x00\x00\x00\x00\x00\x00\x00\x00\x00\x00\
\x00\x00\x00\x00\x00\x00\x00\x00\x00\x00\x00\x00\x00\x00\x00\x00\
\x003\x07\x16\x000\x05\x13\x01\x12\x01\x04\x02\x16\x01\x06\
\x021\x05\x14\x013\x07\x15\x00\x00\x00\x00\x00\x00\x00\x00\
\x00\x00\x00\x00\x00\x00\x00\x00\x00\x00\x00\x00\x00\x00\x00\x00\
\x00\x00\x00\x00\x00\x00\x00\x00\x00\x00\x00\x00\x00\x00\x00\x00\
\x00\x00\x00\x00\x00\x00\x00\x00\x00\x00\x00\x00\x00\x00\x00\x00\
\x00\x00\x00\x00\x00\xff\x00\xff\xff\xff\x00\xff\xff\xff\x00\x7f\
\xff\xff\x00\x00\x7f\xff\x00\x00\x7f\xff\x00\x00\x7f\xfe\x00\x00\
\x7f\xfe\x00\x00\x7f\xfe\x00\x00\x7f\xfe\x00\x00\x7f\xfe\x00\x00\
\x7f\xff\x00\x00\x7f\xff\x00\x00\x7f\xff\x00\x00\x7f\xff\x00\x00\
\x7f\xff\x00\x00\x7f\xfe\x00\x00\x7f\xfe\x00\x00\xff\xfe\x00\x00\
\xff\xfe\x00\x00\xff\xfe\x00\x00\xff\xfe\x00\x00\xff\xfe\x00\x00\
\xff\xff\x00\x00\xff\xff\x00\x00\xff\xff\x80\x00\xff\xff\x80\x01\
\xff\xff\x80\x01\xff\xff\x80\x01\xff\xff\x80\x1f\xff\xff\xc0?\
\xff\xff\xe0\x7f\xff(\x00\x00\x000\x00\x00\x00`\x00\x00\
\x00\x01\x00 \x00\x00\x00\x00\x00\x00$\x00\x00\x00\x00\x00\
\x00\x00\x00\x00\x00\x00\x00\x00\x00\x00\x00\x00\x00\x00\x00\x00\
\x00\x00\x00\x00\x00\x00\x00\x00\x00\x00\x00\x00\x00\x00\x00\x00\
\x00\x00\x00\x00\x00\x00\x00\x00\x00\x00\x00\x00\x00\x00\x00\x00\
\x00\x00\x00\x00\x00\x00\x00\x00\x00\x00\x00\x00\x00\x00\x00\x00\
\x002\x06\x15\x002\x06\x15\x002\x06\x15\x012\x06\x15\
\x012\x06\x15\x002\x06\x15\x002\x06\x15\x002\x06\x15\
\x002\x06\x15\x002\x06\x15\x00\x00\x00\x00\x00\x00\x00\x00\
\x00\x00\x00\x00\x00\x00\x00\x00\x00\x00\x00\x00\x00\x00\x00\x00\
\x00\x00\x00\x00\x00\x00\x00\x00\x00\x00\x00\x00\x00\x00\x00\x00\
\x00\x00\x00\x00\x00\x00\x00\x00\x00\x00\x00\x00\x00\x00\x00\x00\
\x00\x00\x00\x00\x00\x00\x00\x00\x00\x00\x00\x00\x00\x00\x00\x00\
\x00\x00\x00\x00\x00\x00\x00\x00\x00\x00\x00\x00\x00\x00\x00\x00\
\x00\x00\x00\x00\x00\x00\x00\x00\x00\x00\x00\x00\x00\x00\x00\x00\
\x00\x00\x00\x00\x00\x00\x00\x00\x00\x00\x00\x00\x00\x00\x00\x00\
\x00\x00\x00\x00\x00\x00\x00\x00\x00\x00\x00\x00\x00\x00\x00\x00\
\x00\x00\x00\x00\x00\x00\x00\x00\x00\x00\x00\x00\x002\x06\x15\
\x002\x06\x15\x012\x06\x15\x032\x06\x15\x052\x06\x15\
\x052\x06\x15\x042\x06\x15\x032\x06\x15\x032\x06\x15\
\x042\x06\x15\x032\x06\x15\x012\x06\x15\x00\x00\x00\x00\
\x00\x00\x00\x00\x00\x00\x00\x00\x00\x00\x00\x00\x00\x00\x00\x00\
\x00\x00\x00\x00\x00\x00\x00\x00\x00\x00\x00\x00\x00\x00\x00\x00\
\x00\x00\x00\x00\x00\x00\x00\x00\x00\x00\x00\x00\x00\x00\x00\x00\
\x00\x00\x00\x00\x00\x00\x00\x00\x00\x00\x00\x00\x00\x00\x00\x00\
\x00\x00\x00\x00\x00\x00\x00\x00\x00\x00\x00\x00\x00\x00\x00\x00\
\x00\x00\x00\x00\x00\x00\x00\x00\x00\x00\x00\x00\x00\x00\x00\x00\
\x00\x00\x00\x00\x00\x00\x00\x00\x00\x00\x00\x00\x00\x00\x00\x00\
\x00\x00\x00\x00\x00\x00\x00\x00\x00\x00\x00\x00\x00\x00\x00\x00\
\x00\x00\x00\x00\x00\x00\x00\x00\x00\x00\x00\x00\x002\x06\x15\
\x002\x06\x15\x033\x06\x15\x092\x05\x15\x10%\x01\x0e\
\x10,\x04\x12\x0d3\x06\x15\x0a.\x06\x13\x0b!\x05\x0e\
\x0b-\x06\x13\x0a3\x06\x15\x052\x06\x15\x01\x00\x00\x00\
\x00\x00\x00\x00\x00\x00\x00\x00\x00\x00\x00\x00\x00\x00\x00\x00\
\x00\x00\x00\x00\x00\x00\x00\x00\x00\x00\x00\x00\x00\x00\x00\x00\
\x00\x00\x00\x00\x00\x00\x00\x00\x00\x00\x00\x00\x00\x00\x00\x00\
\x00\x00\x00\x00\x00\x00\x00\x00\x00\x00\x00\x00\x00\x00\x00\x00\
\x00\x00\x00\x00\x00\x00\x00\x00\x00\x00\x00\x00\x00\x00\x00\x00\
\x00\x00\x00\x00\x00\x00\x00\x00\x00\x00\x00\x00\x00\x00\x00\x00\
\x00\x00\x00\x00\x00\x00\x00\x00\x00\x00\x00\x00\x00\x00\x00\x00\
\x00\x00\x00\x00\x00\x00\x00\x00\x00\x00\x00\x00\x00\x00\x00\x00\
\x00\x00\x00\x00\x00\x00\x00\x00\x00\x00\x00\x00\x002\x06\x15\
\x002\x06\x15\x05(\x00\x10\x0e\x86ACe\x88>C\
\x8dT\x1b'+*\x03\x11\x16K\x08\x1f)g\x0a*\
oP\x08!'+\x06\x12\x0a2\x06\x15\x032\x06\x15\
\x00\x00\x00\x00\x00\x00\x00\x00\x00\x00\x00\x00\x00\x00\x00\x00\
\x00\x00\x00\x00\x00\x00\x00\x00\x00\x00\x00\x00\x00\x00\x00\x00\
\x00\x00\x00\x00\x00\x00\x00\x00\x00\x00\x00\x00\x00\x00\x00\x00\
\x00\x00\x00\x00\x00\x00\x00\x00\x00\x00\x00\x00\x00\x00\x00\x00\
\x00\x00\x00\x00\x00\x00\x00\x00\x00\x00\x00\x00\x00\x00\x00\x00\
\x00\x00\x00\x00\x00\x00\x00\x00\x00\x00\x00\x00\x00\x00\x00\x00\
\x00\x00\x00\x00\x00\x00\x00\x00\x00\x00\x00\x00\x00\x00\x00\x00\
\x00\x00\x00\x00\x00\x00\x00\x00\x00\x00\x00\x00\x00\x00\x00\x00\
\x00\x00\x00\x00\x00\x00\x00\x00\x00\x00\x00\x00\x002\x06\x15\
\x002\x06\x15\x06\x1a\x00\x08\x10\x84@Bn\x93FI\
\xf9|3;\x84$\x01\x0f$b\x0f)lp\x0c.\
\xef]\x08&T\x22\x05\x0f\x0f2\x06\x15\x062\x06\x15\
\x012\x06\x15\x002\x06\x15\x012\x06\x15\x012\x06\x15\
\x012\x06\x15\x012\x06\x15\x012\x06\x15\x012\x06\x15\
\x012\x06\x15\x012\x06\x15\x012\x06\x15\x002\x06\x15\
\x00\x00\x00\x00\x00\x00\x00\x00\x00\x00\x00\x00\x00\x00\x00\x00\
\x00\x00\x00\x00\x00\x00\x00\x00\x00\x00\x00\x00\x00\x00\x00\x00\
\x00\x00\x00\x00\x00\x00\x00\x00\x00\x00\x00\x00\x00\x00\x00\x00\
\x00\x00\x00\x00\x00\x00\x00\x00\x00\x00\x00\x00\x00\x00\x00\x00\
\x00\x00\x00\x00\x00\x00\x00\x00\x00\x00\x00\x00\x00\x00\x00\x00\
\x00\x00\x00\x00\x00\x00\x00\x00\x00\x00\x00\x00\x002\x06\x15\
\x002\x06\x15\x06\x1a\x00\x08\x12\x81@Ag\x96KL\
\xfc\x8a<C\xdeU\x1b'Ok\x16.\x9ds\x100\
\xffi\x0a+\x9c;\x07\x19\x1e/\x06\x14\x0a2\x06\x15\
\x040\x04\x14\x051\x05\x14\x052\x06\x15\x061\x05\x14\
\x061\x04\x14\x062\x06\x15\x062\x06\x15\x061\x05\x14\
\x071\x05\x14\x071\x05\x14\x062\x06\x15\x032\x06\x15\
\x012\x06\x15\x00\x00\x00\x00\x00\x00\x00\x00\x00\x00\x00\x00\
\x00\x00\x00\x00\x00\x00\x00\x00\x00\x00\x00\x00\x00\x00\x00\x00\
\x00\x00\x00\x00\x00\x00\x00\x00\x00\x00\x00\x00\x00\x00\x00\x00\
\x00\x00\x00\x00\x00\x00\x00\x00\x00\x00\x00\x00\x00\x00\x00\x00\
\x00\x00\x00\x00\x00\x00\x00\x00\x00\x00\x00\x00\x00\x00\x00\x00\
\x00\x00\x00\x00\x00\x00\x00\x00\x00\x00\x00\x00\x002\x06\x15\
\x012\x06\x15\x08\x22\x00\x0c\x16\x92PL\x8e\x9bRP\
\xff\x91BG\xff{/:\xa5r\x1d2\xbau\x152\
\xffo\x0b.\xe0Q\x08\x226*\x05\x12\x0e2\x06\x15\
\x0b*\x02\x0f\x0e.\x03\x11\x110\x05\x14\x12(\x01\x0d\
\x13(\x00\x0d\x13.\x05\x12\x130\x04\x14\x13+\x00\x10\
\x16+\x00\x10\x16-\x02\x11\x112\x06\x15\x092\x06\x15\
\x032\x06\x15\x00\x00\x00\x00\x00\x00\x00\x00\x00\x00\x00\x00\
\x00\x00\x00\x00\x00\x00\x00\x00\x00\x00\x00\x00\x00\x00\x00\x00\
\x00\x00\x00\x00\x00\x00\x00\x00\x00\x00\x00\x00\x00\x00\x00\x00\
\x00\x00\x00\x00\x00\x00\x00\x00\x00\x00\x00\x00\x00\x00\x00\x00\
\x00\x00\x00\x00\x00\x00\x00\x00\x00\x00\x00\x00\x00\x00\x00\x00\
\x00\x00\x00\x00\x00\x00\x00\x00\x00\x00\x00\x00\x002\x06\x15\
\x02,\x01\x12\x0bL\x1c%#\xa0^V\xc0\x9fWS\
\xff\x94GJ\xfd{2:\xa2w#5\xc3x\x1b4\
\xffp\x0d.\xe3Q\x08!:+\x05\x12\x12-\x01\x11\
\x13\xd1\xb7\x98g\xb7\x9a\x83XD\x1a#(\xc7\xa6\x8e\
\x85\xc9\xa6\x8f\x95h@A3\x87\x5cXF\xbc\x91\x80\
\x9f\xba\x8b}\xa5\xa8xod%\x00\x0b\x101\x06\x15\
\x052\x06\x15\x00\x00\x00\x00\x00\x00\x00\x00\x00\x00\x00\x00\
\x00\x00\x00\x00\x00\x00\x00\x00\x00\x00\x00\x00\x00\x00\x00\x00\
\x00\x00\x00\x00\x00\x00\x00\x00\x00\x00\x00\x00\x00\x00\x00\x00\
\x00\x00\x00\x00\x00\x00\x00\x00\x00\x00\x00\x00\x00\x00\x00\x00\
\x00\x00\x00\x00\x00\x00\x00\x00\x00\x00\x00\x00\x00\x00\x00\x00\
\x00\x00\x00\x00\x00\x00\x00\x00\x002\x06\x15\x002\x06\x15\
\x03\x1c\x00\x07\x0d{DBA\xaai]\xe7\xa3]V\
\xff\x95LL\xe4W\x1e)Ux'6\xba{!6\
\xffr\x120\xe7S\x08\x22?+\x05\x12\x15,\x00\x10\
\x19\xe0\xc8\xa4\xa4\xc5\xaa\x8f\x87|VQM\xdd\xbe\xa0\
\xe8\xdb\xb9\x9d\xf8\x99rhf\x93hah\xcb\x9f\x8c\
\xf8\xc8\x99\x88\xff\xb5\x85y\x9b!\x00\x08\x141\x05\x15\
\x072\x06\x15\x01\x00\x00\x00\x00\x00\x00\x00\x00\x00\x00\x00\
\x00\x00\x00\x00\x00\x00\x00\x00\x00\x00\x00\x00\x00\x00\x00\x00\
\x00\x00\x00\x00\x00\x00\x00\x00\x00\x00\x00\x00\x00\x00\x00\x00\
\x00\x00\x00\x00\x00\x00\x00\x00\x00\x00\x00\x00\x00\x00\x00\x00\
\x00\x00\x00\x00\x00\x00\x00\x00\x00\x00\x00\x00\x00\x00\x00\x00\
\x00\x00\x00\x00\x00\x00\x00\x00\x002\x06\x15\x002\x06\x15\
\x05\x11\x00\x01\x10\x99`Vm\xb0pb\xfc\xa6bY\
\xff\x98QN\xd8I\x16\x22Dw)7\xa4~&8\
\xffu\x172\xedX\x0c%H)\x04\x11\x16,\x00\x10\
\x1c\xde\xc6\xa3\xa5\xc0\xa3\x89\x8a\xab\x8ax|\xe1\xc3\xa3\
\xfc\xdd\xba\x9e\xff\xb6\x91\x7f\x99\x8ec]n\xcb\x9f\x8c\
\xf8\xc8\x99\x88\xff\xb3\x84x\x9c\x22\x00\x09\x171\x05\x15\
\x082\x06\x15\x01\x00\x00\x00\x00\x00\x00\x00\x00\x00\x00\x00\
\x00\x00\x00\x00\x00\x00\x00\x00\x00\x00\x00\x00\x00\x00\x00\x00\
\x00\x00\x00\x00\x00\x00\x00\x00\x00\x00\x00\x00\x00\x00\x00\x00\
\x00\x00\x00\x00\x00\x00\x00\x00\x00\x00\x00\x00\x00\x00\x00\x00\
\x00\x00\x00\x00\x00\x00\x00\x00\x00\x00\x00\x00\x00\x00\x00\x00\
\x00\x00\x00\x00\x00\x00\x00\x00\x002\x06\x15\x012\x06\x15\
\x07\x22\x00\x0b\x15\xabrb\x97\xb4wf\xff\xaag]\
\xff\x99UP\xc8:\x0d\x1a6u+6\x8c\x82+;\
\xffx\x1c4\xf3]\x0f'Q(\x03\x10\x16,\x00\x10\
\x1d\xde\xc6\xa2\xa5\xc0\xa4\x8a\x90\xcb\xac\x92\xaf\xe3\xc4\xa5\
\xff\xdd\xbb\x9f\xff\xc9\xa3\x8e\xc7\x95kcy\xcb\x9f\x8c\
\xf8\xc8\x9a\x88\xff\xb4\x84x\x9c\x22\x00\x09\x171\x05\x15\
\x082\x06\x15\x01\x00\x00\x00\x00\x00\x00\x00\x00\x00\x00\x00\
\x00\x00\x00\x00\x00\x00\x00\x00\x00\x00\x00\x00\x00\x00\x00\x00\
\x00\x00\x00\x00\x00\x00\x00\x00\x00\x00\x00\x00\x00\x00\x00\x00\
\x00\x00\x00\x00\x00\x00\x00\x00\x00\x00\x00\x00\x00\x00\x00\x00\
\x00\x00\x00\x00\x00\x00\x00\x00\x00\x00\x00\x00\x00\x00\x00\x00\
\x00\x00\x00\x00\x00\x00\x00\x00\x002\x06\x15\x01/\x03\x13\
\x08<\x10\x1c\x1b\xb4}i\xb2\xb8|j\xff\xaem`\
\xff\x99XQ\xaf)\x00\x10,s+6w\x851=\
\xfe{\x226\xf7c\x14*\x5c&\x02\x10\x17,\x00\x10\
\x1d\xdd\xc5\xa2\xa5\xca\xae\x92\xa0\xdc\xc0\xa0\xd9\xe3\xc5\xa5\
\xff\xda\xb8\x9c\xf3\xcf\xaa\x92\xde\xa8\x7fr\x92\xca\x9f\x8c\
\xf7\xc8\x9a\x89\xff\xb4\x84x\x9c\x22\x00\x09\x171\x05\x15\
\x082\x06\x15\x01\x00\x00\x00\x00\x00\x00\x00\x00\x00\x00\x00\
\x00\x00\x00\x00\x00\x00\x00\x00\x00\x00\x00\x00\x00\x00\x00\x00\
\x00\x00\x00\x00\x00\x00\x00\x00\x00\x00\x00\x00\x00\x00\x00\x00\
\x00\x00\x00\x00\x00\x00\x00\x00\x00\x00\x00\x00\x00\x00\x00\x00\
\x00\x00\x00\x00\x00\x00\x00\x00\x00\x00\x00\x00\x00\x00\x00\x00\
\x00\x00\x00\x00\x00\x00\x00\x00\x002\x06\x15\x01.\x02\x12\
\x09C\x16!\x1d\xb9\x83m\xb8\xbc\x81m\xff\xb1rc\
\xff\x96XQ\x95\x1d\x00\x09'p,5h\x886@\
\xf9\x7f'9\xfbh\x19-g%\x01\x0f\x18,\x00\x10\
\x1e\xdd\xc4\xa2\xa3\xda\xc0\x9f\xc1\xe5\xca\xa8\xf3\xe3\xc5\xa5\
\xff\xca\xa8\x90\xbc\xc5\x9f\x8a\xc2\xbe\x95\x84\xba\xca\x9f\x8c\
\xf6\xc8\x9a\x89\xff\xb4\x85x\x9c\x22\x00\x09\x171\x05\x15\
\x082\x06\x15\x01\x00\x00\x00\x00\x00\x00\x00\x00\x00\x00\x00\
\x00\x00\x00\x00\x00\x00\x00\x00\x00\x00\x00\x00\x00\x00\x00\x00\
\x00\x00\x00\x00\x00\x00\x00\x00\x00\x00\x00\x00\x00\x00\x00\x00\
\x00\x00\x00\x00\x00\x00\x00\x00\x00\x00\x00\x00\x00\x00\x00\x00\
\x00\x00\x00\x00\x00\x00\x00\x00\x00\x00\x00\x00\x00\x00\x00\x00\
\x00\x00\x00\x00\x00\x00\x00\x00\x002\x06\x15\x011\x05\x14\
\x08,\x01\x11\x18\xb7\x83m\xa2\xbf\x87p\xff\xb5xg\
\xff\x9c_V\xa0'\x00\x0f*m,4_\x8b;B\
\xf5\x82-;\xffm\x1d0s$\x00\x0f\x19,\x00\x10\
\x1f\xdd\xc5\xa2\xa4\xe9\xd1\xac\xed\xe8\xcd\xab\xfe\xe3\xc5\xa5\
\xfe\xad\x8ay\x83\xb1\x8az\x93\xcd\xa5\x8f\xe6\xcc\xa0\x8d\
\xf9\xc9\x9b\x89\xff\xb4\x85x\x9c\x22\x00\x09\x171\x05\x15\
\x082\x06\x15\x01\x00\x00\x00\x00\x00\x00\x00\x00\x00\x00\x00\
\x00\x00\x00\x00\x00\x00\x00\x00\x00\x00\x00\x00\x00\x00\x00\x00\
\x00\x00\x00\x00\x00\x00\x00\x00\x00\x00\x00\x00\x00\x00\x00\x00\
\x00\x00\x00\x00\x00\x00\x00\x00\x00\x00\x00\x00\x00\x00\x00\x00\
\x00\x00\x00\x00\x00\x00\x00\x00\x00\x00\x00\x00\x00\x00\x00\x00\
\x00\x00\x00\x00\x00\x00\x00\x00\x002\x06\x15\x002\x06\x15\
\x06\x0f\x00\x00\x12\xaczfx\xc2\x8bs\xfe\xb9}j\
\xff\xabl_\xe0_,0Gh*2[\x8e@E\
\xf3\x862>\xffr\x223\x81%\x00\x0f\x1b,\x00\x10\
\x1f\xde\xc6\xa2\xa5\xef\xd7\xb0\xff\xe9\xce\xab\xff\xe0\xc2\xa3\
\xec\x85_XS\x92jab\xd0\xa8\x92\xf3\xcd\xa2\x8e\
\xff\xc9\x9b\x89\xff\xb4\x85y\x9c\x22\x00\x09\x171\x05\x15\
\x082\x06\x15\x01\x00\x00\x00\x00\x00\x00\x00\x00\x00\x00\x00\
\x00\x00\x00\x00\x00\x00\x00\x00\x00\x00\x00\x00\x00\x00\x00\x00\
\x00\x00\x00\x00\x00\x00\x00\x00\x00\x00\x00\x00\x00\x00\x00\x00\
\x00\x00\x00\x00\x00\x00\x00\x00\x00\x00\x00\x00\x00\x00\x00\x00\
\x00\x00\x00\x00\x00\x00\x00\x00\x00\x00\x00\x00\x00\x00\x00\x00\
\x00\x00\x00\x00\x00\x00\x00\x00\x002\x06\x15\x002\x06\x15\
\x04\x10\x00\x00\x0e\x98hYQ\xc4\x8fu\xf2\xbc\x82m\
\xff\xb2sd\xf9\x81HEne)1[\x92EH\
\xf3\x898A\xffx(7\x98*\x01\x11\x1e,\x00\x10\
 \xdf\xc7\xa3\xa5\xef\xd8\xb1\xff\xe9\xcf\xab\xff\xda\xbc\x9e\
\xc8Q(.2g<?:\xcb\xa3\x8e\xd7\xce\xa3\x8f\
\xff\xc9\x9b\x8a\xff\xb5\x86y\x9c\x22\x00\x09\x161\x05\x15\
\x082\x06\x15\x01\x00\x00\x00\x00\x00\x00\x00\x00\x00\x00\x00\
\x00\x00\x00\x00\x00\x00\x00\x00\x00\x00\x00\x00\x00\x00\x00\x00\
\x00\x00\x00\x00\x00\x00\x00\x00\x00\x00\x00\x00\x00\x00\x00\x00\
\x00\x00\x00\x00\x00\x00\x00\x00\x00\x00\x00\x00\x00\x00\x00\x00\
\x00\x00\x00\x00\x00\x00\x00\x00\x00\x00\x00\x00\x00\x00\x00\x00\
\x00\x00\x00\x00\x00\x00\x00\x00\x002\x06\x15\x002\x06\x15\
\x03 \x00\x09\x0cvHC3\xc4\x90v\xdb\xc0\x88q\
\xff\xb6yh\xff\x94YQ\x94h-3c\x96KK\
\xf5\x8d=D\xff~.:\xaf2\x05\x15\x22,\x00\x10\
\x1d\xdf\xc8\xa4\x9f\xee\xd6\xb0\xfb\xe8\xce\xab\xfa\xcd\xae\x93\
\x91#\x00\x09\x1f4\x09\x16\x22\xc1\x99\x86\xa4\xcd\xa3\x8e\
\xfa\xc8\x9b\x89\xfb\xb6\x87z\x95 \x00\x07\x131\x05\x14\
\x062\x06\x15\x01\x00\x00\x00\x00\x00\x00\x00\x00\x00\x00\x00\
\x00\x00\x00\x00\x00\x00\x00\x00\x00\x00\x00\x00\x00\x00\x00\x00\
\x00\x00\x00\x00\x00\x00\x00\x00\x00\x00\x00\x00\x00\x00\x00\x00\
\x00\x00\x00\x00\x00\x00\x00\x00\x00\x00\x00\x00\x00\x00\x00\x00\
\x00\x00\x00\x00\x00\x00\x00\x00\x00\x00\x00\x00\x00\x00\x00\x00\
\x00\x00\x00\x00\x00\x00\x00\x00\x00\x00\x00\x00\x002\x06\x15\
\x02.\x02\x12\x0aF\x19\x22\x1f\xc0\x8et\xb8\xc4\x8eu\
\xff\xba~k\xff\xa2fZ\xb7t8;s\x9aQO\
\xf8\x91CG\xff\x833=\xbf=\x0b\x1a%/\x03\x13\
\x18\xa6\x88u>\xb6\x98\x81^\xad\x8cz`xWO\
9\x19\x00\x01\x1d!\x00\x08\x1d}SP@\x99nf\
a\x99le_\x89\x5cX;,\x00\x10\x0e2\x06\x15\
\x042\x06\x15\x00\x00\x00\x00\x00\x00\x00\x00\x00\x00\x00\x00\
\x00\x00\x00\x00\x00\x00\x00\x00\x00\x00\x00\x00\x00\x00\x00\x00\
\x00\x00\x00\x00\x00\x00\x00\x00\x00\x00\x00\x00\x00\x00\x00\x00\
\x00\x00\x00\x00\x00\x00\x00\x00\x00\x00\x00\x00\x00\x00\x00\x00\
\x00\x00\x00\x00\x00\x00\x00\x00\x00\x00\x00\x00\x00\x00\x00\x00\
\x00\x00\x00\x00\x00\x00\x00\x00\x00\x00\x00\x00\x002\x06\x15\
\x012\x06\x15\x07\x1a\x00\x05\x15\xb8\x88p\x8e\xc7\x93x\
\xff\xbd\x84n\xff\xadqb\xd9\x8aLI\x93\x9fWS\
\xfc\x95HJ\xff\x879A\xcbH\x11 )/\x04\x14\
\x14\x1d\x02\x07\x15\x07\x00\x00\x1c<\x1b +\x84_X\
D\x9cwkP\x83[VB9\x16\x1c,N(,\
2C\x1d\x22&\x1f\x00\x07\x133\x06\x15\x092\x06\x15\
\x022\x06\x15\x00\x00\x00\x00\x00\x00\x00\x00\x00\x00\x00\x00\
\x00\x00\x00\x00\x00\x00\x00\x00\x00\x00\x00\x00\x00\x00\x00\x00\
\x00\x00\x00\x00\x00\x00\x00\x00\x00\x00\x00\x00\x00\x00\x00\x00\
\x00\x00\x00\x00\x00\x00\x00\x00\x00\x00\x00\x00\x00\x00\x00\x00\
\x00\x00\x00\x00\x00\x00\x00\x00\x00\x00\x00\x00\x00\x00\x00\x00\
\x00\x00\x00\x00\x00\x00\x00\x00\x00\x00\x00\x00\x002\x06\x15\
\x002\x06\x15\x05\x0b\x00\x00\x10\xa8zfd\xca\x97{\
\xfa\xc1\x89r\xff\xb6zh\xf7\xa7g\x5c\xde\xa3]V\
\xfe\x98NM\xff\x8c>D\xd3N\x16#-.\x03\x13\
\x15'\x01\x0c\x18\xad\x8fzR\xdc\xc0\xa0\xb9\xdf\xc1\xa2\
\xde\xd4\xb2\x98\xc9\xd2\xad\x95\xd5\xc4\x9c\x89\xb2\xc3\x99\x86\
\xc3\xa8|qc\x0e\x00\x00\x0f2\x06\x15\x062\x06\x15\
\x01\x00\x00\x00\x00\x00\x00\x00\x00\x00\x00\x00\x00\x00\x00\x00\
\x00\x00\x00\x00\x00\x00\x00\x00\x00\x00\x00\x00\x00\x00\x00\x00\
\x00\x00\x00\x00\x00\x00\x00\x00\x00\x00\x00\x00\x00\x00\x00\x00\
\x00\x00\x00\x00\x00\x00\x00\x00\x00\x00\x00\x00\x00\x00\x00\x00\
\x00\x00\x00\x00\x00\x00\x00\x00\x00\x00\x00\x00\x00\x00\x00\x00\
\x00\x00\x00\x00\x00\x00\x00\x00\x00\x00\x00\x00\x002\x06\x15\
\x002\x06\x15\x03\x16\x00\x02\x0e\x8c_SB\xca\x99|\
\xe8\xc5\x8fu\xff\xba\x80l\xff\xb1qc\xff\xa7cZ\
\xff\x9cSQ\xff\x8fDG\xd8Q\x19%3\x1c\x00\x04\
\x1a\xa8\x8cwI\xea\xd2\xac\xdd\xec\xd2\xad\xff\xce\xb0\x95\
\xa7Z16>\xbb\x95\x83\x98\xd5\xae\x96\xff\xcf\xa5\x90\
\xfe\xad\x81uq\x07\x00\x00\x102\x06\x15\x052\x06\x15\
\x00\x00\x00\x00\x00\x00\x00\x00\x00\x00\x00\x00\x00\x00\x00\x00\
\x00\x00\x00\x00\x00\x00\x00\x00\x00\x00\x00\x00\x00\x00\x00\x00\
\x00\x00\x00\x00\x00\x00\x00\x00\x00\x00\x00\x00\x00\x00\x00\x00\
\x00\x00\x00\x00\x00\x00\x00\x00\x00\x00\x00\x00\x00\x00\x00\x00\
\x00\x00\x00\x00\x00\x00\x00\x00\x00\x00\x00\x00\x00\x00\x00\x00\
\x00\x00\x00\x00\x00\x00\x00\x00\x00\x00\x00\x00\x002\x06\x15\
\x002\x06\x15\x03*\x00\x0f\x0e[02+\xc8\x98{\
\xcb\xc9\x95y\xff\xbe\x85o\xff\xb4wf\xff\xaah]\
\xff\xa0YT\xff\x93IJ\xdaQ\x1a%91\x07\x15\
&\xde\xc7\xa3\xa3\xf1\xda\xb2\xff\xea\xd0\xac\xfa\xad\x8ez\
n\x08\x00\x00(\xac\x87w}\xd4\xae\x96\xfe\xcf\xa5\x90\
\xfe\xac\x80tr\x09\x00\x00\x112\x06\x15\x052\x06\x15\
\x00\x00\x00\x00\x00\x00\x00\x00\x00\x00\x00\x00\x00\x00\x00\x00\
\x00\x00\x00\x00\x00\x00\x00\x00\x00\x00\x00\x00\x00\x00\x00\x00\
\x00\x00\x00\x00\x00\x00\x00\x00\x00\x00\x00\x00\x00\x00\x00\x00\
\x00\x00\x00\x00\x00\x00\x00\x00\x00\x00\x00\x00\x00\x00\x00\x00\
\x00\x00\x00\x00\x00\x00\x00\x00\x00\x00\x00\x00\x00\x00\x00\x00\
\x00\x00\x00\x00\x00\x00\x00\x00\x00\x00\x00\x00\x002\x06\x15\
\x012\x06\x15\x05%\x00\x0c\x11c;80\xca\x9d~\
\xc9\xcc\x9a}\xff\xc2\x8as\xff\xb8|i\xff\xaem`\
\xff\xa4^W\xff\x96NM\xdeQ\x19%Cc??\
<\xeb\xd6\xad\xd5\xf1\xdb\xb2\xff\xe9\xd0\xab\xf5\x9czk\
a\x18\x00\x00,\xad\x87w\x7f\xd4\xae\x96\xfe\xcf\xa5\x90\
\xfe\xac\x81tq\x09\x00\x00\x102\x06\x15\x052\x06\x15\
\x00\x00\x00\x00\x00\x00\x00\x00\x00\x00\x00\x00\x00\x00\x00\x00\
\x00\x00\x00\x00\x00\x00\x00\x00\x00\x00\x00\x00\x00\x00\x00\x00\
\x00\x00\x00\x00\x00\x00\x00\x00\x00\x00\x00\x00\x00\x00\x00\x00\
\x00\x00\x00\x00\x00\x00\x00\x00\x00\x00\x00\x00\x00\x00\x00\x00\
\x00\x00\x00\x00\x00\x00\x00\x00\x00\x00\x00\x00\x00\x00\x00\x00\
\x00\x00\x00\x00\x00\x00\x00\x00\x00\x00\x00\x00\x002\x06\x15\
\x02.\x01\x12\x09;\x12\x1c\x1a\xc9\xa3\x81\x8f\xd9\xaf\x8a\
\xfc\xcf\xa0\x80\xff\xc5\x90v\xff\xbb\x81m\xff\xb2sd\
\xff\xa8d[\xff\x9dUQ\xfa\x87>B\xac|RN\
Y\xee\xd9\xb0\xe2\xf1\xdb\xb2\xff\xe9\xcf\xab\xf3\x96sg\
a\xbb\x98\x84\x8d\xd1\xad\x95\xd3\xd5\xaf\x97\xff\xcf\xa6\x91\
\xfe\xaf\x83vp\x03\x00\x00\x0e2\x06\x15\x052\x06\x15\
\x00\x00\x00\x00\x00\x00\x00\x00\x00\x00\x00\x00\x00\x00\x00\x00\
\x00\x00\x00\x00\x00\x00\x00\x00\x00\x00\x00\x00\x00\x00\x00\x00\
\x00\x00\x00\x00\x00\x00\x00\x00\x00\x00\x00\x00\x00\x00\x00\x00\
\x00\x00\x00\x00\x00\x00\x00\x00\x00\x00\x00\x00\x00\x00\x00\x00\
\x00\x00\x00\x00\x00\x00\x00\x00\x00\x00\x00\x00\x00\x00\x00\x00\
\x00\x00\x00\x00\x00\x00\x00\x00\x002\x06\x15\x002\x06\x15\
\x03\x16\x00\x00\x0d\x93n\x5c9\xe2\xbf\x94\xe1\xde\xb6\x8e\
\xff\xd3\xa5\x84\xff\xc9\x96z\xff\xbf\x86p\xff\xb5xg\
\xff\xabi^\xff\xa1ZU\xfe\x95JK\xf9\x8fPO\
\xa4\xee\xda\xb0\xe1\xf2\xdc\xb3\xff\xe9\xd0\xac\xf3\x98vi\
_\xa7\x83ti\xb8\x93\x81\x83\xae\x87x\x80\xac\x82u\
}\x8a^Z=\x1e\x00\x05\x0d2\x06\x15\x042\x06\x15\
\x00\x00\x00\x00\x00\x00\x00\x00\x00\x00\x00\x00\x00\x00\x00\x00\
\x00\x00\x00\x00\x00\x00\x00\x00\x00\x00\x00\x00\x00\x00\x00\x00\
\x00\x00\x00\x00\x00\x00\x00\x00\x00\x00\x00\x00\x00\x00\x00\x00\
\x00\x00\x00\x00\x00\x00\x00\x00\x00\x00\x00\x00\x00\x00\x00\x00\
\x00\x00\x00\x00\x00\x00\x00\x00\x00\x00\x00\x00\x00\x00\x00\x00\
\x00\x00\x00\x00\x00\x00\x00\x00\x002\x06\x15\x013\x06\x15\
\x07\x05\x00\x00\x11\xc2\xa1\x7fg\xe6\xc5\x99\xea\xcb\xa3\x82\
\xba\xd6\xaa\x87\xfa\xcd\x9b}\xff\xc3\x8ct\xff\xb9}j\
\xff\xafoa\xff\x98WQ\xb9\x88BD\xaf\x92GJ\
\xf0\xc8\x9c\x86\xf3\xef\xd7\xaf\xff\xea\xd2\xad\xf7\xa6\x86t\
b\x0e\x00\x00\x22\x17\x00\x00#{VOHzQN\
C-\x05\x11\x1b2\x05\x15\x0b2\x06\x15\x022\x06\x15\
\x00\x00\x00\x00\x00\x00\x00\x00\x00\x00\x00\x00\x00\x00\x00\x00\
\x00\x00\x00\x00\x00\x00\x00\x00\x00\x00\x00\x00\x00\x00\x00\x00\
\x00\x00\x00\x00\x00\x00\x00\x00\x00\x00\x00\x00\x00\x00\x00\x00\
\x00\x00\x00\x00\x00\x00\x00\x00\x00\x00\x00\x00\x00\x00\x00\x00\
\x00\x00\x00\x00\x00\x00\x00\x00\x00\x00\x00\x00\x00\x00\x00\x00\
\x00\x00\x00\x00\x002\x06\x15\x002\x06\x15\x02-\x00\x11\
\x0b?\x16\x1f\x1e\xe1\xc5\x98\xa6\xdb\xbc\x92\xbd\x8efV\
g\xd7\xad\x89\xf2\xd1\xa1\x81\xff\xc6\x91w\xff\xbc\x83n\
\xff\xb3te\xff\x8fSM\x8fd(0_\x91DG\
\xf2\x99OQ\xff\xe5\xc7\xa5\xff\xed\xd4\xaf\xfe\xbc\x9f\x86\
y\x11\x00\x00\x22\x1a\x00\x02#\xbd\x96\x83\x97\xc8\xa0\x8c\
\xbc\x5c06 '\x00\x0d\x082\x06\x15\x01\x00\x00\x00\
\x00\x00\x00\x00\x00\x00\x00\x00\x00\x00\x00\x00\x00\x00\x00\x00\
\x00\x00\x00\x00\x00\x00\x00\x00\x00\x00\x00\x00\x00\x00\x00\x00\
\x00\x00\x00\x00\x00\x00\x00\x00\x00\x00\x00\x00\x00\x00\x00\x00\
\x00\x00\x00\x00\x00\x00\x00\x00\x00\x00\x00\x00\x00\x00\x00\x00\
\x00\x00\x00\x00\x00\x00\x00\x00\x00\x00\x00\x00\x00\x00\x00\x00\
\x00\x00\x00\x00\x002\x06\x15\x002\x06\x15\x04\x03\x00\x00\
\x0e\xca\xae\x88]\xf8\xdf\xaa\xf2\xd3\xb5\x8d\xa2pFA\
Q\xd8\xaf\x8a\xe6\xd5\xa7\x85\xff\xca\x97{\xff\xc0\x88q\
\xff\xb6yh\xff\x9c_V\xa6B\x11\x1d?\x87?C\
\xad\x93GJ\xfa\xd2\xad\x93\xe8\xee\xd6\xb0\xff\xdb\xbf\xa0\
\xc3\x8ae]M\x91jbS\xcd\xa7\x90\xcf\xbe\x96\x84\
\x88'\x00\x0c\x130\x04\x14\x062\x06\x15\x01\x00\x00\x00\
\x00\x00\x00\x00\x00\x00\x00\x00\x00\x00\x00\x00\x00\x00\x00\x00\
\x00\x00\x00\x00\x00\x00\x00\x00\x00\x00\x00\x00\x00\x00\x00\x00\
\x00\x00\x00\x00\x00\x00\x00\x00\x00\x00\x00\x00\x00\x00\x00\x00\
\x00\x00\x00\x00\x00\x00\x00\x00\x00\x00\x00\x00\x00\x00\x00\x00\
\x00\x00\x00\x00\x00\x00\x00\x00\x00\x00\x00\x00\x00\x00\x00\x00\
\x00\x00\x00\x00\x002\x06\x15\x002\x06\x15\x06\x01\x00\x00\
\x11\xdd\xc5\x98\x80\xfd\xe6\xaf\xff\xda\xbe\x93\xa7[02\
D\xd8\xb1\x8b\xd7\xd9\xad\x89\xff\xce\x9d~\xff\xc4\x8dt\
\xff\xba\x7fk\xff\xa9l^\xd0F\x17!>h+2\
a\x8fAF\xf5\x8dHK\xba\xca\xae\x92\x9f\xde\xc1\xa2\
\xd7\xd8\xb8\x9c\xce\xd0\xae\x95\xc3\xc3\x9d\x88\x90jCA\
&$\x00\x0a\x0c2\x06\x15\x042\x06\x15\x00\x00\x00\x00\
\x00\x00\x00\x00\x00\x00\x00\x00\x00\x00\x00\x00\x00\x00\x00\x00\
\x00\x00\x00\x00\x00\x00\x00\x00\x00\x00\x00\x00\x00\x00\x00\x00\
\x00\x00\x00\x00\x00\x00\x00\x00\x00\x00\x00\x00\x00\x00\x00\x00\
\x00\x00\x00\x00\x00\x00\x00\x00\x00\x00\x00\x00\x00\x00\x00\x00\
\x00\x00\x00\x00\x00\x00\x00\x00\x00\x00\x00\x00\x00\x00\x00\x00\
\x00\x00\x00\x00\x002\x06\x15\x012\x06\x15\x07\x07\x00\x00\
\x13\xe0\xc8\x9a\x88\xfd\xe7\xaf\xfd\xbd\xa0~v=\x11\x1d\
8\xd7\xb2\x8b\xc9\xdd\xb3\x8d\xff\xd2\xa3\x82\xff\xc7\x93x\
\xff\xbd\x84o\xff\xb2ue\xf2v@?bq38\
l\x94HJ\xfb\x805<\xb9%\x04\x0a7Y15\
AxQNJjAB;3\x0e\x16\x1f(\x02\x0d\
\x103\x06\x16\x062\x06\x15\x012\x06\x15\x00\x00\x00\x00\
\x00\x00\x00\x00\x00\x00\x00\x00\x00\x00\x00\x00\x00\x00\x00\x00\
\x00\x00\x00\x00\x00\x00\x00\x00\x00\x00\x00\x00\x00\x00\x00\x00\
\x00\x00\x00\x00\x00\x00\x00\x00\x00\x00\x00\x00\x00\x00\x00\x00\
\x00\x00\x00\x00\x00\x00\x00\x00\x00\x00\x00\x00\x00\x00\x00\x00\
\x00\x00\x00\x00\x00\x00\x00\x00\x00\x00\x00\x00\x00\x00\x00\x00\
\x00\x00\x00\x00\x002\x06\x15\x002\x06\x15\x06\x08\x00\x00\
\x13\xe5\xcd\x9d\x90\xfd\xe8\xb0\xfb\xbc\xa0~v0\x07\x14\
7\xd7\xb3\x8c\xc0\xe0\xb9\x91\xff\xd5\xa8\x86\xff\xcb\x99|\
\xff\xc1\x89r\xff\xb7{i\xff\x9a^U\xa4\x91NK\
\xaf\x99NM\xff\x9ea[\xbe\xc1\xa5\x8b\x89\xc6\xa8\x8f\
\x96\xbd\x9c\x86\x89\x98rgU<\x16\x1d!,\x02\x10\
\x0f2\x06\x15\x052\x06\x15\x01\x00\x00\x00\x00\x00\x00\x00\
\x00\x00\x00\x00\x00\x00\x00\x00\x00\x00\x00\x00\x00\x00\x00\x00\
\x00\x00\x00\x00\x00\x00\x00\x00\x00\x00\x00\x00\x00\x00\x00\x00\
\x00\x00\x00\x00\x00\x00\x00\x00\x00\x00\x00\x00\x00\x00\x00\x00\
\x00\x00\x00\x00\x00\x00\x00\x00\x00\x00\x00\x00\x00\x00\x00\x00\
\x00\x00\x00\x00\x00\x00\x00\x00\x00\x00\x00\x00\x00\x00\x00\x00\
\x00\x00\x00\x00\x002\x06\x15\x002\x06\x15\x05\x02\x00\x00\
\x0f\xd9\xc0\x94s\xfe\xea\xb1\xfc\xf5\xde\xa9\xdf\xa5\x84k\
j\xdb\xb9\x90\xc6\xe4\xbf\x95\xff\xd9\xae\x8a\xff\xcf\x9e\x7f\
\xff\xc5\x8fu\xff\xbb\x80l\xff\xafpb\xf2\xa5aX\
\xf6\xa4`Y\xff\xd5\xb2\x94\xe0\xd0\xb6\x98\x94\xc0\xa1\x89\
\x81\xd2\xb2\x97\xba\xda\xb8\x9c\xeb\xbf\x99\x86\x81=\x13\x1e\
\x19.\x01\x11\x082\x06\x15\x02\x00\x00\x00\x00\x00\x00\x00\
\x00\x00\x00\x00\x00\x00\x00\x00\x00\x00\x00\x00\x00\x00\x00\x00\
\x00\x00\x00\x00\x00\x00\x00\x00\x00\x00\x00\x00\x00\x00\x00\x00\
\x00\x00\x00\x00\x00\x00\x00\x00\x00\x00\x00\x00\x00\x00\x00\x00\
\x00\x00\x00\x00\x00\x00\x00\x00\x00\x00\x00\x00\x00\x00\x00\x00\
\x00\x00\x00\x00\x00\x00\x00\x00\x00\x00\x00\x00\x00\x00\x00\x00\
\x00\x00\x00\x00\x002\x06\x15\x002\x06\x15\x03!\x00\x08\
\x0bwUI(\xf0\xd9\xa5\xb4\xff\xe9\xb1\xff\xf3\xd9\xa6\
\xe6\xed\xce\x9f\xf2\xe7\xc4\x98\xff\xdd\xb4\x8d\xff\xd2\xa4\x83\
\xff\xc8\x94y\xff\xbe\x85o\xff\xb5wf\xff\xaag\x5c\
\xff\xc3\x90{\xff\xc9\xae\x91\x8b\x18\x00\x00(\x07\x00\x00\
%\x8bl^V\xda\xb8\x9d\xf1\xd5\xb1\x98\xe8\x98pf\
C\x0e\x00\x00\x0b2\x06\x15\x032\x06\x15\x00\x00\x00\x00\
\x00\x00\x00\x00\x00\x00\x00\x00\x00\x00\x00\x00\x00\x00\x00\x00\
\x00\x00\x00\x00\x00\x00\x00\x00\x00\x00\x00\x00\x00\x00\x00\x00\
\x00\x00\x00\x00\x00\x00\x00\x00\x00\x00\x00\x00\x00\x00\x00\x00\
\x00\x00\x00\x00\x00\x00\x00\x00\x00\x00\x00\x00\x00\x00\x00\x00\
\x00\x00\x00\x00\x00\x00\x00\x00\x00\x00\x00\x00\x00\x00\x00\x00\
\x00\x00\x00\x00\x002\x06\x15\x002\x06\x15\x013\x06\x16\
\x06\x14\x00\x00\x10\x9c\x7ff;\xf4\xde\xa9\xc8\xfc\xe5\xae\
\xff\xf4\xd8\xa5\xff\xea\xc9\x9b\xff\xe0\xba\x91\xff\xd6\xaa\x87\
\xff\xcc\x9a}\xff\xc2\x8bs\xff\xb8|i\xff\xb1sd\
\xf1\xe0\xc2\x9e\xe6\xbe\xa7\x89u\x14\x00\x00)tNK\
B\xca\xa9\x90\xa4\xdd\xbc\x9f\xfd\xd7\xb3\x99\xfa\xad\x85w\
^\x00\x00\x00\x0c2\x06\x15\x042\x06\x15\x00\x00\x00\x00\
\x00\x00\x00\x00\x00\x00\x00\x00\x00\x00\x00\x00\x00\x00\x00\x00\
\x00\x00\x00\x00\x00\x00\x00\x00\x00\x00\x00\x00\x00\x00\x00\x00\
\x00\x00\x00\x00\x00\x00\x00\x00\x00\x00\x00\x00\x00\x00\x00\x00\
\x00\x00\x00\x00\x00\x00\x00\x00\x00\x00\x00\x00\x00\x00\x00\x00\
\x00\x00\x00\x00\x00\x00\x00\x00\x00\x00\x00\x00\x00\x00\x00\x00\
\x00\x00\x00\x00\x00\x00\x00\x00\x002\x06\x15\x002\x06\x15\
\x023\x06\x16\x08\x12\x00\x00\x12\xa8\x8coC\xf3\xdb\xa7\
\xcb\xf7\xdd\xa8\xff\xee\xce\x9f\xff\xe4\xbf\x95\xff\xda\xb0\x8b\
\xff\xd0\xa0\x80\xff\xc6\x91w\xff\xbb\x81m\xfa\x99`V\
\x8f\x82`WP\x9e\x7fna\xcd\xb1\x94\x97\xe1\xc6\xa5\
\xda\xe3\xc6\xa5\xfd\xde\xbd\xa0\xff\xd6\xb2\x98\xec\x9euj\
I\x0a\x00\x00\x0c2\x06\x15\x032\x06\x15\x00\x00\x00\x00\
\x00\x00\x00\x00\x00\x00\x00\x00\x00\x00\x00\x00\x00\x00\x00\x00\
\x00\x00\x00\x00\x00\x00\x00\x00\x00\x00\x00\x00\x00\x00\x00\x00\
\x00\x00\x00\x00\x00\x00\x00\x00\x00\x00\x00\x00\x00\x00\x00\x00\
\x00\x00\x00\x00\x00\x00\x00\x00\x00\x00\x00\x00\x00\x00\x00\x00\
\x00\x00\x00\x00\x00\x00\x00\x00\x00\x00\x00\x00\x00\x00\x00\x00\
\x00\x00\x00\x00\x00\x00\x00\x00\x00\x00\x00\x00\x002\x06\x15\
\x002\x06\x15\x032\x06\x15\x09\x13\x00\x00\x12\xa0\x83i\
@\xea\xcf\x9f\xbc\xf0\xd3\xa1\xfa\xe8\xc5\x99\xff\xde\xb5\x8e\
\xff\xd4\xa6\x84\xff\xc8\x95y\xf7\xa9sb\xa1@\x12\x1c\
:\x90qcV\xe8\xd1\xaa\xd3\xef\xd8\xb0\xff\xea\xd0\xac\
\xff\xe4\xc7\xa6\xff\xdd\xbd\xa0\xfa\xc4\xa0\x8a\x97G\x1d&\
\x1e,\x00\x10\x0a2\x06\x15\x02\x00\x00\x00\x00\x00\x00\x00\
\x00\x00\x00\x00\x00\x00\x00\x00\x00\x00\x00\x00\x00\x00\x00\x00\
\x00\x00\x00\x00\x00\x00\x00\x00\x00\x00\x00\x00\x00\x00\x00\x00\
\x00\x00\x00\x00\x00\x00\x00\x00\x00\x00\x00\x00\x00\x00\x00\x00\
\x00\x00\x00\x00\x00\x00\x00\x00\x00\x00\x00\x00\x00\x00\x00\x00\
\x00\x00\x00\x00\x00\x00\x00\x00\x00\x00\x00\x00\x00\x00\x00\x00\
\x00\x00\x00\x00\x00\x00\x00\x00\x00\x00\x00\x00\x00\x00\x00\x00\
\x002\x06\x15\x002\x06\x15\x033\x06\x15\x09\x1d\x00\x05\
\x15gC=3\xb8\x96xw\xe2\xc0\x95\xde\xe2\xbc\x92\
\xff\xd7\xab\x88\xff\xc3\x93x\xcff:8M4\x0c\x18\
5\xe1\xca\xa4\xb1\xf5\xe0\xb5\xff\xef\xd8\xb1\xff\xe9\xcf\xab\
\xfa\xdc\xbe\x9f\xd8\xb6\x93\x80\x83H%)-(\x00\x0e\
\x153\x06\x15\x082\x06\x15\x01\x00\x00\x00\x00\x00\x00\x00\
\x00\x00\x00\x00\x00\x00\x00\x00\x00\x00\x00\x00\x00\x00\x00\x00\
\x00\x00\x00\x00\x00\x00\x00\x00\x00\x00\x00\x00\x00\x00\x00\x00\
\x00\x00\x00\x00\x00\x00\x00\x00\x00\x00\x00\x00\x00\x00\x00\x00\
\x00\x00\x00\x00\x00\x00\x00\x00\x00\x00\x00\x00\x00\x00\x00\x00\
\x00\x00\x00\x00\x00\x00\x00\x00\x00\x00\x00\x00\x00\x00\x00\x00\
\x00\x00\x00\x00\x00\x00\x00\x00\x00\x00\x00\x00\x00\x00\x00\x00\
\x00\x00\x00\x00\x002\x06\x15\x013\x06\x15\x06(\x00\x0e\
\x13T0/,\xcc\xae\x88\x8a\xea\xcb\x9d\xee\xe5\xc1\x96\
\xff\xdb\xb1\x8c\xff\xd0\xa1\x81\xfc\xba\x87p\xc2}RK\
Z\xed\xd9\xaf\xd5\xf5\xe0\xb5\xff\xe3\xcb\xa7\xcb\xb6\x97\x81\
uhAAB\x96qf_\xb1\x8b{kK )\
\x1a,\x00\x10\x072\x06\x15\x01\x00\x00\x00\x00\x00\x00\x00\
\x00\x00\x00\x00\x00\x00\x00\x00\x00\x00\x00\x00\x00\x00\x00\x00\
\x00\x00\x00\x00\x00\x00\x00\x00\x00\x00\x00\x00\x00\x00\x00\x00\
\x00\x00\x00\x00\x00\x00\x00\x00\x00\x00\x00\x00\x00\x00\x00\x00\
\x00\x00\x00\x00\x00\x00\x00\x00\x00\x00\x00\x00\x00\x00\x00\x00\
\x00\x00\x00\x00\x00\x00\x00\x00\x00\x00\x00\x00\x00\x00\x00\x00\
\x00\x00\x00\x00\x00\x00\x00\x00\x00\x00\x00\x00\x00\x00\x00\x00\
\x00\x00\x00\x00\x002\x06\x15\x02,\x00\x11\x09B\x18!\
\x1a\xe3\xca\x9b\x90\xf9\xe1\xab\xfa\xf2\xd5\xa3\xff\xe9\xc6\x9a\
\xff\xdf\xb7\x8f\xff\xd5\xa7\x85\xff\xca\x97{\xff\xb1}i\
\xb1\xe7\xd2\xa9\xcc\xf1\xdc\xb2\xed\x8dpaT\x03\x00\x00\
'\x11\x00\x00(\xc3\xa1\x8a\x9c\xd3\xb0\x96\xc3\x5c16\
\x1e'\x00\x0c\x082\x06\x15\x01\x00\x00\x00\x00\x00\x00\x00\
\x00\x00\x00\x00\x00\x00\x00\x00\x00\x00\x00\x00\x00\x00\x00\x00\
\x00\x00\x00\x00\x00\x00\x00\x00\x00\x00\x00\x00\x00\x00\x00\x00\
\x00\x00\x00\x00\x00\x00\x00\x00\x00\x00\x00\x00\x00\x00\x00\x00\
\x00\x00\x00\x00\x00\x00\x00\x00\x00\x00\x00\x00\x00\x00\x00\x00\
\x00\x00\x00\x00\x00\x00\x00\x00\x00\x00\x00\x00\x00\x00\x00\x00\
\x00\x00\x00\x00\x00\x00\x00\x00\x00\x00\x00\x00\x00\x00\x00\x00\
\x002\x06\x15\x002\x06\x15\x03\x07\x00\x00\x0b\xad\x8fs\
?\xfb\xe6\xae\xe6\xfd\xe6\xaf\xff\xf5\xda\xa7\xff\xec\xcc\x9d\
\xff\xe3\xbd\x93\xff\xd8\xad\x89\xff\xce\x9d\x7f\xff\xbe\x89q\
\xe3\xbd\x9c\x82\x90\xee\xd9\xb0\xe0\xd0\xb6\x97\x97\xac\x8dz\
f\xbe\x9d\x87\x82\xd8\xb7\x9b\xd8\xc1\x9d\x88x\x1d\x00\x04\
\x121\x05\x14\x062\x06\x15\x01\x00\x00\x00\x00\x00\x00\x00\
\x00\x00\x00\x00\x00\x00\x00\x00\x00\x00\x00\x00\x00\x00\x00\x00\
\x00\x00\x00\x00\x00\x00\x00\x00\x00\x00\x00\x00\x00\x00\x00\x00\
\x00\x00\x00\x00\x00\x00\x00\x00\x00\x00\x00\x00\x00\x00\x00\x00\
\x00\x00\x00\x00\x00\x00\x00\x00\x00\x00\x00\x00\x00\x00\x00\x00\
\x00\x00\x00\x00\x00\x00\x00\x00\x00\x00\x00\x00\x00\x00\x00\x00\
\x00\x00\x00\x00\x00\x00\x00\x00\x00\x00\x00\x00\x00\x00\x00\x00\
\x002\x06\x15\x002\x06\x15\x03\x00\x00\x00\x0c\xc6\xab\x86\
W\xfd\xe8\xb0\xf6\xfe\xe9\xb0\xff\xf8\xdf\xaa\xff\xf0\xd1\xa1\
\xff\xe6\xc2\x97\xff\xdc\xb3\x8d\xff\xd2\xa3\x82\xff\xc6\x92w\
\xf3\x83SJ\x5c\xa8\x8bwV\xd9\xbf\x9e\x93\xda\xbf\x9f\
\xa4\xd4\xb5\x99\x9c\xbb\x99\x84cU01\x1c)\x00\x0e\
\x0b2\x06\x15\x032\x06\x15\x00\x00\x00\x00\x00\x00\x00\x00\
\x00\x00\x00\x00\x00\x00\x00\x00\x00\x00\x00\x00\x00\x00\x00\x00\
\x00\x00\x00\x00\x00\x00\x00\x00\x00\x00\x00\x00\x00\x00\x00\x00\
\x00\x00\x00\x00\x00\x00\x00\x00\x00\x00\x00\x00\x00\x00\x00\x00\
\x00\x00\x00\x00\x00\x00\x00\x00\x00\x00\x00\x00\x00\x00\x00\x00\
\x00\x00\x00\x00\x00\x00\x00\x00\x00\x00\x00\x00\x00\x00\x00\x00\
\x00\x00\x00\x00\x00\x00\x00\x00\x00\x00\x00\x00\x00\x00\x00\x00\
\x002\x06\x15\x002\x06\x15\x03\x07\x00\x00\x0b\xae\x90s\
A\xfb\xe6\xae\xe8\xff\xea\xb1\xff\xfb\xe3\xad\xff\xf3\xd6\xa4\
\xff\xea\xc8\x9b\xff\xe0\xb8\x90\xff\xd6\xa9\x86\xff\xc8\x97z\
\xe6~MGD\x0d\x00\x00\x18\x1d\x02\x07\x168\x0c\x19\
\x18'\x04\x0e\x15\x0a\x00\x01\x0e)\x03\x10\x0a3\x06\x16\
\x042\x06\x15\x012\x06\x15\x00\x00\x00\x00\x00\x00\x00\x00\
\x00\x00\x00\x00\x00\x00\x00\x00\x00\x00\x00\x00\x00\x00\x00\x00\
\x00\x00\x00\x00\x00\x00\x00\x00\x00\x00\x00\x00\x00\x00\x00\x00\
\x00\x00\x00\x00\x00\x00\x00\x00\x00\x00\x00\x00\x00\x00\x00\x00\
\x00\x00\x00\x00\x00\x00\x00\x00\x00\x00\x00\x00\x00\x00\x00\x00\
\x00\x00\x00\x00\x00\x00\x00\x00\x00\x00\x00\x00\x00\x00\x00\x00\
\x00\x00\x00\x00\x00\x00\x00\x00\x00\x00\x00\x00\x00\x00\x00\x00\
\x00\x00\x00\x00\x002\x06\x15\x02*\x00\x0f\x09J!'\
\x1c\xeb\xd3\xa2\xa1\xff\xea\xb1\xff\xfd\xe7\xaf\xff\xf6\xdb\xa7\
\xff\xed\xcd\x9e\xff\xe3\xbe\x94\xff\xda\xaf\x8a\xff\xc3\x94x\
\xa8E\x18\x22\x1f.\x02\x12\x0d1\x05\x14\x080\x04\x13\
\x081\x05\x14\x072\x06\x15\x052\x06\x15\x022\x06\x15\
\x012\x06\x15\x00\x00\x00\x00\x00\x00\x00\x00\x00\x00\x00\x00\
\x00\x00\x00\x00\x00\x00\x00\x00\x00\x00\x00\x00\x00\x00\x00\x00\
\x00\x00\x00\x00\x00\x00\x00\x00\x00\x00\x00\x00\x00\x00\x00\x00\
\x00\x00\x00\x00\x00\x00\x00\x00\x00\x00\x00\x00\x00\x00\x00\x00\
\x00\x00\x00\x00\x00\x00\x00\x00\x00\x00\x00\x00\x00\x00\x00\x00\
\x00\x00\x00\x00\x00\x00\x00\x00\x00\x00\x00\x00\x00\x00\x00\x00\
\x00\x00\x00\x00\x00\x00\x00\x00\x00\x00\x00\x00\x00\x00\x00\x00\
\x00\x00\x00\x00\x002\x06\x15\x013\x06\x16\x05\x19\x00\x02\
\x0e\x94v_3\xf1\xda\xa6\xb6\xfe\xe8\xb0\xfc\xf9\xe1\xab\
\xff\xf1\xd3\xa2\xff\xe6\xc3\x97\xfb\xd3\xaa\x87\xbc\x8a^R\
9\x1d\x00\x06\x0e2\x06\x15\x052\x06\x15\x012\x06\x15\
\x012\x06\x15\x012\x06\x15\x002\x06\x15\x002\x06\x15\
\x00\x00\x00\x00\x00\x00\x00\x00\x00\x00\x00\x00\x00\x00\x00\x00\
\x00\x00\x00\x00\x00\x00\x00\x00\x00\x00\x00\x00\x00\x00\x00\x00\
\x00\x00\x00\x00\x00\x00\x00\x00\x00\x00\x00\x00\x00\x00\x00\x00\
\x00\x00\x00\x00\x00\x00\x00\x00\x00\x00\x00\x00\x00\x00\x00\x00\
\x00\x00\x00\x00\x00\x00\x00\x00\x00\x00\x00\x00\x00\x00\x00\x00\
\x00\x00\x00\x00\x00\x00\x00\x00\x00\x00\x00\x00\x00\x00\x00\x00\
\x00\x00\x00\x00\x00\x00\x00\x00\x00\x00\x00\x00\x00\x00\x00\x00\
\x00\x00\x00\x00\x002\x06\x15\x002\x06\x15\x024\x06\x16\
\x07\x18\x00\x04\x0f|^O)\xd9\xc0\x94u\xeb\xd1\xa0\
\xad\xe2\xc5\x98\xa9\xc6\xa2\x81quNE+\x1d\x00\x07\
\x103\x06\x16\x072\x06\x15\x022\x06\x15\x00\x00\x00\x00\
\x00\x00\x00\x00\x00\x00\x00\x00\x00\x00\x00\x00\x00\x00\x00\x00\
\x00\x00\x00\x00\x00\x00\x00\x00\x00\x00\x00\x00\x00\x00\x00\x00\
\x00\x00\x00\x00\x00\x00\x00\x00\x00\x00\x00\x00\x00\x00\x00\x00\
\x00\x00\x00\x00\x00\x00\x00\x00\x00\x00\x00\x00\x00\x00\x00\x00\
\x00\x00\x00\x00\x00\x00\x00\x00\x00\x00\x00\x00\x00\x00\x00\x00\
\x00\x00\x00\x00\x00\x00\x00\x00\x00\x00\x00\x00\x00\x00\x00\x00\
\x00\x00\x00\x00\x00\x00\x00\x00\x00\x00\x00\x00\x00\x00\x00\x00\
\x00\x00\x00\x00\x00\x00\x00\x00\x00\x00\x00\x00\x00\x00\x00\x00\
\x00\x00\x00\x00\x00\x00\x00\x00\x002\x06\x15\x002\x06\x15\
\x023\x06\x16\x06 \x02\x0b\x0c\x0b\x00\x02\x117\x0f\x19\
\x182\x0d\x16\x17\x0a\x00\x01\x10!\x02\x0b\x0c3\x06\x16\
\x062\x06\x15\x022\x06\x15\x00\x00\x00\x00\x00\x00\x00\x00\
\x00\x00\x00\x00\x00\x00\x00\x00\x00\x00\x00\x00\x00\x00\x00\x00\
\x00\x00\x00\x00\x00\x00\x00\x00\x00\x00\x00\x00\x00\x00\x00\x00\
\x00\x00\x00\x00\x00\x00\x00\x00\x00\x00\x00\x00\x00\x00\x00\x00\
\x00\x00\x00\x00\x00\x00\x00\x00\x00\x00\x00\x00\x00\x00\x00\x00\
\x00\x00\x00\x00\x00\x00\x00\x00\x00\x00\x00\x00\x00\x00\x00\x00\
\x00\x00\x00\x00\x00\x00\x00\x00\x00\x00\x00\x00\x00\x00\x00\x00\
\x00\x00\x00\x00\x00\x00\x00\x00\x00\x00\x00\x00\x00\x00\x00\x00\
\x00\x00\x00\x00\x00\x00\x00\x00\x00\x00\x00\x00\x00\x00\x00\x00\
\x00\x00\x00\x00\x00\x00\x00\x00\x00\x00\x00\x00\x002\x06\x15\
\x002\x06\x15\x012\x06\x15\x032\x06\x15\x06/\x03\x13\
\x070\x03\x13\x072\x06\x15\x062\x06\x15\x032\x06\x15\
\x012\x06\x15\x00\x00\x00\x00\x00\x00\x00\x00\x00\x00\x00\x00\
\x00\x00\x00\x00\x00\x00\x00\x00\x00\x00\x00\x00\x00\x00\x00\x00\
\x00\x00\x00\x00\x00\x00\x00\x00\x00\x00\x00\x00\x00\x00\x00\x00\
\x00\x00\x00\x00\x00\x00\x00\x00\x00\x00\x00\x00\x00\x00\x00\x00\
\x00\x00\x00\x00\x00\x00\x00\x00\x00\x00\x00\x00\x00\x00\x00\x00\
\x00\x00\x00\x00\x00\x00\x00\x00\x00\x00\x00\x00\x00\x00\x00\x00\
\x00\x00\x00\x00\x00\x00\x00\x00\x00\x00\x00\x00\x00\x00\x00\x00\
\x00\x00\x00\x00\x00\x00\x00\x00\x00\x00\x00\x00\x00\x00\x00\x00\
\x00\x00\x00\x00\x00\x00\x00\x00\x00\x00\x00\x00\x00\x00\x00\x00\
\x00\x00\x00\x00\x00\x00\x00\x00\x00\x00\x00\x00\x00\x00\x00\x00\
\x002\x06\x15\x002\x06\x15\x002\x06\x15\x012\x06\x15\
\x012\x06\x15\x012\x06\x15\x012\x06\x15\x002\x06\x15\
\x00\x00\x00\x00\x00\x00\x00\x00\x00\x00\x00\x00\x00\x00\x00\x00\
\x00\x00\x00\x00\x00\x00\x00\x00\x00\x00\x00\x00\x00\x00\x00\x00\
\x00\x00\x00\x00\x00\x00\x00\x00\x00\x00\x00\x00\x00\x00\x00\x00\
\x00\x00\x00\x00\x00\x00\x00\x00\x00\x00\x00\x00\x00\x00\x00\x00\
\x00\x00\x00\x00\x00\x00\x00\x00\x00\x00\x00\x00\x00\x00\x00\x00\
\x00\x00\x00\x00\x00\x00\x00\x00\x00\x00\x00\x00\x00\xff\xf8\x01\
\xff\xff\xff\x00\x00\xff\xf0\x00\xff\xff\xff\x00\x00\xff\xf0\x00\
\xff\xff\xff\x00\x00\xff\xf0\x00\x7f\xff\xff\x00\x00\xff\xf0\x00\
\x00\x07\xff\x00\x00\xff\xf0\x00\x00\x03\xff\x00\x00\xff\xf0\x00\
\x00\x03\xff\x00\x00\xff\xf0\x00\x00\x03\xff\x00\x00\xff\xe0\x00\
\x00\x03\xff\x00\x00\xff\xe0\x00\x00\x03\xff\x00\x00\xff\xe0\x00\
\x00\x03\xff\x00\x00\xff\xe0\x00\x00\x03\xff\x00\x00\xff\xe0\x00\
\x00\x03\xff\x00\x00\xff\xe0\x00\x00\x03\xff\x00\x00\xff\xe0\x00\
\x00\x03\xff\x00\x00\xff\xe0\x00\x00\x03\xff\x00\x00\xff\xe0\x00\
\x00\x03\xff\x00\x00\xff\xf0\x00\x00\x03\xff\x00\x00\xff\xf0\x00\
\x00\x03\xff\x00\x00\xff\xf0\x00\x00\x07\xff\x00\x00\xff\xf0\x00\
\x00\x07\xff\x00\x00\xff\xf0\x00\x00\x07\xff\x00\x00\xff\xf0\x00\
\x00\x07\xff\x00\x00\xff\xf0\x00\x00\x07\xff\x00\x00\xff\xe0\x00\
\x00\x07\xff\x00\x00\xff\xe0\x00\x00\x07\xff\x00\x00\xff\xc0\x00\
\x00\x0f\xff\x00\x00\xff\xc0\x00\x00\x0f\xff\x00\x00\xff\xc0\x00\
\x00\x0f\xff\x00\x00\xff\xc0\x00\x00\x0f\xff\x00\x00\xff\xc0\x00\
\x00\x1f\xff\x00\x00\xff\xc0\x00\x00\x1f\xff\x00\x00\xff\xc0\x00\
\x00\x0f\xff\x00\x00\xff\xc0\x00\x00\x0f\xff\x00\x00\xff\xe0\x00\
\x00\x0f\xff\x00\x00\xff\xf0\x00\x00\x1f\xff\x00\x00\xff\xf8\x00\
\x00\x1f\xff\x00\x00\xff\xfc\x00\x00\x1f\xff\x00\x00\xff\xfc\x00\
\x00\x1f\xff\x00\x00\xff\xf8\x00\x00\x1f\xff\x00\x00\xff\xf8\x00\
\x00\x1f\xff\x00\x00\xff\xf8\x00\x00\x1f\xff\x00\x00\xff\xfc\x00\
\x00?\xff\x00\x00\xff\xfc\x00\x00\x7f\xff\x00\x00\xff\xfc\x00\
\x0f\xff\xff\x00\x00\xff\xfe\x00\x1f\xff\xff\x00\x00\xff\xff\x00\
?\xff\xff\x00\x00\xff\xff\x80\x7f\xff\xff\x00\x00(\x00\x00\
\x00@\x00\x00\x00\x80\x00\x00\x00\x01\x00 \x00\x00\x00\x00\
\x00\x00@\x00\x00\x00\x00\x00\x00\x00\x00\x00\x00\x00\x00\x00\
\x00\x00\x00\x00\x00\x00\x00\x00\x00\x00\x00\x00\x00\x00\x00\x00\
\x00\x00\x00\x00\x00\x00\x00\x00\x00\x00\x00\x00\x00\x00\x00\x00\
\x00\x00\x00\x00\x00\x00\x00\x00\x00\x00\x00\x00\x00\x00\x00\x00\
\x00\x00\x00\x00\x00\x00\x00\x00\x00\x00\x00\x00\x00\x00\x00\x00\
\x00\x00\x00\x00\x00\x00\x00\x00\x00\x00\x00\x00\x002\x06\x15\
\x002\x06\x15\x002\x06\x15\x002\x06\x15\x002\x06\x15\
\x002\x06\x15\x002\x06\x15\x002\x06\x15\x002\x06\x15\
\x002\x06\x15\x002\x06\x15\x002\x06\x15\x00\x00\x00\x00\
\x00\x00\x00\x00\x00\x00\x00\x00\x00\x00\x00\x00\x00\x00\x00\x00\
\x00\x00\x00\x00\x00\x00\x00\x00\x00\x00\x00\x00\x00\x00\x00\x00\
\x00\x00\x00\x00\x00\x00\x00\x00\x00\x00\x00\x00\x00\x00\x00\x00\
\x00\x00\x00\x00\x00\x00\x00\x00\x00\x00\x00\x00\x00\x00\x00\x00\
\x00\x00\x00\x00\x00\x00\x00\x00\x00\x00\x00\x00\x00\x00\x00\x00\
\x00\x00\x00\x00\x00\x00\x00\x00\x00\x00\x00\x00\x00\x00\x00\x00\
\x00\x00\x00\x00\x00\x00\x00\x00\x00\x00\x00\x00\x00\x00\x00\x00\
\x00\x00\x00\x00\x00\x00\x00\x00\x00\x00\x00\x00\x00\x00\x00\x00\
\x00\x00\x00\x00\x00\x00\x00\x00\x00\x00\x00\x00\x00\x00\x00\x00\
\x00\x00\x00\x00\x00\x00\x00\x00\x00\x00\x00\x00\x00\x00\x00\x00\
\x00\x00\x00\x00\x00\x00\x00\x00\x00\x00\x00\x00\x00\x00\x00\x00\
\x00\x00\x00\x00\x00\x00\x00\x00\x00\x00\x00\x00\x00\x00\x00\x00\
\x00\x00\x00\x00\x00\x00\x00\x00\x002\x06\x15\x002\x06\x15\
\x012\x06\x15\x022\x06\x15\x022\x06\x15\x032\x06\x15\
\x022\x06\x15\x022\x06\x15\x012\x06\x15\x012\x06\x15\
\x022\x06\x15\x022\x06\x15\x012\x06\x15\x012\x06\x15\
\x002\x06\x15\x00\x00\x00\x00\x00\x00\x00\x00\x00\x00\x00\x00\
\x00\x00\x00\x00\x00\x00\x00\x00\x00\x00\x00\x00\x00\x00\x00\x00\
\x00\x00\x00\x00\x00\x00\x00\x00\x00\x00\x00\x00\x00\x00\x00\x00\
\x00\x00\x00\x00\x00\x00\x00\x00\x00\x00\x00\x00\x00\x00\x00\x00\
\x00\x00\x00\x00\x00\x00\x00\x00\x00\x00\x00\x00\x00\x00\x00\x00\
\x00\x00\x00\x00\x00\x00\x00\x00\x00\x00\x00\x00\x00\x00\x00\x00\
\x00\x00\x00\x00\x00\x00\x00\x00\x00\x00\x00\x00\x00\x00\x00\x00\
\x00\x00\x00\x00\x00\x00\x00\x00\x00\x00\x00\x00\x00\x00\x00\x00\
\x00\x00\x00\x00\x00\x00\x00\x00\x00\x00\x00\x00\x00\x00\x00\x00\
\x00\x00\x00\x00\x00\x00\x00\x00\x00\x00\x00\x00\x00\x00\x00\x00\
\x00\x00\x00\x00\x00\x00\x00\x00\x00\x00\x00\x00\x00\x00\x00\x00\
\x00\x00\x00\x00\x00\x00\x00\x00\x00\x00\x00\x00\x00\x00\x00\x00\
\x00\x00\x00\x00\x002\x06\x15\x002\x06\x15\x012\x06\x15\
\x022\x06\x15\x052\x06\x15\x082\x06\x15\x092\x06\x15\
\x082\x06\x15\x062\x06\x15\x052\x06\x15\x052\x06\x15\
\x062\x06\x15\x062\x06\x15\x052\x06\x15\x032\x06\x15\
\x012\x06\x15\x00\x00\x00\x00\x00\x00\x00\x00\x00\x00\x00\x00\
\x00\x00\x00\x00\x00\x00\x00\x00\x00\x00\x00\x00\x00\x00\x00\x00\
\x00\x00\x00\x00\x00\x00\x00\x00\x00\x00\x00\x00\x00\x00\x00\x00\
\x00\x00\x00\x00\x00\x00\x00\x00\x00\x00\x00\x00\x00\x00\x00\x00\
\x00\x00\x00\x00\x00\x00\x00\x00\x00\x00\x00\x00\x00\x00\x00\x00\
\x00\x00\x00\x00\x00\x00\x00\x00\x00\x00\x00\x00\x00\x00\x00\x00\
\x00\x00\x00\x00\x00\x00\x00\x00\x00\x00\x00\x00\x00\x00\x00\x00\
\x00\x00\x00\x00\x00\x00\x00\x00\x00\x00\x00\x00\x00\x00\x00\x00\
\x00\x00\x00\x00\x00\x00\x00\x00\x00\x00\x00\x00\x00\x00\x00\x00\
\x00\x00\x00\x00\x00\x00\x00\x00\x00\x00\x00\x00\x00\x00\x00\x00\
\x00\x00\x00\x00\x00\x00\x00\x00\x00\x00\x00\x00\x00\x00\x00\x00\
\x00\x00\x00\x00\x00\x00\x00\x00\x00\x00\x00\x00\x00\x00\x00\x00\
\x00\x00\x00\x00\x002\x06\x15\x002\x06\x15\x012\x06\x15\
\x053\x06\x15\x0b'\x03\x0f\x0f\x1a\x00\x08\x10#\x02\x0d\
\x102\x06\x15\x0e2\x06\x15\x0b2\x06\x15\x0c,\x06\x13\
\x0e \x05\x0e\x0c/\x06\x14\x0c2\x06\x15\x082\x06\x15\
\x032\x06\x15\x01\x00\x00\x00\x00\x00\x00\x00\x00\x00\x00\x00\
\x00\x00\x00\x00\x00\x00\x00\x00\x00\x00\x00\x00\x00\x00\x00\x00\
\x00\x00\x00\x00\x00\x00\x00\x00\x00\x00\x00\x00\x00\x00\x00\x00\
\x00\x00\x00\x00\x00\x00\x00\x00\x00\x00\x00\x00\x00\x00\x00\x00\
\x00\x00\x00\x00\x00\x00\x00\x00\x00\x00\x00\x00\x00\x00\x00\x00\
\x00\x00\x00\x00\x00\x00\x00\x00\x00\x00\x00\x00\x00\x00\x00\x00\
\x00\x00\x00\x00\x00\x00\x00\x00\x00\x00\x00\x00\x00\x00\x00\x00\
\x00\x00\x00\x00\x00\x00\x00\x00\x00\x00\x00\x00\x00\x00\x00\x00\
\x00\x00\x00\x00\x00\x00\x00\x00\x00\x00\x00\x00\x00\x00\x00\x00\
\x00\x00\x00\x00\x00\x00\x00\x00\x00\x00\x00\x00\x00\x00\x00\x00\
\x00\x00\x00\x00\x00\x00\x00\x00\x00\x00\x00\x00\x00\x00\x00\x00\
\x00\x00\x00\x00\x00\x00\x00\x00\x00\x00\x00\x00\x00\x00\x00\x00\
\x00\x00\x00\x00\x002\x06\x15\x002\x06\x15\x022\x06\x15\
\x07$\x00\x0d\x0f\x7f<?L\x8a@D\x8as.7\
N.\x03\x13\x192\x06\x15\x16.\x06\x13\x16S\x08\x22\
2c\x09)ZE\x07\x1d\x1f/\x06\x14\x0e2\x06\x15\
\x062\x06\x15\x022\x06\x15\x00\x00\x00\x00\x00\x00\x00\x00\
\x00\x00\x00\x00\x00\x00\x00\x00\x00\x00\x00\x00\x00\x00\x00\x00\
\x00\x00\x00\x00\x00\x00\x00\x00\x00\x00\x00\x00\x00\x00\x00\x00\
\x00\x00\x00\x00\x00\x00\x00\x00\x00\x00\x00\x00\x00\x00\x00\x00\
\x00\x00\x00\x00\x00\x00\x00\x00\x00\x00\x00\x00\x00\x00\x00\x00\
\x00\x00\x00\x00\x00\x00\x00\x00\x00\x00\x00\x00\x00\x00\x00\x00\
\x00\x00\x00\x00\x00\x00\x00\x00\x00\x00\x00\x00\x00\x00\x00\x00\
\x00\x00\x00\x00\x00\x00\x00\x00\x00\x00\x00\x00\x00\x00\x00\x00\
\x00\x00\x00\x00\x00\x00\x00\x00\x00\x00\x00\x00\x00\x00\x00\x00\
\x00\x00\x00\x00\x00\x00\x00\x00\x00\x00\x00\x00\x00\x00\x00\x00\
\x00\x00\x00\x00\x00\x00\x00\x00\x00\x00\x00\x00\x00\x00\x00\x00\
\x00\x00\x00\x00\x00\x00\x00\x00\x00\x00\x00\x00\x00\x00\x00\x00\
\x00\x00\x00\x00\x002\x06\x15\x002\x06\x15\x032\x06\x15\
\x09\x1d\x00\x09\x11\x81>@_\x95IJ\xf9\x8c>D\
\xd5Z\x1d)>-\x03\x12!0\x07\x14#j\x0d,\
\x94p\x0b.\xf1]\x09&Q'\x05\x10\x132\x06\x15\
\x0a2\x06\x15\x032\x06\x15\x01\x00\x00\x00\x00\x00\x00\x00\
\x00\x00\x00\x00\x00\x00\x00\x00\x002\x06\x15\x002\x06\x15\
\x002\x06\x15\x002\x06\x15\x002\x06\x15\x002\x06\x15\
\x002\x06\x15\x002\x06\x15\x002\x06\x15\x002\x06\x15\
\x002\x06\x15\x00\x00\x00\x00\x00\x00\x00\x00\x00\x00\x00\x00\
\x00\x00\x00\x00\x00\x00\x00\x00\x00\x00\x00\x00\x00\x00\x00\x00\
\x00\x00\x00\x00\x00\x00\x00\x00\x00\x00\x00\x00\x00\x00\x00\x00\
\x00\x00\x00\x00\x00\x00\x00\x00\x00\x00\x00\x00\x00\x00\x00\x00\
\x00\x00\x00\x00\x00\x00\x00\x00\x00\x00\x00\x00\x00\x00\x00\x00\
\x00\x00\x00\x00\x00\x00\x00\x00\x00\x00\x00\x00\x00\x00\x00\x00\
\x00\x00\x00\x00\x00\x00\x00\x00\x00\x00\x00\x00\x00\x00\x00\x00\
\x00\x00\x00\x00\x00\x00\x00\x00\x00\x00\x00\x00\x00\x00\x00\x00\
\x00\x00\x00\x00\x002\x06\x15\x002\x06\x15\x032\x06\x15\
\x0a*\x00\x10\x15`'.;\x95KK\xdf\x91CG\
\xff}3;\x96/\x04\x13-D\x0c\x1d<q\x13/\
\xd2q\x0c.\xffa\x09(o&\x05\x10\x192\x06\x15\
\x0f2\x06\x15\x062\x06\x15\x022\x06\x15\x012\x06\x15\
\x012\x06\x15\x022\x06\x15\x022\x06\x15\x022\x06\x15\
\x022\x06\x15\x022\x06\x15\x022\x06\x15\x022\x06\x15\
\x022\x06\x15\x022\x06\x15\x022\x06\x15\x022\x06\x15\
\x012\x06\x15\x012\x06\x15\x00\x00\x00\x00\x00\x00\x00\x00\
\x00\x00\x00\x00\x00\x00\x00\x00\x00\x00\x00\x00\x00\x00\x00\x00\
\x00\x00\x00\x00\x00\x00\x00\x00\x00\x00\x00\x00\x00\x00\x00\x00\
\x00\x00\x00\x00\x00\x00\x00\x00\x00\x00\x00\x00\x00\x00\x00\x00\
\x00\x00\x00\x00\x00\x00\x00\x00\x00\x00\x00\x00\x00\x00\x00\x00\
\x00\x00\x00\x00\x00\x00\x00\x00\x00\x00\x00\x00\x00\x00\x00\x00\
\x00\x00\x00\x00\x00\x00\x00\x00\x00\x00\x00\x00\x00\x00\x00\x00\
\x00\x00\x00\x00\x00\x00\x00\x00\x00\x00\x00\x00\x00\x00\x00\x00\
\x00\x00\x00\x00\x002\x06\x15\x002\x06\x15\x032\x06\x15\
\x0b&\x00\x0e\x16l16F\x99PN\xe9\x94GI\
\xff\x8a;B\xe7]\x1e*ZR\x11#Wu\x182\
\xedr\x0e/\xffl\x0a-\xc8P\x08!9-\x06\x13\
\x122\x06\x15\x092\x06\x15\x052\x06\x15\x052\x06\x15\
\x062\x06\x15\x062\x06\x15\x062\x06\x15\x072\x06\x15\
\x072\x06\x15\x072\x06\x15\x072\x06\x15\x072\x06\x15\
\x082\x06\x15\x082\x06\x15\x092\x06\x15\x072\x06\x15\
\x052\x06\x15\x032\x06\x15\x012\x06\x15\x00\x00\x00\x00\
\x00\x00\x00\x00\x00\x00\x00\x00\x00\x00\x00\x00\x00\x00\x00\x00\
\x00\x00\x00\x00\x00\x00\x00\x00\x00\x00\x00\x00\x00\x00\x00\x00\
\x00\x00\x00\x00\x00\x00\x00\x00\x00\x00\x00\x00\x00\x00\x00\x00\
\x00\x00\x00\x00\x00\x00\x00\x00\x00\x00\x00\x00\x00\x00\x00\x00\
\x00\x00\x00\x00\x00\x00\x00\x00\x00\x00\x00\x00\x00\x00\x00\x00\
\x00\x00\x00\x00\x00\x00\x00\x00\x00\x00\x00\x00\x00\x00\x00\x00\
\x00\x00\x00\x00\x00\x00\x00\x00\x00\x00\x00\x00\x00\x00\x00\x00\
\x00\x00\x00\x00\x002\x06\x15\x002\x06\x15\x042\x06\x15\
\x0c\x1f\x00\x0a\x17\x84FEg\x9eVR\xf9\x96KL\
\xff\x8f@E\xff}1;\xb1a\x19*tx\x1d4\
\xf7s\x121\xffp\x0b.\xfcb\x09(k%\x05\x10\
\x142\x06\x15\x0d3\x06\x15\x0a'\x04\x0f\x0b\x08\x00\x01\
\x0c(\x04\x10\x0f3\x06\x16\x10&\x03\x0d\x10\x0f\x00\x00\
\x0f\x16\x01\x03\x10/\x05\x13\x112\x06\x15\x10 \x02\x08\
\x11\x16\x00\x00\x11\x18\x00\x01\x12\x17\x00\x02\x0f,\x04\x11\
\x0c3\x06\x15\x072\x06\x15\x032\x06\x15\x01\x00\x00\x00\
\x00\x00\x00\x00\x00\x00\x00\x00\x00\x00\x00\x00\x00\x00\x00\x00\
\x00\x00\x00\x00\x00\x00\x00\x00\x00\x00\x00\x00\x00\x00\x00\x00\
\x00\x00\x00\x00\x00\x00\x00\x00\x00\x00\x00\x00\x00\x00\x00\x00\
\x00\x00\x00\x00\x00\x00\x00\x00\x00\x00\x00\x00\x00\x00\x00\x00\
\x00\x00\x00\x00\x00\x00\x00\x00\x00\x00\x00\x00\x00\x00\x00\x00\
\x00\x00\x00\x00\x00\x00\x00\x00\x00\x00\x00\x00\x00\x00\x00\x00\
\x00\x00\x00\x00\x00\x00\x00\x00\x00\x00\x00\x00\x00\x00\x00\x00\
\x00\x00\x00\x00\x002\x06\x15\x012\x06\x15\x052\x06\x15\
\x0f*\x00\x10\x1c\x97WQ\x98\xa1[U\xff\x99ON\
\xff\x92DH\xff\x867@\xd9l!0\x8e{\x226\
\xfbu\x162\xffq\x0c/\xfdb\x09(o'\x05\x10\
\x172\x06\x15\x11*\x00\x0f\x0fuQL\x1e\xb5\x98\x81\
BnIG((\x00\x0c\x1cvPL/\xa7\x83t\
L\x9bvjDF\x1c%\x221\x05\x14\x1e\x85ZV\
;\x97kdO\x94gaO\x93d_G[.4\
\x1d,\x00\x10\x0c2\x06\x15\x052\x06\x15\x01\x00\x00\x00\
\x00\x00\x00\x00\x00\x00\x00\x00\x00\x00\x00\x00\x00\x00\x00\x00\
\x00\x00\x00\x00\x00\x00\x00\x00\x00\x00\x00\x00\x00\x00\x00\x00\
\x00\x00\x00\x00\x00\x00\x00\x00\x00\x00\x00\x00\x00\x00\x00\x00\
\x00\x00\x00\x00\x00\x00\x00\x00\x00\x00\x00\x00\x00\x00\x00\x00\
\x00\x00\x00\x00\x00\x00\x00\x00\x00\x00\x00\x00\x00\x00\x00\x00\
\x00\x00\x00\x00\x00\x00\x00\x00\x00\x00\x00\x00\x00\x00\x00\x00\
\x00\x00\x00\x00\x00\x00\x00\x00\x00\x00\x00\x00\x00\x00\x00\x00\
\x002\x06\x15\x002\x06\x15\x022\x06\x15\x07,\x01\x12\
\x12U#*,\xa4cY\xca\xa4_X\xff\x9cSQ\
\xff\x94GI\xf7s/7\x84f\x1f.{~&8\
\xfcw\x1b3\xffr\x0f0\xfdb\x09(q(\x05\x11\
\x192\x06\x15\x14\x14\x00\x00\x12\xb5\x98\x80G\xea\xd3\xad\
\xd9\xab\x8cy[\x14\x00\x00&\xc3\xa3\x8b\x8a\xde\xbd\xa0\
\xf3\xd6\xb3\x99\xdd\x87_YL+\x00\x0f*\xbb\x91\x80\
\xa4\xca\x9d\x8b\xf4\xc6\x97\x87\xf2\xc1\x91\x82\xdd\x8a[X\
?\x1b\x00\x04\x0f2\x06\x15\x072\x06\x15\x022\x06\x15\
\x00\x00\x00\x00\x00\x00\x00\x00\x00\x00\x00\x00\x00\x00\x00\x00\
\x00\x00\x00\x00\x00\x00\x00\x00\x00\x00\x00\x00\x00\x00\x00\x00\
\x00\x00\x00\x00\x00\x00\x00\x00\x00\x00\x00\x00\x00\x00\x00\x00\
\x00\x00\x00\x00\x00\x00\x00\x00\x00\x00\x00\x00\x00\x00\x00\x00\
\x00\x00\x00\x00\x00\x00\x00\x00\x00\x00\x00\x00\x00\x00\x00\x00\
\x00\x00\x00\x00\x00\x00\x00\x00\x00\x00\x00\x00\x00\x00\x00\x00\
\x00\x00\x00\x00\x00\x00\x00\x00\x00\x00\x00\x00\x00\x00\x00\x00\
\x002\x06\x15\x002\x06\x15\x032\x06\x15\x0a \x00\x0a\
\x14\x80IEL\xacl_\xed\xa7cZ\xff\x9fWS\
\xff\x93JJ\xddJ\x17\x22Id\x1f-p\x80*:\
\xf9z\x1f5\xfft\x131\xfed\x0b*{(\x05\x11\
\x1a2\x06\x15\x16\x17\x00\x00\x16\xb1\x94~O\xec\xd4\xae\
\xe7\xa6\x86tf@\x15 9\xd5\xb6\x99\xc4\xe0\xc0\xa2\
\xff\xdb\xb8\x9d\xfc\xaa\x84u}'\x00\x0c3\xbb\x90\x80\
\xb1\xcc\xa0\x8c\xff\xc8\x9a\x89\xff\xc2\x92\x83\xeb\x87XV\
F\x1e\x00\x05\x122\x06\x15\x082\x06\x15\x022\x06\x15\
\x00\x00\x00\x00\x00\x00\x00\x00\x00\x00\x00\x00\x00\x00\x00\x00\
\x00\x00\x00\x00\x00\x00\x00\x00\x00\x00\x00\x00\x00\x00\x00\x00\
\x00\x00\x00\x00\x00\x00\x00\x00\x00\x00\x00\x00\x00\x00\x00\x00\
\x00\x00\x00\x00\x00\x00\x00\x00\x00\x00\x00\x00\x00\x00\x00\x00\
\x00\x00\x00\x00\x00\x00\x00\x00\x00\x00\x00\x00\x00\x00\x00\x00\
\x00\x00\x00\x00\x00\x00\x00\x00\x00\x00\x00\x00\x00\x00\x00\x00\
\x00\x00\x00\x00\x00\x00\x00\x00\x00\x00\x00\x00\x00\x00\x00\x00\
\x002\x06\x15\x002\x06\x15\x042\x06\x15\x0c\x1c\x00\x07\
\x17\x9ccXz\xb1rc\xfe\xaag\x5c\xff\xa2\x5cV\
\xff\x95ML\xd5F\x14 C[\x1c)\x5c\x81-;\
\xef}#7\xffv\x172\xffg\x0e+\x86(\x04\x11\
\x1b2\x06\x15\x17\x19\x00\x01\x18\xad\x90{Q\xec\xd4\xae\
\xe8\x9f\x7foi|VQW\xdf\xc1\xa2\xea\xe0\xc0\xa2\
\xff\xdc\xb9\x9e\xff\xc1\x9c\x87\xb04\x09\x17=\xb9\x8f\x7f\
\xb3\xcc\xa0\x8d\xff\xc8\x9a\x88\xff\xc2\x92\x83\xec\x85VT\
G\x1f\x00\x07\x132\x06\x15\x092\x06\x15\x022\x06\x15\
\x00\x00\x00\x00\x00\x00\x00\x00\x00\x00\x00\x00\x00\x00\x00\x00\
\x00\x00\x00\x00\x00\x00\x00\x00\x00\x00\x00\x00\x00\x00\x00\x00\
\x00\x00\x00\x00\x00\x00\x00\x00\x00\x00\x00\x00\x00\x00\x00\x00\
\x00\x00\x00\x00\x00\x00\x00\x00\x00\x00\x00\x00\x00\x00\x00\x00\
\x00\x00\x00\x00\x00\x00\x00\x00\x00\x00\x00\x00\x00\x00\x00\x00\
\x00\x00\x00\x00\x00\x00\x00\x00\x00\x00\x00\x00\x00\x00\x00\x00\
\x00\x00\x00\x00\x00\x00\x00\x00\x00\x00\x00\x00\x00\x00\x00\x00\
\x002\x06\x15\x012\x06\x15\x051\x05\x14\x0f2\x06\x15\
\x1e\xacrb\xa6\xb4wf\xff\xack_\xff\xa5`X\
\xff\x96PN\xc7<\x0e\x1b:P\x17$J\x820<\
\xe2\x7f'9\xffx\x1c4\xffk\x12-\x92)\x04\x11\
\x1c2\x06\x15\x18\x1a\x00\x01\x18\xac\x8fzR\xec\xd4\xae\
\xe8\x9c{lj\xae\x8d{\x82\xe4\xc6\xa6\xfd\xe0\xc0\xa2\
\xff\xdc\xba\x9e\xff\xcf\xaa\x92\xda\x5c16N\xb8\x8e~\
\xb3\xcc\xa0\x8d\xff\xc8\x9a\x89\xff\xc2\x93\x83\xec\x85VT\
H\x1f\x00\x07\x132\x06\x15\x092\x06\x15\x022\x06\x15\
\x00\x00\x00\x00\x00\x00\x00\x00\x00\x00\x00\x00\x00\x00\x00\x00\
\x00\x00\x00\x00\x00\x00\x00\x00\x00\x00\x00\x00\x00\x00\x00\x00\
\x00\x00\x00\x00\x00\x00\x00\x00\x00\x00\x00\x00\x00\x00\x00\x00\
\x00\x00\x00\x00\x00\x00\x00\x00\x00\x00\x00\x00\x00\x00\x00\x00\
\x00\x00\x00\x00\x00\x00\x00\x00\x00\x00\x00\x00\x00\x00\x00\x00\
\x00\x00\x00\x00\x00\x00\x00\x00\x00\x00\x00\x00\x00\x00\x00\x00\
\x00\x00\x00\x00\x00\x00\x00\x00\x00\x00\x00\x00\x00\x00\x00\x00\
\x002\x06\x15\x012\x06\x15\x06-\x01\x12\x10T%+\
(\xb5|i\xc7\xb7zh\xff\xafoa\xff\xa8d[\
\xff\x95QN\xaf1\x05\x141F\x12\x1f=\x832=\
\xd2\x82,;\xff{ 6\xffn\x16/\x9e-\x04\x13\
\x1f2\x06\x15\x18\x1a\x00\x02\x19\xac\x8eyR\xec\xd5\xae\
\xe8\xa0\x7foo\xcd\xb0\x94\xb2\xe5\xc8\xa7\xff\xe0\xc0\xa2\
\xff\xdc\xba\x9e\xff\xd5\xb1\x98\xf4\x8cc]n\xb7\x8d}\
\xb2\xcc\xa1\x8d\xff\xc8\x9a\x89\xff\xc2\x93\x83\xec\x85VT\
H\x1f\x00\x07\x132\x06\x15\x092\x06\x15\x022\x06\x15\
\x00\x00\x00\x00\x00\x00\x00\x00\x00\x00\x00\x00\x00\x00\x00\x00\
\x00\x00\x00\x00\x00\x00\x00\x00\x00\x00\x00\x00\x00\x00\x00\x00\
\x00\x00\x00\x00\x00\x00\x00\x00\x00\x00\x00\x00\x00\x00\x00\x00\
\x00\x00\x00\x00\x00\x00\x00\x00\x00\x00\x00\x00\x00\x00\x00\x00\
\x00\x00\x00\x00\x00\x00\x00\x00\x00\x00\x00\x00\x00\x00\x00\x00\
\x00\x00\x00\x00\x00\x00\x00\x00\x00\x00\x00\x00\x00\x00\x00\x00\
\x00\x00\x00\x00\x00\x00\x00\x00\x00\x00\x00\x00\x00\x00\x00\x00\
\x002\x06\x15\x012\x06\x15\x07'\x00\x0e\x11m<;\
3\xbb\x83n\xd8\xba~k\xff\xb2sd\xff\xaah]\
\xff\x91QM\x95(\x00\x0f+<\x0c\x1a4\x835>\
\xc2\x850=\xff}$7\xffq\x1a1\xaa2\x05\x15\
!2\x06\x15\x19\x1b\x00\x02\x19\xac\x8eyR\xeb\xd4\xae\
\xe7\xb1\x93~\x80\xde\xc2\xa2\xdb\xe5\xc8\xa7\xff\xe1\xc1\xa3\
\xff\xd7\xb5\x9a\xe9\xd4\xaf\x96\xef\xb0\x88y\x99\xb7\x8d}\
\xb2\xcd\xa1\x8d\xff\xc9\x9b\x89\xff\xc3\x93\x84\xec\x85VT\
H\x1f\x00\x06\x132\x06\x15\x092\x06\x15\x022\x06\x15\
\x00\x00\x00\x00\x00\x00\x00\x00\x00\x00\x00\x00\x00\x00\x00\x00\
\x00\x00\x00\x00\x00\x00\x00\x00\x00\x00\x00\x00\x00\x00\x00\x00\
\x00\x00\x00\x00\x00\x00\x00\x00\x00\x00\x00\x00\x00\x00\x00\x00\
\x00\x00\x00\x00\x00\x00\x00\x00\x00\x00\x00\x00\x00\x00\x00\x00\
\x00\x00\x00\x00\x00\x00\x00\x00\x00\x00\x00\x00\x00\x00\x00\x00\
\x00\x00\x00\x00\x00\x00\x00\x00\x00\x00\x00\x00\x00\x00\x00\x00\
\x00\x00\x00\x00\x00\x00\x00\x00\x00\x00\x00\x00\x00\x00\x00\x00\
\x002\x06\x15\x012\x06\x15\x07$\x00\x0c\x11tDA\
6\xbe\x88q\xde\xbc\x82m\xff\xb5wf\xff\xadl_\
\xfe\x8aMI{&\x00\x0e)6\x09\x17/\x837?\
\xb3\x874?\xff\x80(9\xfft\x1d3\xb66\x07\x17\
$1\x06\x15\x1a\x1b\x00\x02\x1a\xab\x8eyS\xeb\xd4\xae\
\xe5\xca\xae\x92\xa2\xe6\xcb\xa9\xf4\xe5\xc8\xa7\xff\xe1\xc2\xa3\
\xff\xc3\xa0\x8a\xaf\xc6\xa0\x8b\xc2\xc5\x9e\x8a\xc7\xbb\x91\x80\
\xb9\xcd\xa1\x8d\xff\xc9\x9b\x89\xff\xc3\x93\x84\xec\x85WU\
H\x1f\x00\x06\x132\x06\x15\x092\x06\x15\x022\x06\x15\
\x00\x00\x00\x00\x00\x00\x00\x00\x00\x00\x00\x00\x00\x00\x00\x00\
\x00\x00\x00\x00\x00\x00\x00\x00\x00\x00\x00\x00\x00\x00\x00\x00\
\x00\x00\x00\x00\x00\x00\x00\x00\x00\x00\x00\x00\x00\x00\x00\x00\
\x00\x00\x00\x00\x00\x00\x00\x00\x00\x00\x00\x00\x00\x00\x00\x00\
\x00\x00\x00\x00\x00\x00\x00\x00\x00\x00\x00\x00\x00\x00\x00\x00\
\x00\x00\x00\x00\x00\x00\x00\x00\x00\x00\x00\x00\x00\x00\x00\x00\
\x00\x00\x00\x00\x00\x00\x00\x00\x00\x00\x00\x00\x00\x00\x00\x00\
\x002\x06\x15\x012\x06\x15\x07(\x00\x0f\x11g99\
/\xbf\x8ar\xd3\xbf\x86p\xff\xb7{i\xff\xafpb\
\xfa\x84JGm%\x00\x0d)1\x06\x15-\x849@\
\xa8\x8a8A\xff\x82,;\xffx!5\xc1;\x09\x19\
(1\x06\x15\x1b\x1c\x00\x03\x1b\xab\x8eyS\xec\xd5\xae\
\xe7\xe0\xc6\xa4\xd0\xe9\xce\xab\xfe\xe5\xc8\xa7\xff\xe0\xc1\xa2\
\xfb\xa1}oy\xae\x87w\x90\xcf\xa8\x92\xe8\xc3\x99\x87\
\xce\xcd\xa1\x8d\xff\xc9\x9b\x89\xff\xc3\x94\x84\xec\x85WU\
H\x1f\x00\x06\x132\x06\x15\x092\x06\x15\x022\x06\x15\
\x00\x00\x00\x00\x00\x00\x00\x00\x00\x00\x00\x00\x00\x00\x00\x00\
\x00\x00\x00\x00\x00\x00\x00\x00\x00\x00\x00\x00\x00\x00\x00\x00\
\x00\x00\x00\x00\x00\x00\x00\x00\x00\x00\x00\x00\x00\x00\x00\x00\
\x00\x00\x00\x00\x00\x00\x00\x00\x00\x00\x00\x00\x00\x00\x00\x00\
\x00\x00\x00\x00\x00\x00\x00\x00\x00\x00\x00\x00\x00\x00\x00\x00\
\x00\x00\x00\x00\x00\x00\x00\x00\x00\x00\x00\x00\x00\x00\x00\x00\
\x00\x00\x00\x00\x00\x00\x00\x00\x00\x00\x00\x00\x00\x00\x00\x00\
\x002\x06\x15\x012\x06\x15\x060\x04\x13\x10>\x12\x1e\
!\xbb\x87p\xb3\xc2\x8bs\xff\xba\x7fk\xff\xb3te\
\xff\x9d_V\xa78\x0a\x181,\x02\x12-\x84;@\
\xa0\x8d<D\xff\x850=\xff{%7\xcbC\x0c\x1d\
-0\x05\x14\x1b\x1c\x00\x03\x1b\xaa\x8dxS\xee\xd7\xaf\
\xee\xec\xd3\xae\xf8\xea\xcf\xac\xff\xe6\xc9\xa8\xff\xdc\xbc\x9f\
\xe5rKIP\x89`Za\xd1\xaa\x93\xee\xcd\xa4\x8f\
\xf0\xcd\xa1\x8e\xff\xc9\x9b\x8a\xff\xc3\x94\x84\xec\x85WU\
H\x1f\x00\x06\x132\x06\x15\x092\x06\x15\x022\x06\x15\
\x00\x00\x00\x00\x00\x00\x00\x00\x00\x00\x00\x00\x00\x00\x00\x00\
\x00\x00\x00\x00\x00\x00\x00\x00\x00\x00\x00\x00\x00\x00\x00\x00\
\x00\x00\x00\x00\x00\x00\x00\x00\x00\x00\x00\x00\x00\x00\x00\x00\
\x00\x00\x00\x00\x00\x00\x00\x00\x00\x00\x00\x00\x00\x00\x00\x00\
\x00\x00\x00\x00\x00\x00\x00\x00\x00\x00\x00\x00\x00\x00\x00\x00\
\x00\x00\x00\x00\x00\x00\x00\x00\x00\x00\x00\x00\x00\x00\x00\x00\
\x00\x00\x00\x00\x00\x00\x00\x00\x00\x00\x00\x00\x00\x00\x00\x00\
\x002\x06\x15\x012\x06\x15\x042\x06\x15\x0d\x1d\x00\x07\
\x19\xb1\x7fj\x8a\xc4\x8eu\xff\xbd\x83n\xff\xb5xg\
\xff\xabk_\xe7i36P$\x00\x0d.\x84=A\
\x9b\x8f@F\xff\x875?\xff~)9\xd6L\x10!\
5/\x05\x14\x1c\x1d\x00\x03\x1c\xaa\x8cxS\xef\xd8\xb0\
\xf1\xee\xd6\xaf\xff\xe9\xcf\xac\xff\xe6\xc9\xa8\xff\xd3\xb3\x98\
\xbe@\x15 6[16@\xcb\xa4\x8f\xd3\xd1\xa8\x92\
\xff\xcd\xa1\x8d\xff\xc9\x9c\x8a\xff\xc3\x94\x84\xec\x85WU\
H\x1f\x00\x06\x132\x06\x15\x092\x06\x15\x022\x06\x15\
\x00\x00\x00\x00\x00\x00\x00\x00\x00\x00\x00\x00\x00\x00\x00\x00\
\x00\x00\x00\x00\x00\x00\x00\x00\x00\x00\x00\x00\x00\x00\x00\x00\
\x00\x00\x00\x00\x00\x00\x00\x00\x00\x00\x00\x00\x00\x00\x00\x00\
\x00\x00\x00\x00\x00\x00\x00\x00\x00\x00\x00\x00\x00\x00\x00\x00\
\x00\x00\x00\x00\x00\x00\x00\x00\x00\x00\x00\x00\x00\x00\x00\x00\
\x00\x00\x00\x00\x00\x00\x00\x00\x00\x00\x00\x00\x00\x00\x00\x00\
\x00\x00\x00\x00\x00\x00\x00\x00\x00\x00\x00\x00\x00\x00\x00\x00\
\x002\x06\x15\x002\x06\x15\x032\x06\x15\x0b\x17\x00\x03\
\x15\x9fo^a\xc6\x91w\xf8\xbf\x87p\xff\xb8|j\
\xff\xb0qb\xfb\x87LHx \x00\x0a0\x85?B\
\x9b\x92EH\xff\x8a9B\xff\x81-;\xe6X\x17'\
C,\x03\x12\x1d\x1d\x00\x04\x1c\xaa\x8dxS\xef\xd9\xb1\
\xf1\xee\xd6\xb0\xff\xea\xd0\xac\xff\xe6\xc9\xa8\xff\xc1\xa1\x8a\
\x8a\x22\x00\x08(/\x03\x13+\xbf\x97\x85\xa4\xd1\xa8\x92\
\xff\xcd\xa2\x8d\xff\xca\x9c\x8a\xff\xc4\x94\x85\xec\x86XU\
G\x1f\x00\x06\x132\x06\x15\x092\x06\x15\x022\x06\x15\
\x00\x00\x00\x00\x00\x00\x00\x00\x00\x00\x00\x00\x00\x00\x00\x00\
\x00\x00\x00\x00\x00\x00\x00\x00\x00\x00\x00\x00\x00\x00\x00\x00\
\x00\x00\x00\x00\x00\x00\x00\x00\x00\x00\x00\x00\x00\x00\x00\x00\
\x00\x00\x00\x00\x00\x00\x00\x00\x00\x00\x00\x00\x00\x00\x00\x00\
\x00\x00\x00\x00\x00\x00\x00\x00\x00\x00\x00\x00\x00\x00\x00\x00\
\x00\x00\x00\x00\x00\x00\x00\x00\x00\x00\x00\x00\x00\x00\x00\x00\
\x00\x00\x00\x00\x00\x00\x00\x00\x00\x00\x00\x00\x00\x00\x00\x00\
\x002\x06\x15\x002\x06\x15\x022\x06\x15\x09!\x00\x0a\
\x13\x81SK@\xc5\x92w\xe4\xc2\x8bs\xff\xbb\x80l\
\xff\xb3ue\xff\x98[S\x9e%\x00\x0e5\x87CD\
\xa0\x95IJ\xff\x8d=D\xff\x852>\xf1d\x1e-\
T)\x02\x11\x1d\x1c\x00\x03\x1c\xae\x90{Q\xef\xd9\xb1\
\xf1\xee\xd7\xb0\xff\xeb\xd0\xac\xff\xe4\xc8\xa7\xf2\xa4\x81r\
X \x00\x06 \x1e\x00\x05 \xaa\x82tn\xd0\xa8\x92\
\xfa\xcd\xa2\x8e\xff\xca\x9d\x8a\xff\xc4\x95\x85\xeb\x89ZW\
E\x1d\x00\x05\x122\x06\x15\x082\x06\x15\x022\x06\x15\
\x00\x00\x00\x00\x00\x00\x00\x00\x00\x00\x00\x00\x00\x00\x00\x00\
\x00\x00\x00\x00\x00\x00\x00\x00\x00\x00\x00\x00\x00\x00\x00\x00\
\x00\x00\x00\x00\x00\x00\x00\x00\x00\x00\x00\x00\x00\x00\x00\x00\
\x00\x00\x00\x00\x00\x00\x00\x00\x00\x00\x00\x00\x00\x00\x00\x00\
\x00\x00\x00\x00\x00\x00\x00\x00\x00\x00\x00\x00\x00\x00\x00\x00\
\x00\x00\x00\x00\x00\x00\x00\x00\x00\x00\x00\x00\x00\x00\x00\x00\
\x00\x00\x00\x00\x00\x00\x00\x00\x00\x00\x00\x00\x00\x00\x00\x00\
\x00\x00\x00\x00\x002\x06\x15\x012\x06\x15\x07,\x01\x11\
\x11V).)\xc2\x90v\xc6\xc5\x90v\xff\xbd\x84n\
\xff\xb6yh\xff\xa4f[\xc18\x0b\x19?\x8cHG\
\xa8\x98MM\xff\x90AF\xff\x886@\xfam$1\
e&\x00\x0f\x1c\x1e\x00\x05\x1a\xaa\x8dxF\xea\xd4\xad\
\xd0\xe9\xd0\xab\xde\xe5\xca\xa8\xe0\xda\xbd\x9e\xbbmFE\
3+\x00\x10\x1d'\x00\x0c\x1d\x82YT?\xc9\xa0\x8c\
\xca\xc8\x9d\x8a\xdf\xc5\x98\x87\xdf\xc0\x91\x82\xcb\x87YV\
;\x1d\x00\x05\x0f2\x06\x15\x072\x06\x15\x02\x00\x00\x00\
\x00\x00\x00\x00\x00\x00\x00\x00\x00\x00\x00\x00\x00\x00\x00\x00\
\x00\x00\x00\x00\x00\x00\x00\x00\x00\x00\x00\x00\x00\x00\x00\x00\
\x00\x00\x00\x00\x00\x00\x00\x00\x00\x00\x00\x00\x00\x00\x00\x00\
\x00\x00\x00\x00\x00\x00\x00\x00\x00\x00\x00\x00\x00\x00\x00\x00\
\x00\x00\x00\x00\x00\x00\x00\x00\x00\x00\x00\x00\x00\x00\x00\x00\
\x00\x00\x00\x00\x00\x00\x00\x00\x00\x00\x00\x00\x00\x00\x00\x00\
\x00\x00\x00\x00\x00\x00\x00\x00\x00\x00\x00\x00\x00\x00\x00\x00\
\x00\x00\x00\x00\x002\x06\x15\x012\x06\x15\x051\x05\x14\
\x0f+\x00\x10\x1d\xbb\x8br\x9f\xc8\x94y\xff\xc0\x88q\
\xff\xb9}j\xff\xacn`\xdeV$+Q\x91NK\
\xb4\x9bQO\xff\x93EH\xff\x8b:B\xfds)5\
t%\x00\x0f\x1b0\x03\x13\x18Q)/\x1e\x85bY\
4~ZS<yTO?jCC72\x06\x15\
$.\x02\x12\x1f0\x04\x13\x1f9\x0e\x1b%h=?\
:lAC@mAC>pCD4H\x1b%\
\x1a/\x03\x13\x0c2\x06\x15\x052\x06\x15\x01\x00\x00\x00\
\x00\x00\x00\x00\x00\x00\x00\x00\x00\x00\x00\x00\x00\x00\x00\x00\
\x00\x00\x00\x00\x00\x00\x00\x00\x00\x00\x00\x00\x00\x00\x00\x00\
\x00\x00\x00\x00\x00\x00\x00\x00\x00\x00\x00\x00\x00\x00\x00\x00\
\x00\x00\x00\x00\x00\x00\x00\x00\x00\x00\x00\x00\x00\x00\x00\x00\
\x00\x00\x00\x00\x00\x00\x00\x00\x00\x00\x00\x00\x00\x00\x00\x00\
\x00\x00\x00\x00\x00\x00\x00\x00\x00\x00\x00\x00\x00\x00\x00\x00\
\x00\x00\x00\x00\x00\x00\x00\x00\x00\x00\x00\x00\x00\x00\x00\x00\
\x00\x00\x00\x00\x002\x06\x15\x002\x06\x15\x042\x06\x15\
\x0c\x16\x00\x02\x17\xae~iv\xca\x97{\xfe\xc3\x8ct\
\xff\xbb\x81m\xff\xb2ue\xf4xA@o\x98UP\
\xc4\x9eUR\xff\x96IK\xff\x8e>D\xffy.8\
\x81%\x00\x0e\x1b2\x06\x15\x15/\x04\x12\x14'\x00\x0c\
\x19&\x00\x0b!\x19\x00\x02$)\x05\x0e(K!)\
.Y/5/A\x16!)$\x01\x0a%$\x00\x0a\
'$\x00\x0a'(\x00\x0d#*\x00\x0f\x1a0\x05\x13\
\x102\x06\x15\x082\x06\x15\x032\x06\x15\x01\x00\x00\x00\
\x00\x00\x00\x00\x00\x00\x00\x00\x00\x00\x00\x00\x00\x00\x00\x00\
\x00\x00\x00\x00\x00\x00\x00\x00\x00\x00\x00\x00\x00\x00\x00\x00\
\x00\x00\x00\x00\x00\x00\x00\x00\x00\x00\x00\x00\x00\x00\x00\x00\
\x00\x00\x00\x00\x00\x00\x00\x00\x00\x00\x00\x00\x00\x00\x00\x00\
\x00\x00\x00\x00\x00\x00\x00\x00\x00\x00\x00\x00\x00\x00\x00\x00\
\x00\x00\x00\x00\x00\x00\x00\x00\x00\x00\x00\x00\x00\x00\x00\x00\
\x00\x00\x00\x00\x00\x00\x00\x00\x00\x00\x00\x00\x00\x00\x00\x00\
\x00\x00\x00\x00\x002\x06\x15\x002\x06\x15\x032\x06\x15\
\x0a\x1a\x00\x05\x14\x96hYP\xcb\x99|\xf0\xc6\x90v\
\xff\xbe\x85o\xff\xb7zh\xff\x9daW\xb0\xa1^V\
\xdd\xa1YT\xff\x98NM\xff\x91BG\xff}3<\
\x8c%\x00\x0e\x1b2\x06\x15\x142\x06\x15\x14(\x00\x0d\
\x19L)**\xb0\x91|d\xd0\xb3\x96\xa3\xd8\xb8\x9c\
\xc6\xd6\xb4\x9a\xcd\xce\xaa\x92\xbb\xb4\x8e}\x84\x88^Y\
U\xb6\x8b|\x94\x9fsi[#\x00\x09\x172\x06\x15\
\x0d2\x06\x15\x052\x06\x15\x012\x06\x15\x00\x00\x00\x00\
\x00\x00\x00\x00\x00\x00\x00\x00\x00\x00\x00\x00\x00\x00\x00\x00\
\x00\x00\x00\x00\x00\x00\x00\x00\x00\x00\x00\x00\x00\x00\x00\x00\
\x00\x00\x00\x00\x00\x00\x00\x00\x00\x00\x00\x00\x00\x00\x00\x00\
\x00\x00\x00\x00\x00\x00\x00\x00\x00\x00\x00\x00\x00\x00\x00\x00\
\x00\x00\x00\x00\x00\x00\x00\x00\x00\x00\x00\x00\x00\x00\x00\x00\
\x00\x00\x00\x00\x00\x00\x00\x00\x00\x00\x00\x00\x00\x00\x00\x00\
\x00\x00\x00\x00\x00\x00\x00\x00\x00\x00\x00\x00\x00\x00\x00\x00\
\x00\x00\x00\x00\x002\x06\x15\x002\x06\x15\x022\x06\x15\
\x08'\x00\x0d\x12pC?4\xc9\x99|\xd7\xc9\x95y\
\xff\xc1\x89r\xff\xb9~k\xff\xb1sd\xfa\xaah]\
\xfc\xa3]V\xff\x9bRP\xff\x93FI\xff\x817>\
\x93&\x00\x0f\x1d2\x06\x15\x18(\x00\x0d\x18pOH\
.\xda\xc0\x9f\xa0\xe9\xd0\xac\xf4\xe7\xcc\xa9\xff\xd7\xb8\x9b\
\xc9\xbf\x9c\x87\x95\xd0\xab\x93\xce\xd6\xb0\x97\xfc\xce\xa5\x90\
\xe7\xce\xa3\x8f\xfc\xb5\x89{\x87\x16\x00\x00\x162\x06\x15\
\x0c2\x06\x15\x042\x06\x15\x00\x00\x00\x00\x00\x00\x00\x00\
\x00\x00\x00\x00\x00\x00\x00\x00\x00\x00\x00\x00\x00\x00\x00\x00\
\x00\x00\x00\x00\x00\x00\x00\x00\x00\x00\x00\x00\x00\x00\x00\x00\
\x00\x00\x00\x00\x00\x00\x00\x00\x00\x00\x00\x00\x00\x00\x00\x00\
\x00\x00\x00\x00\x00\x00\x00\x00\x00\x00\x00\x00\x00\x00\x00\x00\
\x00\x00\x00\x00\x00\x00\x00\x00\x00\x00\x00\x00\x00\x00\x00\x00\
\x00\x00\x00\x00\x00\x00\x00\x00\x00\x00\x00\x00\x00\x00\x00\x00\
\x00\x00\x00\x00\x00\x00\x00\x00\x00\x00\x00\x00\x00\x00\x00\x00\
\x00\x00\x00\x00\x00\x00\x00\x00\x002\x06\x15\x012\x06\x15\
\x060\x04\x13\x11@\x14\x1f#\xc4\x95y\xb4\xcc\x99|\
\xff\xc3\x8dt\xff\xbc\x82m\xff\xb5wf\xff\xadm`\
\xff\xa6aY\xff\x9eVR\xff\x96JK\xff\x84:@\
\x99)\x00\x10!0\x04\x14\x1d9\x11\x1b\x22\xd9\xc1\x9e\
\x93\xef\xd8\xb0\xfd\xec\xd2\xae\xff\xe1\xc5\xa4\xe0~ZS\
N\x0f\x00\x00+\x9buii\xd5\xaf\x96\xf6\xd3\xab\x94\
\xff\xcf\xa4\x8f\xff\xb4\x88z\x87\x18\x00\x01\x182\x06\x15\
\x0d2\x06\x15\x042\x06\x15\x00\x00\x00\x00\x00\x00\x00\x00\
\x00\x00\x00\x00\x00\x00\x00\x00\x00\x00\x00\x00\x00\x00\x00\x00\
\x00\x00\x00\x00\x00\x00\x00\x00\x00\x00\x00\x00\x00\x00\x00\x00\
\x00\x00\x00\x00\x00\x00\x00\x00\x00\x00\x00\x00\x00\x00\x00\x00\
\x00\x00\x00\x00\x00\x00\x00\x00\x00\x00\x00\x00\x00\x00\x00\x00\
\x00\x00\x00\x00\x00\x00\x00\x00\x00\x00\x00\x00\x00\x00\x00\x00\
\x00\x00\x00\x00\x00\x00\x00\x00\x00\x00\x00\x00\x00\x00\x00\x00\
\x00\x00\x00\x00\x00\x00\x00\x00\x00\x00\x00\x00\x00\x00\x00\x00\
\x00\x00\x00\x00\x00\x00\x00\x00\x002\x06\x15\x012\x06\x15\
\x062\x06\x15\x10\x1f\x00\x08\x1d\xb8\x8aq\x8d\xce\x9d\x7f\
\xff\xc6\x92w\xff\xbf\x86p\xff\xb7{i\xff\xb0pb\
\xff\xa9e[\xff\xa1ZU\xff\x99ON\xff\x86>B\
\x9d+\x01\x11&$\x00\x09\x22\x9e\x80nL\xef\xd9\xb0\
\xe7\xf0\xd9\xb1\xff\xec\xd3\xae\xff\xd7\xbb\x9c\xbc<\x12\x1d\
4&\x00\x0b-\x8eg_\x5c\xd4\xae\x96\xf1\xd3\xab\x94\
\xff\xcf\xa4\x8f\xff\xb3\x87y\x88\x19\x00\x02\x192\x06\x15\
\x0d2\x06\x15\x042\x06\x15\x00\x00\x00\x00\x00\x00\x00\x00\
\x00\x00\x00\x00\x00\x00\x00\x00\x00\x00\x00\x00\x00\x00\x00\x00\
\x00\x00\x00\x00\x00\x00\x00\x00\x00\x00\x00\x00\x00\x00\x00\x00\
\x00\x00\x00\x00\x00\x00\x00\x00\x00\x00\x00\x00\x00\x00\x00\x00\
\x00\x00\x00\x00\x00\x00\x00\x00\x00\x00\x00\x00\x00\x00\x00\x00\
\x00\x00\x00\x00\x00\x00\x00\x00\x00\x00\x00\x00\x00\x00\x00\x00\
\x00\x00\x00\x00\x00\x00\x00\x00\x00\x00\x00\x00\x00\x00\x00\x00\
\x00\x00\x00\x00\x00\x00\x00\x00\x00\x00\x00\x00\x00\x00\x00\x00\
\x00\x00\x00\x00\x002\x06\x15\x002\x06\x15\x022\x06\x15\
\x072\x06\x15\x12\x17\x00\x03\x1d\xa5zdm\xd0\xa0\x81\
\xfb\xc9\x96z\xff\xc1\x8ar\xff\xba\x7fl\xff\xb3te\
\xff\xabi^\xff\xa4^W\xff\x9cSP\xff\x87AC\
\x9f*\x00\x10+\x1f\x00\x06)\xcc\xb2\x93\x83\xf3\xde\xb4\
\xff\xf0\xd9\xb1\xff\xec\xd3\xae\xff\xd0\xb3\x96\xa8-\x01\x11\
0\x22\x00\x08-\x8ef_\x5c\xd4\xae\x96\xf1\xd3\xab\x94\
\xff\xcf\xa5\x90\xff\xb3\x87y\x88\x19\x00\x02\x192\x06\x15\
\x0d2\x06\x15\x042\x06\x15\x00\x00\x00\x00\x00\x00\x00\x00\
\x00\x00\x00\x00\x00\x00\x00\x00\x00\x00\x00\x00\x00\x00\x00\x00\
\x00\x00\x00\x00\x00\x00\x00\x00\x00\x00\x00\x00\x00\x00\x00\x00\
\x00\x00\x00\x00\x00\x00\x00\x00\x00\x00\x00\x00\x00\x00\x00\x00\
\x00\x00\x00\x00\x00\x00\x00\x00\x00\x00\x00\x00\x00\x00\x00\x00\
\x00\x00\x00\x00\x00\x00\x00\x00\x00\x00\x00\x00\x00\x00\x00\x00\
\x00\x00\x00\x00\x00\x00\x00\x00\x00\x00\x00\x00\x00\x00\x00\x00\
\x00\x00\x00\x00\x00\x00\x00\x00\x00\x00\x00\x00\x00\x00\x00\x00\
\x00\x00\x00\x00\x002\x06\x15\x002\x06\x15\x032\x06\x15\
\x0a*\x00\x0f\x15X00-\xc8\x9e~\xad\xd4\xa6\x84\
\xff\xcc\x9a}\xff\xc4\x8eu\xff\xbd\x83n\xff\xb6xg\
\xff\xaen`\xff\xa7bZ\xff\x9fWS\xff\x8dFG\
\xb5F\x13 ?*\x00\x0f2\xda\xc3\x9f\xa7\xf4\xdf\xb5\
\xff\xf0\xd9\xb1\xff\xec\xd3\xae\xff\xca\xac\x91\x9d-\x00\x11\
3V-2=\x9btii\xd4\xaf\x96\xf2\xd3\xab\x94\
\xff\xcf\xa5\x90\xff\xb4\x88z\x87\x18\x00\x01\x182\x06\x15\
\x0d2\x06\x15\x042\x06\x15\x00\x00\x00\x00\x00\x00\x00\x00\
\x00\x00\x00\x00\x00\x00\x00\x00\x00\x00\x00\x00\x00\x00\x00\x00\
\x00\x00\x00\x00\x00\x00\x00\x00\x00\x00\x00\x00\x00\x00\x00\x00\
\x00\x00\x00\x00\x00\x00\x00\x00\x00\x00\x00\x00\x00\x00\x00\x00\
\x00\x00\x00\x00\x00\x00\x00\x00\x00\x00\x00\x00\x00\x00\x00\x00\
\x00\x00\x00\x00\x00\x00\x00\x00\x00\x00\x00\x00\x00\x00\x00\x00\
\x00\x00\x00\x00\x00\x00\x00\x00\x00\x00\x00\x00\x00\x00\x00\x00\
\x00\x00\x00\x00\x00\x00\x00\x00\x00\x00\x00\x00\x00\x00\x00\x00\
\x00\x00\x00\x00\x002\x06\x15\x012\x06\x15\x050\x04\x14\
\x0e4\x08\x16\x1c\xc8\xa2\x81\x89\xdd\xb5\x8e\xfa\xd6\xaa\x87\
\xff\xcf\x9e\x7f\xff\xc7\x93x\xff\xc0\x87q\xff\xb8|j\
\xff\xb1qc\xff\xa9f\x5c\xff\xa2[U\xff\x99PN\
\xfb\x89@C\xb9J\x16\x22H\xdd\xc7\xa2\xb2\xf4\xe0\xb5\
\xff\xf0\xd9\xb1\xff\xed\xd4\xae\xff\xc7\xaa\x8f\x9bd<>\
G\xd2\xb1\x97\xc6\xd6\xb3\x99\xe3\xd7\xb2\x99\xfd\xd4\xac\x95\
\xff\xd0\xa6\x90\xff\xb6\x8a|\x86\x15\x00\x00\x152\x06\x15\
\x0b2\x06\x15\x032\x06\x15\x00\x00\x00\x00\x00\x00\x00\x00\
\x00\x00\x00\x00\x00\x00\x00\x00\x00\x00\x00\x00\x00\x00\x00\x00\
\x00\x00\x00\x00\x00\x00\x00\x00\x00\x00\x00\x00\x00\x00\x00\x00\
\x00\x00\x00\x00\x00\x00\x00\x00\x00\x00\x00\x00\x00\x00\x00\x00\
\x00\x00\x00\x00\x00\x00\x00\x00\x00\x00\x00\x00\x00\x00\x00\x00\
\x00\x00\x00\x00\x00\x00\x00\x00\x00\x00\x00\x00\x00\x00\x00\x00\
\x00\x00\x00\x00\x00\x00\x00\x00\x00\x00\x00\x00\x00\x00\x00\x00\
\x00\x00\x00\x00\x00\x00\x00\x00\x00\x00\x00\x00\x00\x00\x00\x00\
\x002\x06\x15\x002\x06\x15\x022\x06\x15\x08\x22\x00\x09\
\x12\x84^Q6\xe2\xbf\x94\xda\xe2\xbb\x92\xff\xd9\xaf\x8a\
\xff\xd1\xa2\x82\xff\xca\x97{\xff\xc2\x8bs\xff\xbb\x80l\
\xff\xb4ue\xff\xack_\xff\xa4_X\xff\x9dTQ\
\xff\x95IJ\xfd{4;\x96\xdb\xc5\xa0\xb1\xf4\xe0\xb5\
\xff\xf0\xda\xb1\xff\xed\xd4\xaf\xff\xc9\xab\x91\x9bR)/\
=\xbf\x9d\x88\x8d\xc2\x9f\x89\x9a\xbc\x96\x83\x99\xb8\x90\x7f\
\x99\xb8\x8d~\x97\x9cphS\x22\x00\x09\x142\x06\x15\
\x092\x06\x15\x032\x06\x15\x00\x00\x00\x00\x00\x00\x00\x00\
\x00\x00\x00\x00\x00\x00\x00\x00\x00\x00\x00\x00\x00\x00\x00\x00\
\x00\x00\x00\x00\x00\x00\x00\x00\x00\x00\x00\x00\x00\x00\x00\x00\
\x00\x00\x00\x00\x00\x00\x00\x00\x00\x00\x00\x00\x00\x00\x00\x00\
\x00\x00\x00\x00\x00\x00\x00\x00\x00\x00\x00\x00\x00\x00\x00\x00\
\x00\x00\x00\x00\x00\x00\x00\x00\x00\x00\x00\x00\x00\x00\x00\x00\
\x00\x00\x00\x00\x00\x00\x00\x00\x00\x00\x00\x00\x00\x00\x00\x00\
\x00\x00\x00\x00\x00\x00\x00\x00\x00\x00\x00\x00\x00\x00\x00\x00\
\x002\x06\x15\x012\x06\x15\x042\x06\x15\x0c\x13\x00\x00\
\x16\xb8\x96w_\xe9\xc8\x9b\xf7\xdf\xb9\x91\xeb\xd8\xae\x89\
\xef\xd4\xa7\x85\xff\xcd\x9b}\xff\xc5\x8fv\xff\xbe\x84o\
\xff\xb6zh\xff\xafoa\xff\xa6cZ\xfa\x95PM\
\xc5\x94IJ\xe7\x8c?D\xe7\xc5\x9c\x85\xcc\xf4\xe0\xb5\
\xff\xf1\xda\xb2\xff\xed\xd4\xaf\xff\xcf\xb2\x96\xa2(\x00\x0c\
-\x22\x00\x08& \x00\x07&(\x04\x0d+-\x09\x12\
.\x15\x00\x01%(\x03\x0d\x1d3\x06\x15\x122\x06\x15\
\x072\x06\x15\x022\x06\x15\x00\x00\x00\x00\x00\x00\x00\x00\
\x00\x00\x00\x00\x00\x00\x00\x00\x00\x00\x00\x00\x00\x00\x00\x00\
\x00\x00\x00\x00\x00\x00\x00\x00\x00\x00\x00\x00\x00\x00\x00\x00\
\x00\x00\x00\x00\x00\x00\x00\x00\x00\x00\x00\x00\x00\x00\x00\x00\
\x00\x00\x00\x00\x00\x00\x00\x00\x00\x00\x00\x00\x00\x00\x00\x00\
\x00\x00\x00\x00\x00\x00\x00\x00\x00\x00\x00\x00\x00\x00\x00\x00\
\x00\x00\x00\x00\x00\x00\x00\x00\x00\x00\x00\x00\x00\x00\x00\x00\
\x00\x00\x00\x00\x00\x00\x00\x00\x00\x00\x00\x00\x002\x06\x15\
\x002\x06\x15\x022\x06\x15\x072\x06\x15\x11\x1d\x00\x05\
\x1c\xd7\xb9\x8f\x93\xed\xcd\x9e\xfb\xb0\x8ap\x83\xc4\x9a|\
\xb1\xd8\xac\x88\xff\xcf\x9f\x80\xff\xc8\x94y\xff\xc0\x88q\
\xff\xb9~j\xff\xb2sd\xff\xa6eZ\xe3X%,\
S\x81=@\x97\x92EH\xff\x95KM\xfb\xc6\x97\x83\
\xff\xf0\xda\xb2\xff\xed\xd5\xaf\xff\xd6\xba\x9b\xb15\x0a\x18\
,1\x05\x14$-\x00\x11$h?@:\xbd\x96\x83\
\x9c\xa3ynd?\x13\x1f\x1f0\x04\x13\x0f2\x06\x15\
\x062\x06\x15\x012\x06\x15\x00\x00\x00\x00\x00\x00\x00\x00\
\x00\x00\x00\x00\x00\x00\x00\x00\x00\x00\x00\x00\x00\x00\x00\x00\
\x00\x00\x00\x00\x00\x00\x00\x00\x00\x00\x00\x00\x00\x00\x00\x00\
\x00\x00\x00\x00\x00\x00\x00\x00\x00\x00\x00\x00\x00\x00\x00\x00\
\x00\x00\x00\x00\x00\x00\x00\x00\x00\x00\x00\x00\x00\x00\x00\x00\
\x00\x00\x00\x00\x00\x00\x00\x00\x00\x00\x00\x00\x00\x00\x00\x00\
\x00\x00\x00\x00\x00\x00\x00\x00\x00\x00\x00\x00\x00\x00\x00\x00\
\x00\x00\x00\x00\x00\x00\x00\x00\x00\x00\x00\x00\x002\x06\x15\
\x002\x06\x15\x032\x06\x15\x0a&\x00\x0c\x15wTI\
4\xec\xd0\xa0\xce\xe5\xc7\x99\xd6X/1I\xba\x91u\
\x99\xdb\xb0\x8b\xff\xd2\xa4\x83\xff\xcb\x98{\xff\xc3\x8ct\
\xff\xbc\x82m\xff\xb4wf\xff\xa8h\x5c\xddO\x1e'\
If+2`\x94HJ\xf1\x8c;B\xff\xadqi\
\xfe\xf0\xd9\xb1\xff\xed\xd5\xaf\xff\xdf\xc3\xa2\xccV02\
5-\x01\x11%&\x00\x0c$\x81YSG\xd1\xa9\x93\
\xeb\xc8\x9f\x8b\xbcR&. ,\x00\x11\x0d2\x06\x15\
\x052\x06\x15\x01\x00\x00\x00\x00\x00\x00\x00\x00\x00\x00\x00\
\x00\x00\x00\x00\x00\x00\x00\x00\x00\x00\x00\x00\x00\x00\x00\x00\
\x00\x00\x00\x00\x00\x00\x00\x00\x00\x00\x00\x00\x00\x00\x00\x00\
\x00\x00\x00\x00\x00\x00\x00\x00\x00\x00\x00\x00\x00\x00\x00\x00\
\x00\x00\x00\x00\x00\x00\x00\x00\x00\x00\x00\x00\x00\x00\x00\x00\
\x00\x00\x00\x00\x00\x00\x00\x00\x00\x00\x00\x00\x00\x00\x00\x00\
\x00\x00\x00\x00\x00\x00\x00\x00\x00\x00\x00\x00\x00\x00\x00\x00\
\x00\x00\x00\x00\x00\x00\x00\x00\x00\x00\x00\x00\x002\x06\x15\
\x012\x06\x15\x05-\x01\x11\x0eI &\x1f\xe6\xcd\x9d\
\x9a\xf9\xe0\xaa\xff\xdc\xbe\x93\xb50\x05\x14;\xae\x86m\
\x83\xdd\xb3\x8d\xfe\xd5\xa8\x86\xff\xcd\x9c~\xff\xc6\x91v\
\xff\xbe\x85o\xff\xb7{i\xff\xadn`\xebg25\
VG\x15!B\x8bCE\xb2\x8f@E\xfb\xa2`\x5c\
\xf4\xea\xd1\xab\xf3\xee\xd6\xb0\xff\xe7\xcc\xa9\xf2\xaf\x8e{\
n,\x00\x10,3\x08\x16,\xb5\x8e}\x82\xd3\xac\x95\
\xf6\xb6\x8d~w\x1c\x00\x04\x152\x06\x15\x0b2\x06\x15\
\x042\x06\x15\x00\x00\x00\x00\x00\x00\x00\x00\x00\x00\x00\x00\
\x00\x00\x00\x00\x00\x00\x00\x00\x00\x00\x00\x00\x00\x00\x00\x00\
\x00\x00\x00\x00\x00\x00\x00\x00\x00\x00\x00\x00\x00\x00\x00\x00\
\x00\x00\x00\x00\x00\x00\x00\x00\x00\x00\x00\x00\x00\x00\x00\x00\
\x00\x00\x00\x00\x00\x00\x00\x00\x00\x00\x00\x00\x00\x00\x00\x00\
\x00\x00\x00\x00\x00\x00\x00\x00\x00\x00\x00\x00\x00\x00\x00\x00\
\x00\x00\x00\x00\x00\x00\x00\x00\x00\x00\x00\x00\x00\x00\x00\x00\
\x00\x00\x00\x00\x00\x00\x00\x00\x00\x00\x00\x00\x002\x06\x15\
\x012\x06\x15\x06%\x00\x0b\x10xTK-\xf6\xe0\xaa\
\xd1\xfc\xe4\xad\xff\xea\xcf\x9f\xd4W.0B\x9ewc\
m\xde\xb7\x8f\xf8\xd8\xac\x89\xff\xd0\xa1\x81\xff\xc9\x95y\
\xff\xc1\x8ar\xff\xba\x7fk\xff\xb2sd\xfb\x87MH\
w%\x00\x0d2T\x1e(L\x8fCF\xdf\x8c<C\
\xf7\xabym\xaf\xe5\xcc\xa8\xda\xea\xcf\xac\xfe\xe2\xc5\xa5\
\xe9\xcf\xaf\x95\xb1\xcd\xaa\x92\xb6\xd5\xb0\x97\xe9\xc7\xa0\x8b\
\xa6d:<()\x00\x0e\x112\x06\x15\x082\x06\x15\
\x022\x06\x15\x00\x00\x00\x00\x00\x00\x00\x00\x00\x00\x00\x00\
\x00\x00\x00\x00\x00\x00\x00\x00\x00\x00\x00\x00\x00\x00\x00\x00\
\x00\x00\x00\x00\x00\x00\x00\x00\x00\x00\x00\x00\x00\x00\x00\x00\
\x00\x00\x00\x00\x00\x00\x00\x00\x00\x00\x00\x00\x00\x00\x00\x00\
\x00\x00\x00\x00\x00\x00\x00\x00\x00\x00\x00\x00\x00\x00\x00\x00\
\x00\x00\x00\x00\x00\x00\x00\x00\x00\x00\x00\x00\x00\x00\x00\x00\
\x00\x00\x00\x00\x00\x00\x00\x00\x00\x00\x00\x00\x00\x00\x00\x00\
\x00\x00\x00\x00\x00\x00\x00\x00\x00\x00\x00\x00\x002\x06\x15\
\x012\x06\x15\x07#\x00\x0a\x12\x81]Q3\xf7\xe1\xab\
\xd7\xfe\xe7\xaf\xff\xe0\xc5\x98\xb1-\x01\x115\x90hY\
]\xdf\xb9\x90\xf0\xdb\xb1\x8b\xff\xd3\xa5\x84\xff\xcb\x99|\
\xff\xc4\x8eu\xff\xbc\x82n\xff\xb5xg\xff\x9eaW\
\xaa0\x04\x146F\x14 B\x8fEG\xd2\x8f@F\
\xffy-8\xa5vRMQ\xbb\x9c\x85\x87\xcf\xb0\x95\
\xae\xd2\xb1\x97\xbc\xca\xa7\x8f\xa9\xb2\x8c{o_89\
)&\x00\x0c\x143\x06\x15\x0b2\x06\x15\x042\x06\x15\
\x012\x06\x15\x00\x00\x00\x00\x00\x00\x00\x00\x00\x00\x00\x00\
\x00\x00\x00\x00\x00\x00\x00\x00\x00\x00\x00\x00\x00\x00\x00\x00\
\x00\x00\x00\x00\x00\x00\x00\x00\x00\x00\x00\x00\x00\x00\x00\x00\
\x00\x00\x00\x00\x00\x00\x00\x00\x00\x00\x00\x00\x00\x00\x00\x00\
\x00\x00\x00\x00\x00\x00\x00\x00\x00\x00\x00\x00\x00\x00\x00\x00\
\x00\x00\x00\x00\x00\x00\x00\x00\x00\x00\x00\x00\x00\x00\x00\x00\
\x00\x00\x00\x00\x00\x00\x00\x00\x00\x00\x00\x00\x00\x00\x00\x00\
\x00\x00\x00\x00\x00\x00\x00\x00\x00\x00\x00\x00\x002\x06\x15\
\x022\x06\x15\x08!\x00\x08\x12\x89gX7\xf9\xe3\xac\
\xdd\xfe\xe8\xb0\xff\xc5\xa8\x84\x80\x19\x00\x020~VL\
P\xe0\xbb\x92\xe9\xde\xb5\x8e\xff\xd6\xa9\x86\xff\xce\x9d\x7f\
\xff\xc7\x92w\xff\xbf\x87p\xff\xb8|i\xff\xacm`\
\xddX&,KY#+Q\x95LL\xe5\x92DH\
\xff|2;\xa7\x1c\x00\x044\x14\x00\x001\x22\x00\x08\
2.\x02\x111)\x01\x0e+ \x00\x06!,\x03\x10\
\x182\x06\x15\x0e2\x06\x15\x062\x06\x15\x022\x06\x15\
\x00\x00\x00\x00\x00\x00\x00\x00\x00\x00\x00\x00\x00\x00\x00\x00\
\x00\x00\x00\x00\x00\x00\x00\x00\x00\x00\x00\x00\x00\x00\x00\x00\
\x00\x00\x00\x00\x00\x00\x00\x00\x00\x00\x00\x00\x00\x00\x00\x00\
\x00\x00\x00\x00\x00\x00\x00\x00\x00\x00\x00\x00\x00\x00\x00\x00\
\x00\x00\x00\x00\x00\x00\x00\x00\x00\x00\x00\x00\x00\x00\x00\x00\
\x00\x00\x00\x00\x00\x00\x00\x00\x00\x00\x00\x00\x00\x00\x00\x00\
\x00\x00\x00\x00\x00\x00\x00\x00\x00\x00\x00\x00\x00\x00\x00\x00\
\x00\x00\x00\x00\x00\x00\x00\x00\x00\x00\x00\x00\x002\x06\x15\
\x022\x06\x15\x08\x1d\x00\x05\x12\x94s`:\xfa\xe4\xad\
\xe3\xfd\xe8\xb0\xf9\xb6\x99yq\x19\x00\x031qIC\
K\xe0\xbd\x93\xe2\xe1\xba\x91\xff\xd9\xad\x89\xff\xd1\xa2\x82\
\xff\xc9\x96z\xff\xc2\x8bs\xff\xba\x80l\xff\xb3te\
\xfa\x84KGz\x83DD\x8a\x9cSP\xfd\x94GJ\
\xfe\x89IJ\x98\x9f\x80pe\xb4\x94\x7fz\xb3\x93\x7f\
z\xa1~ofoGF?*\x05\x0e\x22.\x04\x12\
\x182\x06\x15\x0d2\x06\x15\x052\x06\x15\x022\x06\x15\
\x00\x00\x00\x00\x00\x00\x00\x00\x00\x00\x00\x00\x00\x00\x00\x00\
\x00\x00\x00\x00\x00\x00\x00\x00\x00\x00\x00\x00\x00\x00\x00\x00\
\x00\x00\x00\x00\x00\x00\x00\x00\x00\x00\x00\x00\x00\x00\x00\x00\
\x00\x00\x00\x00\x00\x00\x00\x00\x00\x00\x00\x00\x00\x00\x00\x00\
\x00\x00\x00\x00\x00\x00\x00\x00\x00\x00\x00\x00\x00\x00\x00\x00\
\x00\x00\x00\x00\x00\x00\x00\x00\x00\x00\x00\x00\x00\x00\x00\x00\
\x00\x00\x00\x00\x00\x00\x00\x00\x00\x00\x00\x00\x00\x00\x00\x00\
\x00\x00\x00\x00\x00\x00\x00\x00\x00\x00\x00\x00\x002\x06\x15\
\x012\x06\x15\x07\x1c\x00\x04\x10\x94s`6\xfa\xe4\xad\
\xdf\xff\xea\xb1\xff\xf1\xda\xa6\xd3\x8ahWVgA<\
K\xe2\xc0\x95\xe1\xe3\xbe\x94\xff\xdb\xb2\x8c\xff\xd4\xa6\x84\
\xff\xcc\x9a}\xff\xc4\x8fu\xff\xbd\x84n\xff\xb6yg\
\xff\xa6g\x5c\xd0\xa1^V\xe1\x9eWR\xff\xa0[W\
\xfd\xdb\xbb\x9b\xe8\xe7\xcf\xaa\xd9\xdf\xc4\xa3\xcb\xdd\xc0\xa1\
\xd3\xdf\xc0\xa1\xee\xd7\xb5\x9a\xd7\xb8\x93\x81xF\x1e%\
\x22-\x01\x11\x112\x06\x15\x082\x06\x15\x022\x06\x15\
\x00\x00\x00\x00\x00\x00\x00\x00\x00\x00\x00\x00\x00\x00\x00\x00\
\x00\x00\x00\x00\x00\x00\x00\x00\x00\x00\x00\x00\x00\x00\x00\x00\
\x00\x00\x00\x00\x00\x00\x00\x00\x00\x00\x00\x00\x00\x00\x00\x00\
\x00\x00\x00\x00\x00\x00\x00\x00\x00\x00\x00\x00\x00\x00\x00\x00\
\x00\x00\x00\x00\x00\x00\x00\x00\x00\x00\x00\x00\x00\x00\x00\x00\
\x00\x00\x00\x00\x00\x00\x00\x00\x00\x00\x00\x00\x00\x00\x00\x00\
\x00\x00\x00\x00\x00\x00\x00\x00\x00\x00\x00\x00\x00\x00\x00\x00\
\x00\x00\x00\x00\x00\x00\x00\x00\x00\x00\x00\x00\x002\x06\x15\
\x012\x06\x15\x05.\x01\x12\x0eC\x19\x22\x1e\xe8\xd0\x9f\
\x9a\xff\xea\xb1\xff\xff\xe9\xb1\xff\xeb\xd1\xa0\xca\xb2\x90t\
{\xe8\xc8\x9a\xed\xe6\xc2\x97\xff\xde\xb6\x8f\xff\xd7\xaa\x87\
\xff\xcf\x9f\x7f\xff\xc7\x93x\xff\xc0\x87q\xff\xb8}j\
\xff\xb1rc\xff\xaag\x5c\xff\xa1ZT\xff\xbf\x8cy\
\xff\xdd\xc5\xa2\xb6\x88f\x5cLX047a9<\
=\xbd\x9b\x86\x8c\xdd\xbc\x9f\xfb\xd8\xb5\x9a\xf4\xb6\x90~\
r\x22\x00\x08\x172\x06\x15\x0c2\x06\x15\x042\x06\x15\
\x01\x00\x00\x00\x00\x00\x00\x00\x00\x00\x00\x00\x00\x00\x00\x00\
\x00\x00\x00\x00\x00\x00\x00\x00\x00\x00\x00\x00\x00\x00\x00\x00\
\x00\x00\x00\x00\x00\x00\x00\x00\x00\x00\x00\x00\x00\x00\x00\x00\
\x00\x00\x00\x00\x00\x00\x00\x00\x00\x00\x00\x00\x00\x00\x00\x00\
\x00\x00\x00\x00\x00\x00\x00\x00\x00\x00\x00\x00\x00\x00\x00\x00\
\x00\x00\x00\x00\x00\x00\x00\x00\x00\x00\x00\x00\x00\x00\x00\x00\
\x00\x00\x00\x00\x00\x00\x00\x00\x00\x00\x00\x00\x00\x00\x00\x00\
\x00\x00\x00\x00\x00\x00\x00\x00\x00\x00\x00\x00\x002\x06\x15\
\x002\x06\x15\x032\x06\x15\x0a \x00\x07\x13\x8alX\
6\xf3\xdd\xa8\xc4\xff\xea\xb1\xff\xfc\xe5\xae\xfd\xf3\xd8\xa5\
\xf1\xef\xd1\xa0\xfe\xe9\xc6\x99\xff\xe1\xbb\x92\xff\xd9\xaf\x8a\
\xff\xd2\xa3\x82\xff\xca\x97{\xff\xc2\x8cs\xff\xbb\x81l\
\xff\xb4vf\xff\xacj^\xff\xadmb\xff\xe0\xc0\x9e\
\xf2\xa5\x8at^\x19\x00\x01)/\x02\x13*\x1c\x00\x04\
*\x88g[V\xdb\xb9\x9d\xef\xda\xb7\x9c\xff\xce\xa9\x92\
\xc9f<>*(\x00\x0d\x0f2\x06\x15\x062\x06\x15\
\x01\x00\x00\x00\x00\x00\x00\x00\x00\x00\x00\x00\x00\x00\x00\x00\
\x00\x00\x00\x00\x00\x00\x00\x00\x00\x00\x00\x00\x00\x00\x00\x00\
\x00\x00\x00\x00\x00\x00\x00\x00\x00\x00\x00\x00\x00\x00\x00\x00\
\x00\x00\x00\x00\x00\x00\x00\x00\x00\x00\x00\x00\x00\x00\x00\x00\
\x00\x00\x00\x00\x00\x00\x00\x00\x00\x00\x00\x00\x00\x00\x00\x00\
\x00\x00\x00\x00\x00\x00\x00\x00\x00\x00\x00\x00\x00\x00\x00\x00\
\x00\x00\x00\x00\x00\x00\x00\x00\x00\x00\x00\x00\x00\x00\x00\x00\
\x00\x00\x00\x00\x00\x00\x00\x00\x00\x00\x00\x00\x002\x06\x15\
\x002\x06\x15\x022\x06\x15\x053\x06\x15\x0d\x1a\x00\x02\
\x17\xab\x8eqJ\xf7\xe1\xab\xd6\xfe\xe8\xb0\xff\xf8\xdf\xaa\
\xff\xf2\xd5\xa3\xff\xeb\xca\x9c\xff\xe4\xbf\x94\xff\xdc\xb3\x8d\
\xff\xd4\xa7\x85\xff\xcd\x9b}\xff\xc5\x90v\xff\xbe\x85o\
\xff\xb6zh\xff\xaen`\xfd\xcc\x9f\x85\xf8\xf2\xde\xb3\
\xee\x98xiV\x1e\x00\x04* \x00\x06)^79\
<\xc8\xa7\x8f\xa4\xde\xbd\xa0\xfd\xda\xb7\x9c\xff\xd3\xad\x95\
\xe5\x84[V:\x1f\x00\x06\x102\x06\x15\x072\x06\x15\
\x01\x00\x00\x00\x00\x00\x00\x00\x00\x00\x00\x00\x00\x00\x00\x00\
\x00\x00\x00\x00\x00\x00\x00\x00\x00\x00\x00\x00\x00\x00\x00\x00\
\x00\x00\x00\x00\x00\x00\x00\x00\x00\x00\x00\x00\x00\x00\x00\x00\
\x00\x00\x00\x00\x00\x00\x00\x00\x00\x00\x00\x00\x00\x00\x00\x00\
\x00\x00\x00\x00\x00\x00\x00\x00\x00\x00\x00\x00\x00\x00\x00\x00\
\x00\x00\x00\x00\x00\x00\x00\x00\x00\x00\x00\x00\x00\x00\x00\x00\
\x00\x00\x00\x00\x00\x00\x00\x00\x00\x00\x00\x00\x00\x00\x00\x00\
\x00\x00\x00\x00\x00\x00\x00\x00\x00\x00\x00\x00\x00\x00\x00\x00\
\x002\x06\x15\x012\x06\x15\x022\x06\x15\x072\x05\x15\
\x10\x1b\x00\x03\x19\xb7\x9b{T\xf8\xe1\xab\xdb\xfb\xe3\xac\
\xff\xf5\xd9\xa6\xff\xee\xce\x9f\xff\xe6\xc3\x97\xff\xdf\xb7\x90\
\xff\xd7\xab\x88\xff\xd0\xa0\x80\xff\xc8\x94y\xff\xc0\x89r\
\xff\xb9~k\xff\xabm_\xd3\xa8\x83px\xce\xb7\x96\
\x92\x84eYPpKHE\xbc\x9e\x87|\xdb\xbe\x9f\
\xc8\xe2\xc4\xa4\xfb\xdf\xbe\xa1\xff\xdb\xb7\x9c\xff\xd2\xac\x94\
\xdd|RP4\x22\x00\x08\x102\x06\x15\x062\x06\x15\
\x01\x00\x00\x00\x00\x00\x00\x00\x00\x00\x00\x00\x00\x00\x00\x00\
\x00\x00\x00\x00\x00\x00\x00\x00\x00\x00\x00\x00\x00\x00\x00\x00\
\x00\x00\x00\x00\x00\x00\x00\x00\x00\x00\x00\x00\x00\x00\x00\x00\
\x00\x00\x00\x00\x00\x00\x00\x00\x00\x00\x00\x00\x00\x00\x00\x00\
\x00\x00\x00\x00\x00\x00\x00\x00\x00\x00\x00\x00\x00\x00\x00\x00\
\x00\x00\x00\x00\x00\x00\x00\x00\x00\x00\x00\x00\x00\x00\x00\x00\
\x00\x00\x00\x00\x00\x00\x00\x00\x00\x00\x00\x00\x00\x00\x00\x00\
\x00\x00\x00\x00\x00\x00\x00\x00\x00\x00\x00\x00\x00\x00\x00\x00\
\x002\x06\x15\x002\x06\x15\x012\x06\x15\x032\x06\x15\
\x081\x05\x14\x11\x1c\x00\x04\x1a\xb8\x9c{U\xf4\xdc\xa8\
\xd7\xf7\xdd\xa9\xff\xf0\xd2\xa1\xff\xe9\xc7\x9a\xff\xe2\xbc\x92\
\xff\xda\xb0\x8b\xff\xd2\xa4\x83\xff\xcb\x98{\xff\xc3\x8dt\
\xff\xb9\x80k\xed\x87PJm\x1c\x00\x051@\x1f!\
:\xc0\xa4\x8a\x83\xe6\xce\xa9\xda\xeb\xd1\xad\xfb\xe8\xcc\xaa\
\xff\xe3\xc5\xa5\xff\xdf\xbe\xa1\xff\xdb\xb8\x9d\xff\xc8\xa2\x8c\
\xa5A\x15!\x1f/\x02\x12\x0e2\x06\x15\x052\x06\x15\
\x01\x00\x00\x00\x00\x00\x00\x00\x00\x00\x00\x00\x00\x00\x00\x00\
\x00\x00\x00\x00\x00\x00\x00\x00\x00\x00\x00\x00\x00\x00\x00\x00\
\x00\x00\x00\x00\x00\x00\x00\x00\x00\x00\x00\x00\x00\x00\x00\x00\
\x00\x00\x00\x00\x00\x00\x00\x00\x00\x00\x00\x00\x00\x00\x00\x00\
\x00\x00\x00\x00\x00\x00\x00\x00\x00\x00\x00\x00\x00\x00\x00\x00\
\x00\x00\x00\x00\x00\x00\x00\x00\x00\x00\x00\x00\x00\x00\x00\x00\
\x00\x00\x00\x00\x00\x00\x00\x00\x00\x00\x00\x00\x00\x00\x00\x00\
\x00\x00\x00\x00\x00\x00\x00\x00\x00\x00\x00\x00\x00\x00\x00\x00\
\x00\x00\x00\x00\x002\x06\x15\x002\x06\x15\x012\x06\x15\
\x032\x06\x15\x081\x05\x14\x11\x1c\x00\x04\x1a\xa9\x8bo\
L\xeb\xd1\xa0\xc5\xf2\xd5\xa3\xfb\xec\xcc\x9d\xff\xe5\xc0\x95\
\xff\xdd\xb4\x8e\xff\xd5\xa8\x86\xff\xce\x9d~\xff\xc1\x8dt\
\xe6\x95aUz2\x06\x154;\x11\x1d6\xd1\xb9\x98\
\x97\xf2\xdc\xb3\xf8\xf0\xd9\xb1\xff\xec\xd2\xad\xff\xe7\xcc\xaa\
\xff\xe4\xc6\xa6\xff\xdf\xbf\xa1\xff\xd2\xaf\x96\xcd\x89b[\
C\x22\x00\x08\x162\x06\x15\x0b2\x06\x15\x042\x06\x15\
\x00\x00\x00\x00\x00\x00\x00\x00\x00\x00\x00\x00\x00\x00\x00\x00\
\x00\x00\x00\x00\x00\x00\x00\x00\x00\x00\x00\x00\x00\x00\x00\x00\
\x00\x00\x00\x00\x00\x00\x00\x00\x00\x00\x00\x00\x00\x00\x00\x00\
\x00\x00\x00\x00\x00\x00\x00\x00\x00\x00\x00\x00\x00\x00\x00\x00\
\x00\x00\x00\x00\x00\x00\x00\x00\x00\x00\x00\x00\x00\x00\x00\x00\
\x00\x00\x00\x00\x00\x00\x00\x00\x00\x00\x00\x00\x00\x00\x00\x00\
\x00\x00\x00\x00\x00\x00\x00\x00\x00\x00\x00\x00\x00\x00\x00\x00\
\x00\x00\x00\x00\x00\x00\x00\x00\x00\x00\x00\x00\x00\x00\x00\x00\
\x00\x00\x00\x00\x00\x00\x00\x00\x002\x06\x15\x002\x06\x15\
\x012\x06\x15\x032\x06\x15\x092\x06\x15\x12!\x00\x08\
\x1cqMD:\xbc\x9b{y\xdc\xbb\x92\xc3\xe6\xc3\x97\
\xfb\xe0\xb9\x90\xff\xd8\xad\x89\xff\xcf\x9f\x80\xf7\xa1p_\
\x85'\x02\x0e4$\x00\x0a1\xa4\x86ra\xf3\xdf\xb4\
\xee\xf4\xdf\xb4\xff\xf0\xd9\xb1\xff\xec\xd3\xae\xff\xe8\xcd\xaa\
\xff\xe0\xc2\xa3\xf0\xc9\xa7\x90\xab{TPG&\x00\x0b\
 2\x06\x15\x142\x06\x15\x092\x06\x15\x032\x06\x15\
\x00\x00\x00\x00\x00\x00\x00\x00\x00\x00\x00\x00\x00\x00\x00\x00\
\x00\x00\x00\x00\x00\x00\x00\x00\x00\x00\x00\x00\x00\x00\x00\x00\
\x00\x00\x00\x00\x00\x00\x00\x00\x00\x00\x00\x00\x00\x00\x00\x00\
\x00\x00\x00\x00\x00\x00\x00\x00\x00\x00\x00\x00\x00\x00\x00\x00\
\x00\x00\x00\x00\x00\x00\x00\x00\x00\x00\x00\x00\x00\x00\x00\x00\
\x00\x00\x00\x00\x00\x00\x00\x00\x00\x00\x00\x00\x00\x00\x00\x00\
\x00\x00\x00\x00\x00\x00\x00\x00\x00\x00\x00\x00\x00\x00\x00\x00\
\x00\x00\x00\x00\x00\x00\x00\x00\x00\x00\x00\x00\x00\x00\x00\x00\
\x00\x00\x00\x00\x00\x00\x00\x00\x00\x00\x00\x00\x002\x06\x15\
\x002\x06\x15\x012\x06\x15\x052\x06\x15\x0d2\x06\x15\
\x19\x1e\x00\x07%[94>\xd2\xb2\x8b\xa7\xe9\xc7\x9a\
\xfc\xe3\xbd\x93\xff\xdb\xb1\x8c\xff\xd3\xa5\x84\xfe\xc5\x94x\
\xde\x98fXy$\x00\x095\xce\xb6\x95\x91\xf7\xe4\xb7\
\xff\xf4\xdf\xb4\xff\xef\xd9\xb1\xfd\xe4\xca\xa7\xdb\xcc\xae\x93\
\x9e\x96sg_\x5c27@e<><D\x19#\
%0\x04\x14\x132\x06\x15\x082\x06\x15\x022\x06\x15\
\x00\x00\x00\x00\x00\x00\x00\x00\x00\x00\x00\x00\x00\x00\x00\x00\
\x00\x00\x00\x00\x00\x00\x00\x00\x00\x00\x00\x00\x00\x00\x00\x00\
\x00\x00\x00\x00\x00\x00\x00\x00\x00\x00\x00\x00\x00\x00\x00\x00\
\x00\x00\x00\x00\x00\x00\x00\x00\x00\x00\x00\x00\x00\x00\x00\x00\
\x00\x00\x00\x00\x00\x00\x00\x00\x00\x00\x00\x00\x00\x00\x00\x00\
\x00\x00\x00\x00\x00\x00\x00\x00\x00\x00\x00\x00\x00\x00\x00\x00\
\x00\x00\x00\x00\x00\x00\x00\x00\x00\x00\x00\x00\x00\x00\x00\x00\
\x00\x00\x00\x00\x00\x00\x00\x00\x00\x00\x00\x00\x00\x00\x00\x00\
\x00\x00\x00\x00\x00\x00\x00\x00\x00\x00\x00\x00\x002\x06\x15\
\x002\x06\x15\x012\x06\x15\x052\x06\x15\x0e\x22\x00\x09\
\x1a\x9azdG\xe9\xcf\x9e\xbf\xf3\xd7\xa4\xfd\xed\xcd\x9e\
\xff\xe5\xc1\x96\xff\xde\xb5\x8e\xff\xd6\xaa\x87\xff\xcf\x9e\x7f\
\xff\xc4\x90v\xee\x8aWNs\xd2\xbb\x98\x9b\xf8\xe5\xb8\
\xff\xf3\xde\xb4\xfb\xd5\xbc\x9b\xa6wRMG+\x04\x0f\
.\x17\x00\x00+\xa1}oh\xd5\xb2\x98\xd7\xb7\x91\x7f\
j\x17\x00\x00\x122\x06\x15\x092\x06\x15\x032\x06\x15\
\x00\x00\x00\x00\x00\x00\x00\x00\x00\x00\x00\x00\x00\x00\x00\x00\
\x00\x00\x00\x00\x00\x00\x00\x00\x00\x00\x00\x00\x00\x00\x00\x00\
\x00\x00\x00\x00\x00\x00\x00\x00\x00\x00\x00\x00\x00\x00\x00\x00\
\x00\x00\x00\x00\x00\x00\x00\x00\x00\x00\x00\x00\x00\x00\x00\x00\
\x00\x00\x00\x00\x00\x00\x00\x00\x00\x00\x00\x00\x00\x00\x00\x00\
\x00\x00\x00\x00\x00\x00\x00\x00\x00\x00\x00\x00\x00\x00\x00\x00\
\x00\x00\x00\x00\x00\x00\x00\x00\x00\x00\x00\x00\x00\x00\x00\x00\
\x00\x00\x00\x00\x00\x00\x00\x00\x00\x00\x00\x00\x00\x00\x00\x00\
\x00\x00\x00\x00\x00\x00\x00\x00\x00\x00\x00\x00\x002\x06\x15\
\x002\x06\x15\x022\x06\x15\x08#\x00\x0a\x11\x82_Q\
1\xf2\xdc\xa7\xc2\xfc\xe5\xae\xff\xf6\xdb\xa7\xff\xef\xd0\xa0\
\xff\xe8\xc5\x99\xff\xe0\xba\x91\xff\xd9\xae\x8a\xff\xd1\xa2\x82\
\xff\xca\x97z\xff\xb8\x81l\xd2\xbf\xa1\x85\x93\xf7\xe4\xb7\
\xfc\xee\xd8\xaf\xe5x\x5cOK\x1a\x00\x02,+\x00\x0f\
,\x16\x00\x00)\xb4\x91~|\xdb\xb9\x9d\xfc\xbb\x96\x83\
q\x0c\x00\x00\x122\x06\x15\x092\x06\x15\x032\x06\x15\
\x00\x00\x00\x00\x00\x00\x00\x00\x00\x00\x00\x00\x00\x00\x00\x00\
\x00\x00\x00\x00\x00\x00\x00\x00\x00\x00\x00\x00\x00\x00\x00\x00\
\x00\x00\x00\x00\x00\x00\x00\x00\x00\x00\x00\x00\x00\x00\x00\x00\
\x00\x00\x00\x00\x00\x00\x00\x00\x00\x00\x00\x00\x00\x00\x00\x00\
\x00\x00\x00\x00\x00\x00\x00\x00\x00\x00\x00\x00\x00\x00\x00\x00\
\x00\x00\x00\x00\x00\x00\x00\x00\x00\x00\x00\x00\x00\x00\x00\x00\
\x00\x00\x00\x00\x00\x00\x00\x00\x00\x00\x00\x00\x00\x00\x00\x00\
\x00\x00\x00\x00\x00\x00\x00\x00\x00\x00\x00\x00\x00\x00\x00\x00\
\x00\x00\x00\x00\x00\x00\x00\x00\x00\x00\x00\x00\x002\x06\x15\
\x002\x06\x15\x032\x06\x15\x0b\x0e\x00\x00\x14\xd6\xbd\x92\
s\xfe\xe9\xb1\xfb\xfd\xe7\xaf\xff\xf8\xdf\xa9\xff\xf1\xd4\xa3\
\xff\xea\xc9\x9c\xff\xe3\xbe\x94\xff\xdc\xb2\x8c\xff\xd4\xa6\x85\
\xff\xcc\x9b}\xff\xc3\x8eu\xf9\xa1rb\x8a\xe6\xd1\xa9\
\xc4\xf2\xde\xb3\xf6\xc6\xab\x8e\x86zVQFwRN\
C\xa6\x83sd\xd8\xb7\x9b\xd6\xd7\xb5\x9a\xd8\x8bd]\
9\x1f\x00\x06\x102\x06\x15\x082\x06\x15\x022\x06\x15\
\x00\x00\x00\x00\x00\x00\x00\x00\x00\x00\x00\x00\x00\x00\x00\x00\
\x00\x00\x00\x00\x00\x00\x00\x00\x00\x00\x00\x00\x00\x00\x00\x00\
\x00\x00\x00\x00\x00\x00\x00\x00\x00\x00\x00\x00\x00\x00\x00\x00\
\x00\x00\x00\x00\x00\x00\x00\x00\x00\x00\x00\x00\x00\x00\x00\x00\
\x00\x00\x00\x00\x00\x00\x00\x00\x00\x00\x00\x00\x00\x00\x00\x00\
\x00\x00\x00\x00\x00\x00\x00\x00\x00\x00\x00\x00\x00\x00\x00\x00\
\x00\x00\x00\x00\x00\x00\x00\x00\x00\x00\x00\x00\x00\x00\x00\x00\
\x00\x00\x00\x00\x00\x00\x00\x00\x00\x00\x00\x00\x00\x00\x00\x00\
\x00\x00\x00\x00\x00\x00\x00\x00\x00\x00\x00\x00\x002\x06\x15\
\x002\x06\x15\x041\x04\x14\x0c*\x00\x0f\x1a\xea\xd3\xa1\
\xa1\xff\xea\xb1\xff\xfe\xe9\xb0\xff\xfa\xe2\xac\xff\xf4\xd8\xa5\
\xff\xed\xce\x9e\xff\xe6\xc2\x97\xff\xdf\xb6\x8f\xff\xd7\xab\x87\
\xff\xcf\x9f\x80\xff\xc8\x93x\xff\xa5p`\x97|\x5cS\
K\xdd\xc5\xa2\xa7\xea\xd3\xad\xdb\xe5\xcc\xa8\xd6\xe1\xc6\xa4\
\xd6\xdf\xc2\xa2\xdf\xd8\xb7\x9b\xc1\xac\x88xT(\x00\x0d\
\x162\x05\x15\x0d2\x06\x15\x052\x06\x15\x012\x06\x15\
\x00\x00\x00\x00\x00\x00\x00\x00\x00\x00\x00\x00\x00\x00\x00\x00\
\x00\x00\x00\x00\x00\x00\x00\x00\x00\x00\x00\x00\x00\x00\x00\x00\
\x00\x00\x00\x00\x00\x00\x00\x00\x00\x00\x00\x00\x00\x00\x00\x00\
\x00\x00\x00\x00\x00\x00\x00\x00\x00\x00\x00\x00\x00\x00\x00\x00\
\x00\x00\x00\x00\x00\x00\x00\x00\x00\x00\x00\x00\x00\x00\x00\x00\
\x00\x00\x00\x00\x00\x00\x00\x00\x00\x00\x00\x00\x00\x00\x00\x00\
\x00\x00\x00\x00\x00\x00\x00\x00\x00\x00\x00\x00\x00\x00\x00\x00\
\x00\x00\x00\x00\x00\x00\x00\x00\x00\x00\x00\x00\x00\x00\x00\x00\
\x00\x00\x00\x00\x00\x00\x00\x00\x00\x00\x00\x00\x002\x06\x15\
\x002\x06\x15\x041\x04\x14\x0d*\x00\x0f\x1a\xea\xd3\xa1\
\xa1\xff\xea\xb1\xff\xff\xea\xb1\xff\xfc\xe5\xae\xff\xf6\xdc\xa8\
\xff\xf0\xd2\xa1\xff\xe9\xc6\x99\xff\xe1\xbb\x92\xff\xda\xaf\x8a\
\xff\xd2\xa3\x82\xff\xca\x98{\xff\xadyf\x98\x1c\x00\x05\
(>\x19\x1f(\x93re>\xb5\x97\x81U\xb5\x96\x81\
X\xa2\x7fpFc=>&\x1e\x00\x07\x141\x05\x14\
\x0e2\x06\x15\x072\x06\x15\x032\x06\x15\x01\x00\x00\x00\
\x00\x00\x00\x00\x00\x00\x00\x00\x00\x00\x00\x00\x00\x00\x00\x00\
\x00\x00\x00\x00\x00\x00\x00\x00\x00\x00\x00\x00\x00\x00\x00\x00\
\x00\x00\x00\x00\x00\x00\x00\x00\x00\x00\x00\x00\x00\x00\x00\x00\
\x00\x00\x00\x00\x00\x00\x00\x00\x00\x00\x00\x00\x00\x00\x00\x00\
\x00\x00\x00\x00\x00\x00\x00\x00\x00\x00\x00\x00\x00\x00\x00\x00\
\x00\x00\x00\x00\x00\x00\x00\x00\x00\x00\x00\x00\x00\x00\x00\x00\
\x00\x00\x00\x00\x00\x00\x00\x00\x00\x00\x00\x00\x00\x00\x00\x00\
\x00\x00\x00\x00\x00\x00\x00\x00\x00\x00\x00\x00\x00\x00\x00\x00\
\x00\x00\x00\x00\x00\x00\x00\x00\x00\x00\x00\x00\x002\x06\x15\
\x002\x06\x15\x032\x06\x15\x0b\x0e\x00\x00\x15\xd8\xbe\x93\
v\xfe\xe9\xb1\xfd\xff\xea\xb1\xff\xfd\xe7\xaf\xff\xf9\xdf\xaa\
\xff\xf2\xd5\xa4\xff\xeb\xca\x9c\xff\xe4\xbf\x95\xff\xdc\xb3\x8d\
\xff\xd5\xa8\x85\xff\xcd\x9b}\xfc\xa6tbu\x1e\x00\x08\
\x1d0\x04\x13\x18\x1f\x00\x06\x14\x0f\x00\x00\x12\x0e\x00\x00\
\x12\x17\x00\x02\x11)\x02\x0e\x0f2\x06\x15\x0b2\x06\x15\
\x062\x06\x15\x032\x06\x15\x012\x06\x15\x00\x00\x00\x00\
\x00\x00\x00\x00\x00\x00\x00\x00\x00\x00\x00\x00\x00\x00\x00\x00\
\x00\x00\x00\x00\x00\x00\x00\x00\x00\x00\x00\x00\x00\x00\x00\x00\
\x00\x00\x00\x00\x00\x00\x00\x00\x00\x00\x00\x00\x00\x00\x00\x00\
\x00\x00\x00\x00\x00\x00\x00\x00\x00\x00\x00\x00\x00\x00\x00\x00\
\x00\x00\x00\x00\x00\x00\x00\x00\x00\x00\x00\x00\x00\x00\x00\x00\
\x00\x00\x00\x00\x00\x00\x00\x00\x00\x00\x00\x00\x00\x00\x00\x00\
\x00\x00\x00\x00\x00\x00\x00\x00\x00\x00\x00\x00\x00\x00\x00\x00\
\x00\x00\x00\x00\x00\x00\x00\x00\x00\x00\x00\x00\x00\x00\x00\x00\
\x00\x00\x00\x00\x00\x00\x00\x00\x00\x00\x00\x00\x002\x06\x15\
\x002\x06\x15\x022\x06\x15\x08\x1f\x00\x07\x12\x91o]\
7\xf7\xe1\xab\xd2\xff\xea\xb1\xff\xff\xe9\xb0\xff\xfb\xe3\xac\
\xff\xf5\xd9\xa6\xff\xee\xcf\x9f\xff\xe7\xc3\x98\xff\xdf\xb8\x90\
\xff\xd8\xac\x88\xff\xcb\x9c~\xd8|MG;%\x00\x0c\
\x152\x06\x15\x0d2\x06\x15\x0a2\x06\x15\x092\x06\x15\
\x092\x06\x15\x082\x06\x15\x062\x06\x15\x042\x06\x15\
\x022\x06\x15\x012\x06\x15\x00\x00\x00\x00\x00\x00\x00\x00\
\x00\x00\x00\x00\x00\x00\x00\x00\x00\x00\x00\x00\x00\x00\x00\x00\
\x00\x00\x00\x00\x00\x00\x00\x00\x00\x00\x00\x00\x00\x00\x00\x00\
\x00\x00\x00\x00\x00\x00\x00\x00\x00\x00\x00\x00\x00\x00\x00\x00\
\x00\x00\x00\x00\x00\x00\x00\x00\x00\x00\x00\x00\x00\x00\x00\x00\
\x00\x00\x00\x00\x00\x00\x00\x00\x00\x00\x00\x00\x00\x00\x00\x00\
\x00\x00\x00\x00\x00\x00\x00\x00\x00\x00\x00\x00\x00\x00\x00\x00\
\x00\x00\x00\x00\x00\x00\x00\x00\x00\x00\x00\x00\x00\x00\x00\x00\
\x00\x00\x00\x00\x00\x00\x00\x00\x00\x00\x00\x00\x00\x00\x00\x00\
\x00\x00\x00\x00\x00\x00\x00\x00\x00\x00\x00\x00\x002\x06\x15\
\x002\x06\x15\x012\x06\x15\x052\x06\x15\x0d\x1d\x00\x05\
\x17\xc9\xae\x88b\xfb\xe6\xae\xe9\xff\xea\xb1\xff\xfd\xe6\xae\
\xff\xf7\xdd\xa8\xff\xf0\xd3\xa2\xff\xe9\xc8\x9a\xff\xe2\xbc\x93\
\xff\xd8\xae\x89\xee\xb1\x84mm&\x00\x0d\x192\x05\x15\
\x0e2\x06\x15\x062\x06\x15\x032\x06\x15\x022\x06\x15\
\x022\x06\x15\x022\x06\x15\x012\x06\x15\x012\x06\x15\
\x002\x06\x15\x00\x00\x00\x00\x00\x00\x00\x00\x00\x00\x00\x00\
\x00\x00\x00\x00\x00\x00\x00\x00\x00\x00\x00\x00\x00\x00\x00\x00\
\x00\x00\x00\x00\x00\x00\x00\x00\x00\x00\x00\x00\x00\x00\x00\x00\
\x00\x00\x00\x00\x00\x00\x00\x00\x00\x00\x00\x00\x00\x00\x00\x00\
\x00\x00\x00\x00\x00\x00\x00\x00\x00\x00\x00\x00\x00\x00\x00\x00\
\x00\x00\x00\x00\x00\x00\x00\x00\x00\x00\x00\x00\x00\x00\x00\x00\
\x00\x00\x00\x00\x00\x00\x00\x00\x00\x00\x00\x00\x00\x00\x00\x00\
\x00\x00\x00\x00\x00\x00\x00\x00\x00\x00\x00\x00\x00\x00\x00\x00\
\x00\x00\x00\x00\x00\x00\x00\x00\x00\x00\x00\x00\x00\x00\x00\x00\
\x00\x00\x00\x00\x00\x00\x00\x00\x00\x00\x00\x00\x00\x00\x00\x00\
\x002\x06\x15\x002\x06\x15\x032\x06\x15\x08/\x03\x13\
\x10.\x0a\x13\x1b\xc9\xae\x88a\xf7\xe1\xab\xd2\xfd\xe7\xaf\
\xfc\xfa\xe1\xab\xff\xf3\xd7\xa4\xff\xeb\xcb\x9c\xfa\xdd\xb9\x90\
\xd2\xb5\x8cri8\x12\x1a\x1d.\x03\x12\x112\x06\x15\
\x082\x06\x15\x032\x06\x15\x012\x06\x15\x002\x06\x15\
\x002\x06\x15\x002\x06\x15\x00\x00\x00\x00\x00\x00\x00\x00\
\x00\x00\x00\x00\x00\x00\x00\x00\x00\x00\x00\x00\x00\x00\x00\x00\
\x00\x00\x00\x00\x00\x00\x00\x00\x00\x00\x00\x00\x00\x00\x00\x00\
\x00\x00\x00\x00\x00\x00\x00\x00\x00\x00\x00\x00\x00\x00\x00\x00\
\x00\x00\x00\x00\x00\x00\x00\x00\x00\x00\x00\x00\x00\x00\x00\x00\
\x00\x00\x00\x00\x00\x00\x00\x00\x00\x00\x00\x00\x00\x00\x00\x00\
\x00\x00\x00\x00\x00\x00\x00\x00\x00\x00\x00\x00\x00\x00\x00\x00\
\x00\x00\x00\x00\x00\x00\x00\x00\x00\x00\x00\x00\x00\x00\x00\x00\
\x00\x00\x00\x00\x00\x00\x00\x00\x00\x00\x00\x00\x00\x00\x00\x00\
\x00\x00\x00\x00\x00\x00\x00\x00\x00\x00\x00\x00\x00\x00\x00\x00\
\x00\x00\x00\x00\x00\x00\x00\x00\x00\x00\x00\x00\x00\x00\x00\x00\
\x002\x06\x15\x002\x06\x15\x012\x06\x15\x032\x06\x15\
\x08/\x04\x13\x10\x1d\x00\x07\x17\x8fo\x5c6\xd6\xbc\x91\
t\xe4\xca\x9b\x9c\xde\xc1\x95\x98\xc3\xa1\x80k\x7fXM\
4!\x01\x09\x18/\x04\x13\x102\x06\x15\x092\x06\x15\
\x042\x06\x15\x012\x06\x15\x00\x00\x00\x00\x00\x00\x00\x00\
\x00\x00\x00\x00\x00\x00\x00\x00\x00\x00\x00\x00\x00\x00\x00\x00\
\x00\x00\x00\x00\x00\x00\x00\x00\x00\x00\x00\x00\x00\x00\x00\x00\
\x00\x00\x00\x00\x00\x00\x00\x00\x00\x00\x00\x00\x00\x00\x00\x00\
\x00\x00\x00\x00\x00\x00\x00\x00\x00\x00\x00\x00\x00\x00\x00\x00\
\x00\x00\x00\x00\x00\x00\x00\x00\x00\x00\x00\x00\x00\x00\x00\x00\
\x00\x00\x00\x00\x00\x00\x00\x00\x00\x00\x00\x00\x00\x00\x00\x00\
\x00\x00\x00\x00\x00\x00\x00\x00\x00\x00\x00\x00\x00\x00\x00\x00\
\x00\x00\x00\x00\x00\x00\x00\x00\x00\x00\x00\x00\x00\x00\x00\x00\
\x00\x00\x00\x00\x00\x00\x00\x00\x00\x00\x00\x00\x00\x00\x00\x00\
\x00\x00\x00\x00\x00\x00\x00\x00\x00\x00\x00\x00\x00\x00\x00\x00\
\x00\x00\x00\x00\x00\x00\x00\x00\x00\x00\x00\x00\x00\x00\x00\x00\
\x00\x00\x00\x00\x002\x06\x15\x002\x06\x15\x012\x06\x15\
\x032\x06\x15\x082\x05\x15\x0d \x01\x09\x12\x0c\x00\x00\
\x15\x22\x00\x0a\x19\x1f\x00\x08\x18\x0f\x00\x00\x14#\x01\x0b\
\x122\x05\x15\x0d2\x06\x15\x082\x06\x15\x042\x06\x15\
\x012\x06\x15\x00\x00\x00\x00\x00\x00\x00\x00\x00\x00\x00\x00\
\x00\x00\x00\x00\x00\x00\x00\x00\x00\x00\x00\x00\x00\x00\x00\x00\
\x00\x00\x00\x00\x00\x00\x00\x00\x00\x00\x00\x00\x00\x00\x00\x00\
\x00\x00\x00\x00\x00\x00\x00\x00\x00\x00\x00\x00\x00\x00\x00\x00\
\x00\x00\x00\x00\x00\x00\x00\x00\x00\x00\x00\x00\x00\x00\x00\x00\
\x00\x00\x00\x00\x00\x00\x00\x00\x00\x00\x00\x00\x00\x00\x00\x00\
\x00\x00\x00\x00\x00\x00\x00\x00\x00\x00\x00\x00\x00\x00\x00\x00\
\x00\x00\x00\x00\x00\x00\x00\x00\x00\x00\x00\x00\x00\x00\x00\x00\
\x00\x00\x00\x00\x00\x00\x00\x00\x00\x00\x00\x00\x00\x00\x00\x00\
\x00\x00\x00\x00\x00\x00\x00\x00\x00\x00\x00\x00\x00\x00\x00\x00\
\x00\x00\x00\x00\x00\x00\x00\x00\x00\x00\x00\x00\x00\x00\x00\x00\
\x00\x00\x00\x00\x00\x00\x00\x00\x00\x00\x00\x00\x00\x00\x00\x00\
\x00\x00\x00\x00\x00\x00\x00\x00\x002\x06\x15\x002\x06\x15\
\x012\x06\x15\x032\x06\x15\x052\x06\x15\x082\x06\x15\
\x0b1\x05\x14\x0c1\x05\x14\x0c2\x06\x15\x0b2\x06\x15\
\x082\x06\x15\x052\x06\x15\x032\x06\x15\x012\x06\x15\
\x00\x00\x00\x00\x00\x00\x00\x00\x00\x00\x00\x00\x00\x00\x00\x00\
\x00\x00\x00\x00\x00\x00\x00\x00\x00\x00\x00\x00\x00\x00\x00\x00\
\x00\x00\x00\x00\x00\x00\x00\x00\x00\x00\x00\x00\x00\x00\x00\x00\
\x00\x00\x00\x00\x00\x00\x00\x00\x00\x00\x00\x00\x00\x00\x00\x00\
\x00\x00\x00\x00\x00\x00\x00\x00\x00\x00\x00\x00\x00\x00\x00\x00\
\x00\x00\x00\x00\x00\x00\x00\x00\x00\x00\x00\x00\x00\x00\x00\x00\
\x00\x00\x00\x00\x00\x00\x00\x00\x00\x00\x00\x00\x00\x00\x00\x00\
\x00\x00\x00\x00\x00\x00\x00\x00\x00\x00\x00\x00\x00\x00\x00\x00\
\x00\x00\x00\x00\x00\x00\x00\x00\x00\x00\x00\x00\x00\x00\x00\x00\
\x00\x00\x00\x00\x00\x00\x00\x00\x00\x00\x00\x00\x00\x00\x00\x00\
\x00\x00\x00\x00\x00\x00\x00\x00\x00\x00\x00\x00\x00\x00\x00\x00\
\x00\x00\x00\x00\x00\x00\x00\x00\x00\x00\x00\x00\x00\x00\x00\x00\
\x00\x00\x00\x00\x00\x00\x00\x00\x00\x00\x00\x00\x002\x06\x15\
\x002\x06\x15\x002\x06\x15\x012\x06\x15\x022\x06\x15\
\x032\x06\x15\x042\x06\x15\x042\x06\x15\x032\x06\x15\
\x022\x06\x15\x012\x06\x15\x002\x06\x15\x00\x00\x00\x00\
\x00\x00\x00\x00\x00\x00\x00\x00\x00\x00\x00\x00\x00\x00\x00\x00\
\x00\x00\x00\x00\x00\x00\x00\x00\x00\x00\x00\x00\x00\x00\x00\x00\
\x00\x00\x00\x00\x00\x00\x00\x00\x00\x00\x00\x00\x00\x00\x00\x00\
\x00\x00\x00\x00\x00\x00\x00\x00\x00\x00\x00\x00\x00\x00\x00\x00\
\x00\x00\x00\x00\x00\x00\x00\x00\x00\x00\x00\x00\x00\x00\x00\x00\
\x00\x00\x00\x00\x00\x00\x00\x00\x00\x00\x00\x00\x00\x00\x00\x00\
\x00\x00\x00\x00\x00\x00\x00\x00\x00\x00\x00\x00\x00\x00\x00\x00\
\x00\x00\x00\x00\x00\x00\x00\x00\x00\x00\x00\x00\x00\x00\x00\x00\
\x00\x00\x00\x00\x00\x00\x00\x00\x00\x00\x00\x00\x00\x00\x00\x00\
\x00\x00\x00\x00\x00\x00\x00\x00\x00\x00\x00\x00\x00\x00\x00\x00\
\x00\x00\x00\x00\x00\x00\x00\x00\x00\x00\x00\x00\x00\x00\x00\x00\
\x00\x00\x00\x00\x00\x00\x00\x00\x00\x00\x00\x00\x00\x00\x00\x00\
\x00\x00\x00\x00\x00\x00\x00\x00\x00\x00\x00\x00\x00\x00\x00\x00\
\x00\x00\x00\x00\x002\x06\x15\x002\x06\x15\x002\x06\x15\
\x002\x06\x15\x002\x06\x15\x002\x06\x15\x002\x06\x15\
\x002\x06\x15\x00\x00\x00\x00\x00\x00\x00\x00\x00\x00\x00\x00\
\x00\x00\x00\x00\x00\x00\x00\x00\x00\x00\x00\x00\x00\x00\x00\x00\
\x00\x00\x00\x00\x00\x00\x00\x00\x00\x00\x00\x00\x00\x00\x00\x00\
\x00\x00\x00\x00\x00\x00\x00\x00\x00\x00\x00\x00\x00\x00\x00\x00\
\x00\x00\x00\x00\x00\x00\x00\x00\x00\x00\x00\x00\x00\x00\x00\x00\
\x00\x00\x00\x00\x00\x00\x00\x00\x00\x00\x00\x00\x00\x00\x00\x00\
\x00\x00\x00\x00\x00\x00\x00\x00\x00\x00\x00\x00\x00\x00\x00\x00\
\x00\x00\x00\x00\x00\x00\x00\x00\x00\x00\x00\x00\x00\x00\x00\x00\
\x00\x00\x00\x00\x00\xff\xff\xc0\x03\xff\xff\xff\xff\xff\xff\x80\
\x00\xff\xff\xff\xff\xff\xff\x00\x00\xff\xff\xff\xff\xff\xff\x00\
\x00\xff\xff\xff\xff\xff\xff\x00\x00\x7f\xff\xff\xff\xff\xff\x00\
\x00x\x00\xff\xff\xff\xff\x00\x00\x00\x00\x7f\xff\xff\xff\x00\
\x00\x00\x00?\xff\xff\xff\x00\x00\x00\x00?\xff\xff\xff\x00\
\x00\x00\x00?\xff\xff\xfe\x00\x00\x00\x00\x1f\xff\xff\xfe\x00\
\x00\x00\x00\x1f\xff\xff\xfe\x00\x00\x00\x00\x1f\xff\xff\xfe\x00\
\x00\x00\x00\x1f\xff\xff\xfe\x00\x00\x00\x00\x1f\xff\xff\xfe\x00\
\x00\x00\x00\x1f\xff\xff\xfe\x00\x00\x00\x00\x1f\xff\xff\xfe\x00\
\x00\x00\x00\x1f\xff\xff\xfe\x00\x00\x00\x00\x1f\xff\xff\xfe\x00\
\x00\x00\x00\x1f\xff\xff\xfe\x00\x00\x00\x00\x1f\xff\xff\xfe\x00\
\x00\x00\x00\x1f\xff\xff\xff\x00\x00\x00\x00?\xff\xff\xff\x00\
\x00\x00\x00?\xff\xff\xff\x00\x00\x00\x00?\xff\xff\xff\x00\
\x00\x00\x00?\xff\xff\xff\x00\x00\x00\x00\x7f\xff\xff\xff\x80\
\x00\x00\x00\x7f\xff\xff\xff\x80\x00\x00\x00\x7f\xff\xff\xff\x00\
\x00\x00\x00\x7f\xff\xff\xff\x00\x00\x00\x00\x7f\xff\xff\xff\x00\
\x00\x00\x00\x7f\xff\xff\xfe\x00\x00\x00\x00\x7f\xff\xff\xfe\x00\
\x00\x00\x00\x7f\xff\xff\xfc\x00\x00\x00\x00\x7f\xff\xff\xfc\x00\
\x00\x00\x00\xff\xff\xff\xfc\x00\x00\x00\x00\xff\xff\xff\xfc\x00\
\x00\x00\x00\xff\xff\xff\xfc\x00\x00\x00\x00\xff\xff\xff\xfc\x00\
\x00\x00\x01\xff\xff\xff\xfc\x00\x00\x00\x01\xff\xff\xff\xfc\x00\
\x00\x00\x01\xff\xff\xff\xfc\x00\x00\x00\x01\xff\xff\xff\xfc\x00\
\x00\x00\x01\xff\xff\xff\xfc\x00\x00\x00\x01\xff\xff\xff\xfe\x00\
\x00\x00\x01\xff\xff\xff\xfe\x00\x00\x00\x01\xff\xff\xff\xff\x00\
\x00\x00\x01\xff\xff\xff\xff\x80\x00\x00\x01\xff\xff\xff\xff\xc0\
\x00\x00\x01\xff\xff\xff\xff\xc0\x00\x00\x01\xff\xff\xff\xff\xc0\
\x00\x00\x01\xff\xff\xff\xff\xc0\x00\x00\x01\xff\xff\xff\xff\xc0\
\x00\x00\x01\xff\xff\xff\xff\xc0\x00\x00\x03\xff\xff\xff\xff\xc0\
\x00\x00\x03\xff\xff\xff\xff\xc0\x00\x00\x07\xff\xff\xff\xff\xc0\
\x00\x00\x0f\xff\xff\xff\xff\xe0\x00\x00\x7f\xff\xff\xff\xff\xe0\
\x00\x07\xff\xff\xff\xff\xff\xf0\x00\x0f\xff\xff\xff\xff\xff\xf8\
\x00\x1f\xff\xff\xff\xff\xff\xfc\x00?\xff\xff\xff\xff\xff\xff\
\x00\xff\xff\xff\xff(\x00\x00\x00H\x00\x00\x00\x90\x00\x00\
\x00\x01\x00 \x00\x00\x00\x00\x00\x00Q\x00\x00\x00\x00\x00\
\x00\x00\x00\x00\x00\x00\x00\x00\x00\x00\x00\x00\x00\x00\x00\x00\
\x00\x00\x00\x00\x00\x00\x00\x00\x00\x00\x00\x00\x00\x00\x00\x00\
\x00\x00\x00\x00\x00\x00\x00\x00\x00\x00\x00\x00\x00\x00\x00\x00\
\x00\x00\x00\x00\x00\x00\x00\x00\x00\x00\x00\x00\x00\x00\x00\x00\
\x00\x00\x00\x00\x00\x00\x00\x00\x00\x00\x00\x00\x00\x00\x00\x00\
\x00\x00\x00\x00\x00\x00\x00\x00\x00\x00\x00\x00\x002\x06\x15\
\x002\x06\x15\x002\x06\x15\x002\x06\x15\x002\x06\x15\
\x002\x06\x15\x002\x06\x15\x002\x06\x15\x00\x00\x00\x00\
\x002\x06\x15\x002\x06\x15\x002\x06\x15\x002\x06\x15\
\x00\x00\x00\x00\x00\x00\x00\x00\x00\x00\x00\x00\x00\x00\x00\x00\
\x00\x00\x00\x00\x00\x00\x00\x00\x00\x00\x00\x00\x00\x00\x00\x00\
\x00\x00\x00\x00\x00\x00\x00\x00\x00\x00\x00\x00\x00\x00\x00\x00\
\x00\x00\x00\x00\x00\x00\x00\x00\x00\x00\x00\x00\x00\x00\x00\x00\
\x00\x00\x00\x00\x00\x00\x00\x00\x00\x00\x00\x00\x00\x00\x00\x00\
\x00\x00\x00\x00\x00\x00\x00\x00\x00\x00\x00\x00\x00\x00\x00\x00\
\x00\x00\x00\x00\x00\x00\x00\x00\x00\x00\x00\x00\x00\x00\x00\x00\
\x00\x00\x00\x00\x00\x00\x00\x00\x00\x00\x00\x00\x00\x00\x00\x00\
\x00\x00\x00\x00\x00\x00\x00\x00\x00\x00\x00\x00\x00\x00\x00\x00\
\x00\x00\x00\x00\x00\x00\x00\x00\x00\x00\x00\x00\x00\x00\x00\x00\
\x00\x00\x00\x00\x00\x00\x00\x00\x00\x00\x00\x00\x00\x00\x00\x00\
\x00\x00\x00\x00\x00\x00\x00\x00\x00\x00\x00\x00\x00\x00\x00\x00\
\x00\x00\x00\x00\x00\x00\x00\x00\x00\x00\x00\x00\x00\x00\x00\x00\
\x00\x00\x00\x00\x00\x00\x00\x00\x00\x00\x00\x00\x00\x00\x00\x00\
\x00\x00\x00\x00\x00\x00\x00\x00\x002\x06\x15\x002\x06\x15\
\x002\x06\x15\x012\x06\x15\x022\x06\x15\x022\x06\x15\
\x022\x06\x15\x022\x06\x15\x012\x06\x15\x012\x06\x15\
\x012\x06\x15\x012\x06\x15\x012\x06\x15\x012\x06\x15\
\x012\x06\x15\x002\x06\x15\x00\x00\x00\x00\x00\x00\x00\x00\
\x00\x00\x00\x00\x00\x00\x00\x00\x00\x00\x00\x00\x00\x00\x00\x00\
\x00\x00\x00\x00\x00\x00\x00\x00\x00\x00\x00\x00\x00\x00\x00\x00\
\x00\x00\x00\x00\x00\x00\x00\x00\x00\x00\x00\x00\x00\x00\x00\x00\
\x00\x00\x00\x00\x00\x00\x00\x00\x00\x00\x00\x00\x00\x00\x00\x00\
\x00\x00\x00\x00\x00\x00\x00\x00\x00\x00\x00\x00\x00\x00\x00\x00\
\x00\x00\x00\x00\x00\x00\x00\x00\x00\x00\x00\x00\x00\x00\x00\x00\
\x00\x00\x00\x00\x00\x00\x00\x00\x00\x00\x00\x00\x00\x00\x00\x00\
\x00\x00\x00\x00\x00\x00\x00\x00\x00\x00\x00\x00\x00\x00\x00\x00\
\x00\x00\x00\x00\x00\x00\x00\x00\x00\x00\x00\x00\x00\x00\x00\x00\
\x00\x00\x00\x00\x00\x00\x00\x00\x00\x00\x00\x00\x00\x00\x00\x00\
\x00\x00\x00\x00\x00\x00\x00\x00\x00\x00\x00\x00\x00\x00\x00\x00\
\x00\x00\x00\x00\x00\x00\x00\x00\x00\x00\x00\x00\x00\x00\x00\x00\
\x00\x00\x00\x00\x00\x00\x00\x00\x00\x00\x00\x00\x00\x00\x00\x00\
\x00\x00\x00\x00\x00\x00\x00\x00\x002\x06\x15\x002\x06\x15\
\x012\x06\x15\x032\x06\x15\x052\x06\x15\x072\x06\x15\
\x072\x06\x15\x062\x06\x15\x042\x06\x15\x032\x06\x15\
\x032\x06\x15\x042\x06\x15\x052\x06\x15\x042\x06\x15\
\x032\x06\x15\x022\x06\x15\x012\x06\x15\x00\x00\x00\x00\
\x00\x00\x00\x00\x00\x00\x00\x00\x00\x00\x00\x00\x00\x00\x00\x00\
\x00\x00\x00\x00\x00\x00\x00\x00\x00\x00\x00\x00\x00\x00\x00\x00\
\x00\x00\x00\x00\x00\x00\x00\x00\x00\x00\x00\x00\x00\x00\x00\x00\
\x00\x00\x00\x00\x00\x00\x00\x00\x00\x00\x00\x00\x00\x00\x00\x00\
\x00\x00\x00\x00\x00\x00\x00\x00\x00\x00\x00\x00\x00\x00\x00\x00\
\x00\x00\x00\x00\x00\x00\x00\x00\x00\x00\x00\x00\x00\x00\x00\x00\
\x00\x00\x00\x00\x00\x00\x00\x00\x00\x00\x00\x00\x00\x00\x00\x00\
\x00\x00\x00\x00\x00\x00\x00\x00\x00\x00\x00\x00\x00\x00\x00\x00\
\x00\x00\x00\x00\x00\x00\x00\x00\x00\x00\x00\x00\x00\x00\x00\x00\
\x00\x00\x00\x00\x00\x00\x00\x00\x00\x00\x00\x00\x00\x00\x00\x00\
\x00\x00\x00\x00\x00\x00\x00\x00\x00\x00\x00\x00\x00\x00\x00\x00\
\x00\x00\x00\x00\x00\x00\x00\x00\x00\x00\x00\x00\x00\x00\x00\x00\
\x00\x00\x00\x00\x00\x00\x00\x00\x00\x00\x00\x00\x00\x00\x00\x00\
\x00\x00\x00\x00\x002\x06\x15\x002\x06\x15\x012\x06\x15\
\x032\x06\x15\x061\x05\x14\x0b)\x01\x10\x0d+\x02\x11\
\x0e1\x05\x14\x0d2\x06\x15\x0a2\x06\x15\x082\x06\x15\
\x082\x06\x15\x0a0\x06\x14\x0b2\x06\x15\x0b2\x06\x15\
\x082\x06\x15\x052\x06\x15\x022\x06\x15\x00\x00\x00\x00\
\x00\x00\x00\x00\x00\x00\x00\x00\x00\x00\x00\x00\x00\x00\x00\x00\
\x00\x00\x00\x00\x00\x00\x00\x00\x00\x00\x00\x00\x00\x00\x00\x00\
\x00\x00\x00\x00\x00\x00\x00\x00\x00\x00\x00\x00\x00\x00\x00\x00\
\x00\x00\x00\x00\x00\x00\x00\x00\x00\x00\x00\x00\x00\x00\x00\x00\
\x00\x00\x00\x00\x00\x00\x00\x00\x00\x00\x00\x00\x00\x00\x00\x00\
\x00\x00\x00\x00\x00\x00\x00\x00\x00\x00\x00\x00\x00\x00\x00\x00\
\x00\x00\x00\x00\x00\x00\x00\x00\x00\x00\x00\x00\x00\x00\x00\x00\
\x00\x00\x00\x00\x00\x00\x00\x00\x00\x00\x00\x00\x00\x00\x00\x00\
\x00\x00\x00\x00\x00\x00\x00\x00\x00\x00\x00\x00\x00\x00\x00\x00\
\x00\x00\x00\x00\x00\x00\x00\x00\x00\x00\x00\x00\x00\x00\x00\x00\
\x00\x00\x00\x00\x00\x00\x00\x00\x00\x00\x00\x00\x00\x00\x00\x00\
\x00\x00\x00\x00\x00\x00\x00\x00\x00\x00\x00\x00\x00\x00\x00\x00\
\x00\x00\x00\x00\x00\x00\x00\x00\x00\x00\x00\x00\x00\x00\x00\x00\
\x00\x00\x00\x00\x002\x06\x15\x002\x06\x15\x012\x06\x15\
\x051\x05\x14\x0a<\x0d\x1a\x14`&.(X\x1f)\
(6\x09\x17\x191\x05\x14\x132\x06\x15\x102\x06\x15\
\x110\x06\x14\x13=\x07\x19\x1a3\x06\x15\x141\x06\x15\
\x0f2\x06\x15\x092\x06\x15\x042\x06\x15\x012\x06\x15\
\x00\x00\x00\x00\x00\x00\x00\x00\x00\x00\x00\x00\x00\x00\x00\x00\
\x00\x00\x00\x00\x00\x00\x00\x00\x00\x00\x00\x00\x00\x00\x00\x00\
\x00\x00\x00\x00\x00\x00\x00\x00\x00\x00\x00\x00\x00\x00\x00\x00\
\x00\x00\x00\x00\x00\x00\x00\x00\x00\x00\x00\x00\x00\x00\x00\x00\
\x00\x00\x00\x00\x00\x00\x00\x00\x00\x00\x00\x00\x00\x00\x00\x00\
\x00\x00\x00\x00\x00\x00\x00\x00\x00\x00\x00\x00\x00\x00\x00\x00\
\x00\x00\x00\x00\x00\x00\x00\x00\x00\x00\x00\x00\x00\x00\x00\x00\
\x00\x00\x00\x00\x00\x00\x00\x00\x00\x00\x00\x00\x00\x00\x00\x00\
\x00\x00\x00\x00\x00\x00\x00\x00\x00\x00\x00\x00\x00\x00\x00\x00\
\x00\x00\x00\x00\x00\x00\x00\x00\x00\x00\x00\x00\x00\x00\x00\x00\
\x00\x00\x00\x00\x00\x00\x00\x00\x00\x00\x00\x00\x00\x00\x00\x00\
\x00\x00\x00\x00\x00\x00\x00\x00\x00\x00\x00\x00\x00\x00\x00\x00\
\x00\x00\x00\x00\x00\x00\x00\x00\x00\x00\x00\x00\x00\x00\x00\x00\
\x00\x00\x00\x00\x002\x06\x15\x002\x06\x15\x022\x06\x15\
\x06-\x02\x12\x0dS\x1e'!\x92II\xae\x90CG\
\xd5|3;p-\x03\x12\x1e2\x06\x15\x1b/\x06\x14\
\x1aM\x09 1l\x0a,\xa6f\x09*q2\x06\x15\
\x182\x06\x15\x0e2\x06\x15\x072\x06\x15\x022\x06\x15\
\x00\x00\x00\x00\x00\x00\x00\x00\x00\x00\x00\x00\x00\x00\x00\x00\
\x00\x00\x00\x00\x00\x00\x00\x00\x00\x00\x00\x00\x00\x00\x00\x00\
\x00\x00\x00\x00\x00\x00\x00\x00\x00\x00\x00\x00\x00\x00\x00\x00\
\x00\x00\x00\x00\x00\x00\x00\x00\x00\x00\x00\x00\x00\x00\x00\x00\
\x00\x00\x00\x00\x00\x00\x00\x00\x00\x00\x00\x00\x00\x00\x00\x00\
\x00\x00\x00\x00\x00\x00\x00\x00\x00\x00\x00\x00\x00\x00\x00\x00\
\x00\x00\x00\x00\x00\x00\x00\x00\x00\x00\x00\x00\x00\x00\x00\x00\
\x00\x00\x00\x00\x00\x00\x00\x00\x00\x00\x00\x00\x00\x00\x00\x00\
\x00\x00\x00\x00\x00\x00\x00\x00\x00\x00\x00\x00\x00\x00\x00\x00\
\x00\x00\x00\x00\x00\x00\x00\x00\x00\x00\x00\x00\x00\x00\x00\x00\
\x00\x00\x00\x00\x00\x00\x00\x00\x00\x00\x00\x00\x00\x00\x00\x00\
\x00\x00\x00\x00\x00\x00\x00\x00\x00\x00\x00\x00\x00\x00\x00\x00\
\x00\x00\x00\x00\x00\x00\x00\x00\x00\x00\x00\x00\x00\x00\x00\x00\
\x00\x00\x00\x00\x002\x06\x15\x002\x06\x15\x022\x06\x15\
\x071\x06\x15\x10/\x04\x13\x1c\x8dFG\x96\x95HJ\
\xff\x8b=C\xdb\x5c\x1f+E-\x03\x12$,\x05\x12\
$e\x0f*vq\x0c/\xfel\x0a,\xbe:\x07\x18\
$1\x06\x15\x142\x06\x15\x0a2\x06\x15\x032\x06\x15\
\x012\x06\x15\x002\x06\x15\x002\x06\x15\x002\x06\x15\
\x002\x06\x15\x002\x06\x15\x002\x06\x15\x002\x06\x15\
\x002\x06\x15\x002\x06\x15\x002\x06\x15\x002\x06\x15\
\x002\x06\x15\x002\x06\x15\x002\x06\x15\x002\x06\x15\
\x002\x06\x15\x00\x00\x00\x00\x00\x00\x00\x00\x00\x00\x00\x00\
\x00\x00\x00\x00\x00\x00\x00\x00\x00\x00\x00\x00\x00\x00\x00\x00\
\x00\x00\x00\x00\x00\x00\x00\x00\x00\x00\x00\x00\x00\x00\x00\x00\
\x00\x00\x00\x00\x00\x00\x00\x00\x00\x00\x00\x00\x00\x00\x00\x00\
\x00\x00\x00\x00\x00\x00\x00\x00\x00\x00\x00\x00\x00\x00\x00\x00\
\x00\x00\x00\x00\x00\x00\x00\x00\x00\x00\x00\x00\x00\x00\x00\x00\
\x00\x00\x00\x00\x00\x00\x00\x00\x00\x00\x00\x00\x00\x00\x00\x00\
\x00\x00\x00\x00\x00\x00\x00\x00\x00\x00\x00\x00\x00\x00\x00\x00\
\x00\x00\x00\x00\x00\x00\x00\x00\x00\x00\x00\x00\x00\x00\x00\x00\
\x00\x00\x00\x00\x002\x06\x15\x002\x06\x15\x022\x06\x15\
\x072\x06\x15\x11!\x00\x0c\x1b\x81?Ap\x97LL\
\xfc\x90BF\xff~3<\x9e3\x06\x1514\x07\x16\
1n\x15/\xb0r\x0f0\xffm\x0a-\xd4H\x07\x1e\
6.\x06\x13\x182\x06\x15\x0e2\x06\x15\x062\x06\x15\
\x022\x06\x15\x012\x06\x15\x022\x06\x15\x022\x06\x15\
\x022\x06\x15\x022\x06\x15\x022\x06\x15\x022\x06\x15\
\x022\x06\x15\x022\x06\x15\x022\x06\x15\x022\x06\x15\
\x032\x06\x15\x032\x06\x15\x032\x06\x15\x022\x06\x15\
\x022\x06\x15\x012\x06\x15\x002\x06\x15\x00\x00\x00\x00\
\x00\x00\x00\x00\x00\x00\x00\x00\x00\x00\x00\x00\x00\x00\x00\x00\
\x00\x00\x00\x00\x00\x00\x00\x00\x00\x00\x00\x00\x00\x00\x00\x00\
\x00\x00\x00\x00\x00\x00\x00\x00\x00\x00\x00\x00\x00\x00\x00\x00\
\x00\x00\x00\x00\x00\x00\x00\x00\x00\x00\x00\x00\x00\x00\x00\x00\
\x00\x00\x00\x00\x00\x00\x00\x00\x00\x00\x00\x00\x00\x00\x00\x00\
\x00\x00\x00\x00\x00\x00\x00\x00\x00\x00\x00\x00\x00\x00\x00\x00\
\x00\x00\x00\x00\x00\x00\x00\x00\x00\x00\x00\x00\x00\x00\x00\x00\
\x00\x00\x00\x00\x00\x00\x00\x00\x00\x00\x00\x00\x00\x00\x00\x00\
\x00\x00\x00\x00\x002\x06\x15\x002\x06\x15\x022\x06\x15\
\x082\x06\x15\x12$\x00\x0d\x1d\x8bHG\x88\x9aPN\
\xff\x93EH\xff\x8a;B\xeba ,a>\x0a\x1a\
At\x1a2\xd2t\x131\xffp\x0b.\xfbh\x0a+\
\x96:\x07\x18#1\x06\x14\x112\x06\x15\x092\x06\x15\
\x052\x06\x15\x052\x06\x15\x062\x06\x15\x072\x06\x15\
\x072\x06\x15\x072\x06\x15\x082\x06\x15\x082\x06\x15\
\x082\x06\x15\x072\x06\x15\x072\x06\x15\x082\x06\x15\
\x092\x06\x15\x092\x06\x15\x092\x06\x15\x072\x06\x15\
\x052\x06\x15\x032\x06\x15\x012\x06\x15\x00\x00\x00\x00\
\x00\x00\x00\x00\x00\x00\x00\x00\x00\x00\x00\x00\x00\x00\x00\x00\
\x00\x00\x00\x00\x00\x00\x00\x00\x00\x00\x00\x00\x00\x00\x00\x00\
\x00\x00\x00\x00\x00\x00\x00\x00\x00\x00\x00\x00\x00\x00\x00\x00\
\x00\x00\x00\x00\x00\x00\x00\x00\x00\x00\x00\x00\x00\x00\x00\x00\
\x00\x00\x00\x00\x00\x00\x00\x00\x00\x00\x00\x00\x00\x00\x00\x00\
\x00\x00\x00\x00\x00\x00\x00\x00\x00\x00\x00\x00\x00\x00\x00\x00\
\x00\x00\x00\x00\x00\x00\x00\x00\x00\x00\x00\x00\x00\x00\x00\x00\
\x00\x00\x00\x00\x00\x00\x00\x00\x00\x00\x00\x00\x00\x00\x00\x00\
\x00\x00\x00\x00\x002\x06\x15\x002\x06\x15\x032\x06\x15\
\x091\x05\x14\x148\x0b\x18$\x97SO\xaf\x9cSQ\
\xff\x95IJ\xff\x8e?E\xff\x7f1;\xb8R\x14$\
Zx\x1f4\xe4v\x172\xffq\x0d/\xffn\x0a-\
\xdfO\x08!8-\x06\x13\x132\x06\x15\x0c2\x06\x15\
\x090\x05\x14\x0a\x22\x00\x08\x0c(\x02\x0d\x0e2\x06\x15\
\x0f2\x06\x15\x10*\x02\x0e\x10$\x00\x0a\x10(\x01\x0d\
\x101\x05\x14\x102\x06\x15\x10.\x03\x12\x10'\x00\x0d\
\x11(\x00\x0d\x13'\x00\x0d\x12)\x01\x0e\x0f1\x05\x14\
\x0b2\x06\x15\x062\x06\x15\x032\x06\x15\x012\x06\x15\
\x00\x00\x00\x00\x00\x00\x00\x00\x00\x00\x00\x00\x00\x00\x00\x00\
\x00\x00\x00\x00\x00\x00\x00\x00\x00\x00\x00\x00\x00\x00\x00\x00\
\x00\x00\x00\x00\x00\x00\x00\x00\x00\x00\x00\x00\x00\x00\x00\x00\
\x00\x00\x00\x00\x00\x00\x00\x00\x00\x00\x00\x00\x00\x00\x00\x00\
\x00\x00\x00\x00\x00\x00\x00\x00\x00\x00\x00\x00\x00\x00\x00\x00\
\x00\x00\x00\x00\x00\x00\x00\x00\x00\x00\x00\x00\x00\x00\x00\x00\
\x00\x00\x00\x00\x00\x00\x00\x00\x00\x00\x00\x00\x00\x00\x00\x00\
\x00\x00\x00\x00\x00\x00\x00\x00\x00\x00\x00\x00\x00\x00\x00\x00\
\x00\x00\x00\x00\x002\x06\x15\x012\x06\x15\x042\x06\x15\
\x0b*\x00\x11\x16a,17\xa0\x5cU\xd8\x9fWS\
\xff\x98MM\xff\x91BG\xff\x888A\xebh!/\
\x7fz#6\xebw\x1a3\xffr\x100\xffn\x0a.\
\xe1O\x08!<-\x06\x13\x162\x06\x15\x101\x05\x14\
\x0eA\x16!\x13\x84bY%nIF$1\x05\x14\
\x1b1\x05\x14\x1cd;='{TP/nFE\
+8\x0d\x1a\x1d0\x04\x13\x1bQ%-#pDE\
0mAC2nAC1i;?(9\x0d\x1a\
\x141\x05\x14\x0b2\x06\x15\x052\x06\x15\x012\x06\x15\
\x00\x00\x00\x00\x00\x00\x00\x00\x00\x00\x00\x00\x00\x00\x00\x00\
\x00\x00\x00\x00\x00\x00\x00\x00\x00\x00\x00\x00\x00\x00\x00\x00\
\x00\x00\x00\x00\x00\x00\x00\x00\x00\x00\x00\x00\x00\x00\x00\x00\
\x00\x00\x00\x00\x00\x00\x00\x00\x00\x00\x00\x00\x00\x00\x00\x00\
\x00\x00\x00\x00\x00\x00\x00\x00\x00\x00\x00\x00\x00\x00\x00\x00\
\x00\x00\x00\x00\x00\x00\x00\x00\x00\x00\x00\x00\x00\x00\x00\x00\
\x00\x00\x00\x00\x00\x00\x00\x00\x00\x00\x00\x00\x00\x00\x00\x00\
\x00\x00\x00\x00\x00\x00\x00\x00\x00\x00\x00\x00\x00\x00\x00\x00\
\x002\x06\x15\x002\x06\x15\x012\x06\x15\x052\x06\x15\
\x0e \x00\x0a\x18\x86KG]\xa7dZ\xf5\xa1[U\
\xff\x9aPO\xff\x93FI\xfe\x7f5=\xab[\x1a(\
f}'8\xeey\x1e5\xfft\x141\xffo\x0b.\
\xe2O\x08!=-\x06\x13\x182\x06\x15\x13(\x00\x0c\
\x12\x7f\x5cT'\xe6\xce\xa9\xb3\xd4\xba\x9b\x8d+\x00\x0f\
&D\x19$,\xce\xad\x94\x9f\xda\xb9\x9d\xd9\xd1\xae\x95\
\xc0xPM?\x1c\x00\x04$\xa2wlf\xc6\x9b\x89\
\xd4\xc4\x97\x85\xd6\xc1\x92\x83\xd8\xb9\x89|\xaa[-4\
#,\x00\x11\x0f2\x06\x15\x072\x06\x15\x022\x06\x15\
\x00\x00\x00\x00\x00\x00\x00\x00\x00\x00\x00\x00\x00\x00\x00\x00\
\x00\x00\x00\x00\x00\x00\x00\x00\x00\x00\x00\x00\x00\x00\x00\x00\
\x00\x00\x00\x00\x00\x00\x00\x00\x00\x00\x00\x00\x00\x00\x00\x00\
\x00\x00\x00\x00\x00\x00\x00\x00\x00\x00\x00\x00\x00\x00\x00\x00\
\x00\x00\x00\x00\x00\x00\x00\x00\x00\x00\x00\x00\x00\x00\x00\x00\
\x00\x00\x00\x00\x00\x00\x00\x00\x00\x00\x00\x00\x00\x00\x00\x00\
\x00\x00\x00\x00\x00\x00\x00\x00\x00\x00\x00\x00\x00\x00\x00\x00\
\x00\x00\x00\x00\x00\x00\x00\x00\x00\x00\x00\x00\x00\x00\x00\x00\
\x002\x06\x15\x002\x06\x15\x022\x06\x15\x072\x06\x15\
\x11&\x00\x0e\x1c\x9d`V\x90\xabh]\xff\xa4^W\
\xff\x9dTQ\xff\x92HJ\xe4V\x1d(UR\x16$\
X\x7f*:\xec|\x226\xffv\x182\xffp\x0e/\
\xe5Q\x08\x22C-\x06\x13\x192\x06\x15\x15'\x00\x0c\
\x16\x81^V0\xeb\xd4\xad\xd8\xd8\xbf\x9e\xaa&\x00\x0b\
.ySOJ\xdc\xbd\xa0\xe1\xdf\xbf\xa1\xff\xda\xb7\x9c\
\xf8\xa2{on\x15\x00\x00,\xa5zo|\xcc\xa1\x8d\
\xfd\xca\x9c\x8a\xff\xc7\x98\x87\xff\xbe\x8e\x80\xcc\x5c/5\
*,\x00\x10\x122\x06\x15\x082\x06\x15\x022\x06\x15\
\x00\x00\x00\x00\x00\x00\x00\x00\x00\x00\x00\x00\x00\x00\x00\x00\
\x00\x00\x00\x00\x00\x00\x00\x00\x00\x00\x00\x00\x00\x00\x00\x00\
\x00\x00\x00\x00\x00\x00\x00\x00\x00\x00\x00\x00\x00\x00\x00\x00\
\x00\x00\x00\x00\x00\x00\x00\x00\x00\x00\x00\x00\x00\x00\x00\x00\
\x00\x00\x00\x00\x00\x00\x00\x00\x00\x00\x00\x00\x00\x00\x00\x00\
\x00\x00\x00\x00\x00\x00\x00\x00\x00\x00\x00\x00\x00\x00\x00\x00\
\x00\x00\x00\x00\x00\x00\x00\x00\x00\x00\x00\x00\x00\x00\x00\x00\
\x00\x00\x00\x00\x00\x00\x00\x00\x00\x00\x00\x00\x00\x00\x00\x00\
\x002\x06\x15\x002\x06\x15\x032\x06\x15\x09.\x03\x13\
\x14M\x1e&)\xaam_\xc2\xadl`\xff\xa6bY\
\xff\x9fXS\xff\x93KK\xd6G\x14 FK\x13\x22\
L\x80-;\xdf~&8\xffx\x1b4\xffr\x110\
\xecV\x09$K+\x05\x12\x192\x06\x15\x16(\x00\x0d\
\x18{XR3\xea\xd3\xad\xd9\xd6\xbc\x9c\xad \x00\x06\
4\xa8\x86uv\xe1\xc3\xa4\xfa\xdf\xbe\xa1\xff\xdc\xb9\x9d\
\xff\xbc\x96\x83\xa1 \x00\x075\xa1vl\x80\xcc\xa1\x8d\
\xfd\xca\x9c\x8a\xff\xc7\x98\x87\xff\xbd\x8d\x7f\xccY,3\
-,\x01\x11\x142\x06\x15\x092\x06\x15\x032\x06\x15\
\x00\x00\x00\x00\x00\x00\x00\x00\x00\x00\x00\x00\x00\x00\x00\x00\
\x00\x00\x00\x00\x00\x00\x00\x00\x00\x00\x00\x00\x00\x00\x00\x00\
\x00\x00\x00\x00\x00\x00\x00\x00\x00\x00\x00\x00\x00\x00\x00\x00\
\x00\x00\x00\x00\x00\x00\x00\x00\x00\x00\x00\x00\x00\x00\x00\x00\
\x00\x00\x00\x00\x00\x00\x00\x00\x00\x00\x00\x00\x00\x00\x00\x00\
\x00\x00\x00\x00\x00\x00\x00\x00\x00\x00\x00\x00\x00\x00\x00\x00\
\x00\x00\x00\x00\x00\x00\x00\x00\x00\x00\x00\x00\x00\x00\x00\x00\
\x00\x00\x00\x00\x00\x00\x00\x00\x00\x00\x00\x00\x00\x00\x00\x00\
\x002\x06\x15\x012\x06\x15\x042\x06\x15\x0b$\x00\x0c\
\x15zFCC\xb3ve\xe6\xafob\xff\xa9e[\
\xff\xa2[U\xff\x95NL\xceC\x12\x1e@>\x0d\x1b\
?\x7f.;\xcc\x80):\xffz\x1f5\xfft\x151\
\xf2Z\x0c&S*\x05\x12\x1a2\x06\x15\x17(\x00\x0d\
\x19zVP4\xea\xd3\xad\xd9\xd5\xba\x9b\xae*\x00\x0e\
:\xc8\xa9\x8f\xa7\xe3\xc5\xa5\xff\xdf\xbf\xa1\xff\xdc\xb9\x9e\
\xff\xcc\xa7\x90\xceF\x1b%D\x9ftj\x82\xcc\xa1\x8d\
\xfd\xca\x9d\x8a\xff\xc7\x98\x87\xff\xbd\x8d\x7f\xcdY+2\
.-\x01\x11\x142\x06\x15\x0a2\x06\x15\x032\x06\x15\
\x00\x00\x00\x00\x00\x00\x00\x00\x00\x00\x00\x00\x00\x00\x00\x00\
\x00\x00\x00\x00\x00\x00\x00\x00\x00\x00\x00\x00\x00\x00\x00\x00\
\x00\x00\x00\x00\x00\x00\x00\x00\x00\x00\x00\x00\x00\x00\x00\x00\
\x00\x00\x00\x00\x00\x00\x00\x00\x00\x00\x00\x00\x00\x00\x00\x00\
\x00\x00\x00\x00\x00\x00\x00\x00\x00\x00\x00\x00\x00\x00\x00\x00\
\x00\x00\x00\x00\x00\x00\x00\x00\x00\x00\x00\x00\x00\x00\x00\x00\
\x00\x00\x00\x00\x00\x00\x00\x00\x00\x00\x00\x00\x00\x00\x00\x00\
\x00\x00\x00\x00\x00\x00\x00\x00\x00\x00\x00\x00\x00\x00\x00\x00\
\x002\x06\x15\x012\x06\x15\x052\x06\x15\x0d\x1b\x00\x06\
\x17\x96`Ud\xb7|i\xf8\xb2sd\xff\xabi^\
\xff\xa5_X\xff\x94OM\xbb7\x09\x1865\x08\x17\
6~0;\xb7\x83-<\xff|#7\xffv\x193\
\xf7_\x0f(\x5c)\x04\x11\x1a2\x06\x15\x18)\x00\x0d\
\x1ayVO5\xea\xd3\xad\xd9\xd4\xb9\x9a\xaeV.3\
I\xda\xbd\x9f\xd4\xe4\xc6\xa6\xff\xdf\xbf\xa1\xff\xdc\xb9\x9d\
\xff\xd4\xaf\x97\xeezQO_\x9cqh\x82\xcd\xa1\x8e\
\xfd\xca\x9d\x8b\xff\xc7\x98\x87\xff\xbd\x8d\x7f\xcdY+2\
.-\x01\x11\x142\x06\x15\x0a2\x06\x15\x032\x06\x15\
\x00\x00\x00\x00\x00\x00\x00\x00\x00\x00\x00\x00\x00\x00\x00\x00\
\x00\x00\x00\x00\x00\x00\x00\x00\x00\x00\x00\x00\x00\x00\x00\x00\
\x00\x00\x00\x00\x00\x00\x00\x00\x00\x00\x00\x00\x00\x00\x00\x00\
\x00\x00\x00\x00\x00\x00\x00\x00\x00\x00\x00\x00\x00\x00\x00\x00\
\x00\x00\x00\x00\x00\x00\x00\x00\x00\x00\x00\x00\x00\x00\x00\x00\
\x00\x00\x00\x00\x00\x00\x00\x00\x00\x00\x00\x00\x00\x00\x00\x00\
\x00\x00\x00\x00\x00\x00\x00\x00\x00\x00\x00\x00\x00\x00\x00\x00\
\x00\x00\x00\x00\x00\x00\x00\x00\x00\x00\x00\x00\x002\x06\x15\
\x002\x06\x15\x012\x06\x15\x062\x06\x15\x0f\x1d\x00\x08\
\x19\xa6p`\x83\xbb\x80l\xff\xb4vf\xff\xaem`\
\xff\xa7cZ\xff\x91OL\xa2.\x02\x120/\x05\x14\
0|0:\xa2\x851=\xff~'8\xffx\x1c4\
\xfac\x12*h(\x04\x11\x1b2\x06\x15\x18)\x00\x0d\
\x1ayUO5\xeb\xd4\xad\xd9\xd3\xb8\x99\xad\x90mb\
g\xe4\xc8\xa6\xf2\xe4\xc6\xa6\xff\xe0\xbf\xa2\xff\xdb\xb9\x9d\
\xff\xd8\xb3\x9a\xfe\xa5}q\x88\x9bpg\x81\xcd\xa2\x8e\
\xfd\xca\x9d\x8b\xff\xc7\x98\x87\xff\xbd\x8d\x7f\xcdY+2\
.-\x01\x11\x142\x06\x15\x0a2\x06\x15\x032\x06\x15\
\x00\x00\x00\x00\x00\x00\x00\x00\x00\x00\x00\x00\x00\x00\x00\x00\
\x00\x00\x00\x00\x00\x00\x00\x00\x00\x00\x00\x00\x00\x00\x00\x00\
\x00\x00\x00\x00\x00\x00\x00\x00\x00\x00\x00\x00\x00\x00\x00\x00\
\x00\x00\x00\x00\x00\x00\x00\x00\x00\x00\x00\x00\x00\x00\x00\x00\
\x00\x00\x00\x00\x00\x00\x00\x00\x00\x00\x00\x00\x00\x00\x00\x00\
\x00\x00\x00\x00\x00\x00\x00\x00\x00\x00\x00\x00\x00\x00\x00\x00\
\x00\x00\x00\x00\x00\x00\x00\x00\x00\x00\x00\x00\x00\x00\x00\x00\
\x00\x00\x00\x00\x00\x00\x00\x00\x00\x00\x00\x00\x002\x06\x15\
\x002\x06\x15\x012\x06\x15\x072\x06\x15\x10%\x00\x0d\
\x1c\xb0zg\x98\xbd\x84o\xff\xb7zh\xff\xb0pb\
\xff\xa9f\x5c\xff\x8dMJ\x88'\x00\x0e+*\x01\x11\
+{1:\x90\x874?\xff\x81*:\xffz 5\
\xfdh\x15,t(\x03\x11\x1c2\x06\x15\x19)\x00\x0d\
\x1axUO6\xea\xd4\xad\xd9\xd2\xb8\x99\xad\xbd\x9e\x87\
\x93\xe7\xcc\xa9\xff\xe3\xc5\xa5\xff\xe0\xc0\xa2\xff\xd5\xb3\x98\
\xe4\xd4\xaf\x96\xee\xbf\x98\x85\xb5\x9etj\x86\xcd\xa2\x8e\
\xfd\xca\x9d\x8b\xff\xc7\x99\x88\xff\xbd\x8d\x7f\xcdY+3\
.-\x01\x11\x142\x06\x15\x0a2\x06\x15\x032\x06\x15\
\x00\x00\x00\x00\x00\x00\x00\x00\x00\x00\x00\x00\x00\x00\x00\x00\
\x00\x00\x00\x00\x00\x00\x00\x00\x00\x00\x00\x00\x00\x00\x00\x00\
\x00\x00\x00\x00\x00\x00\x00\x00\x00\x00\x00\x00\x00\x00\x00\x00\
\x00\x00\x00\x00\x00\x00\x00\x00\x00\x00\x00\x00\x00\x00\x00\x00\
\x00\x00\x00\x00\x00\x00\x00\x00\x00\x00\x00\x00\x00\x00\x00\x00\
\x00\x00\x00\x00\x00\x00\x00\x00\x00\x00\x00\x00\x00\x00\x00\x00\
\x00\x00\x00\x00\x00\x00\x00\x00\x00\x00\x00\x00\x00\x00\x00\x00\
\x00\x00\x00\x00\x00\x00\x00\x00\x00\x00\x00\x00\x002\x06\x15\
\x002\x06\x15\x022\x06\x15\x072\x06\x15\x10(\x00\x0e\
\x1c\xb4\x7fj\x9f\xc0\x88q\xff\xb9}j\xff\xb2te\
\xff\xabj^\xfa\x84GEp'\x00\x0e))\x01\x10\
)x19\x80\x898A\xfe\x83.<\xff}$7\
\xffk\x19.\x7f(\x02\x10\x1d2\x06\x15\x1a)\x00\x0e\
\x1bxTO6\xea\xd4\xad\xd9\xd6\xbc\x9c\xb4\xd7\xbb\x9c\
\xc1\xe8\xcd\xaa\xff\xe3\xc6\xa5\xff\xe0\xc0\xa2\xff\xc0\x9c\x87\
\xa8\xc4\x9e\x89\xbe\xcd\xa7\x90\xde\xaa\x81t\x96\xcd\xa2\x8e\
\xfc\xca\x9e\x8b\xff\xc8\x99\x88\xff\xbd\x8e\x80\xcdY+3\
.-\x01\x11\x142\x06\x15\x0a2\x06\x15\x032\x06\x15\
\x00\x00\x00\x00\x00\x00\x00\x00\x00\x00\x00\x00\x00\x00\x00\x00\
\x00\x00\x00\x00\x00\x00\x00\x00\x00\x00\x00\x00\x00\x00\x00\x00\
\x00\x00\x00\x00\x00\x00\x00\x00\x00\x00\x00\x00\x00\x00\x00\x00\
\x00\x00\x00\x00\x00\x00\x00\x00\x00\x00\x00\x00\x00\x00\x00\x00\
\x00\x00\x00\x00\x00\x00\x00\x00\x00\x00\x00\x00\x00\x00\x00\x00\
\x00\x00\x00\x00\x00\x00\x00\x00\x00\x00\x00\x00\x00\x00\x00\x00\
\x00\x00\x00\x00\x00\x00\x00\x00\x00\x00\x00\x00\x00\x00\x00\x00\
\x00\x00\x00\x00\x00\x00\x00\x00\x00\x00\x00\x00\x002\x06\x15\
\x002\x06\x15\x012\x06\x15\x062\x06\x15\x0f#\x00\x0b\
\x1b\xb3\x7fj\x94\xc2\x8bs\xff\xbb\x81l\xff\xb5wg\
\xff\xadm`\xf3x??\x5c(\x00\x0f*)\x00\x10\
)v19t\x8c;C\xfc\x852>\xff\x7f'9\
\xffo\x1d0\x8b(\x02\x10\x1e2\x06\x15\x1a)\x00\x0e\
\x1bwTN6\xea\xd4\xad\xd8\xe0\xc6\xa4\xcb\xe5\xca\xa8\
\xe6\xe8\xcd\xaa\xff\xe4\xc6\xa6\xff\xdf\xbf\xa1\xf9\x9cwj\
t\xab\x84u\x8c\xd3\xac\x94\xf3\xbb\x92\x81\xb6\xcd\xa2\x8e\
\xfa\xca\x9e\x8b\xff\xc8\x99\x88\xff\xbd\x8e\x80\xcdY+3\
.-\x01\x11\x142\x06\x15\x0a2\x06\x15\x032\x06\x15\
\x00\x00\x00\x00\x00\x00\x00\x00\x00\x00\x00\x00\x00\x00\x00\x00\
\x00\x00\x00\x00\x00\x00\x00\x00\x00\x00\x00\x00\x00\x00\x00\x00\
\x00\x00\x00\x00\x00\x00\x00\x00\x00\x00\x00\x00\x00\x00\x00\x00\
\x00\x00\x00\x00\x00\x00\x00\x00\x00\x00\x00\x00\x00\x00\x00\x00\
\x00\x00\x00\x00\x00\x00\x00\x00\x00\x00\x00\x00\x00\x00\x00\x00\
\x00\x00\x00\x00\x00\x00\x00\x00\x00\x00\x00\x00\x00\x00\x00\x00\
\x00\x00\x00\x00\x00\x00\x00\x00\x00\x00\x00\x00\x00\x00\x00\x00\
\x00\x00\x00\x00\x00\x00\x00\x00\x00\x00\x00\x00\x00\x00\x00\x00\
\x002\x06\x15\x012\x06\x15\x052\x06\x15\x0e\x19\x00\x04\
\x18\xa7ucr\xc4\x8eu\xfd\xbe\x85o\xff\xb7{i\
\xff\xb0qc\xfc\x91TO\x84+\x00\x11,)\x00\x10\
+s07l\x8e?E\xfa\x885@\xff\x81+;\
\xffs 3\x97+\x03\x12 2\x06\x15\x1b)\x00\x0e\
\x1cwTN6\xea\xd3\xac\xd7\xeb\xd3\xad\xf0\xea\xd1\xad\
\xfb\xe8\xcc\xaa\xff\xe4\xc7\xa7\xff\xda\xba\x9d\xe2jBB\
N\x85\x5cW`\xd2\xab\x94\xee\xcb\xa2\x8d\xe2\xcd\xa2\x8e\
\xfb\xcb\x9e\x8c\xff\xc8\x9a\x88\xff\xbe\x8e\x80\xcdY+3\
.,\x01\x11\x142\x06\x15\x0a2\x06\x15\x032\x06\x15\
\x00\x00\x00\x00\x00\x00\x00\x00\x00\x00\x00\x00\x00\x00\x00\x00\
\x00\x00\x00\x00\x00\x00\x00\x00\x00\x00\x00\x00\x00\x00\x00\x00\
\x00\x00\x00\x00\x00\x00\x00\x00\x00\x00\x00\x00\x00\x00\x00\x00\
\x00\x00\x00\x00\x00\x00\x00\x00\x00\x00\x00\x00\x00\x00\x00\x00\
\x00\x00\x00\x00\x00\x00\x00\x00\x00\x00\x00\x00\x00\x00\x00\x00\
\x00\x00\x00\x00\x00\x00\x00\x00\x00\x00\x00\x00\x00\x00\x00\x00\
\x00\x00\x00\x00\x00\x00\x00\x00\x00\x00\x00\x00\x00\x00\x00\x00\
\x00\x00\x00\x00\x00\x00\x00\x00\x00\x00\x00\x00\x00\x00\x00\x00\
\x002\x06\x15\x012\x06\x15\x042\x06\x15\x0c\x1e\x00\x08\
\x16\x8f^SN\xc4\x90v\xee\xc0\x88q\xff\xba~k\
\xff\xb3ue\xff\xa7g\x5c\xd3V#+A&\x00\x0e\
,p06g\x90BG\xf8\x8a9B\xff\x83/<\
\xffv#5\xa30\x05\x14#2\x06\x15\x1c*\x00\x0e\
\x1dwTN7\xea\xd4\xad\xd7\xf0\xd8\xb1\xff\xec\xd2\xad\
\xff\xe8\xcd\xaa\xff\xe5\xc7\xa7\xff\xcf\xaf\x95\xb9:\x0f\x1c\
8V,2A\xcb\xa4\x8e\xd1\xd2\xa9\x93\xff\xce\xa4\x8f\
\xff\xcb\x9e\x8c\xff\xc8\x9a\x88\xff\xbe\x8e\x80\xcdY+3\
.,\x01\x11\x142\x06\x15\x0a2\x06\x15\x032\x06\x15\
\x00\x00\x00\x00\x00\x00\x00\x00\x00\x00\x00\x00\x00\x00\x00\x00\
\x00\x00\x00\x00\x00\x00\x00\x00\x00\x00\x00\x00\x00\x00\x00\x00\
\x00\x00\x00\x00\x00\x00\x00\x00\x00\x00\x00\x00\x00\x00\x00\x00\
\x00\x00\x00\x00\x00\x00\x00\x00\x00\x00\x00\x00\x00\x00\x00\x00\
\x00\x00\x00\x00\x00\x00\x00\x00\x00\x00\x00\x00\x00\x00\x00\x00\
\x00\x00\x00\x00\x00\x00\x00\x00\x00\x00\x00\x00\x00\x00\x00\x00\
\x00\x00\x00\x00\x00\x00\x00\x00\x00\x00\x00\x00\x00\x00\x00\x00\
\x00\x00\x00\x00\x00\x00\x00\x00\x00\x00\x00\x00\x00\x00\x00\x00\
\x002\x06\x15\x002\x06\x15\x032\x06\x15\x0a)\x00\x0f\
\x15i;:3\xc2\x8fu\xd5\xc3\x8ct\xff\xbc\x82m\
\xff\xb5xg\xff\xaen`\xf5}CBg!\x00\x0b\
.n/6f\x92FH\xf8\x8d<D\xff\x862>\
\xffz'7\xb77\x08\x17'1\x06\x15\x1d*\x00\x0e\
\x1dwSN7\xea\xd4\xad\xd7\xf0\xd8\xb1\xff\xec\xd3\xae\
\xff\xe8\xcd\xaa\xff\xe4\xc7\xa6\xff\xbb\x9a\x85\x85\x22\x00\x08\
,.\x02\x12.\xbd\x96\x84\xa1\xd2\xaa\x93\xff\xce\xa4\x8f\
\xff\xcb\x9f\x8c\xff\xc8\x9a\x89\xff\xbe\x8f\x80\xcdY,3\
.,\x01\x11\x142\x06\x15\x0a2\x06\x15\x032\x06\x15\
\x00\x00\x00\x00\x00\x00\x00\x00\x00\x00\x00\x00\x00\x00\x00\x00\
\x00\x00\x00\x00\x00\x00\x00\x00\x00\x00\x00\x00\x00\x00\x00\x00\
\x00\x00\x00\x00\x00\x00\x00\x00\x00\x00\x00\x00\x00\x00\x00\x00\
\x00\x00\x00\x00\x00\x00\x00\x00\x00\x00\x00\x00\x00\x00\x00\x00\
\x00\x00\x00\x00\x00\x00\x00\x00\x00\x00\x00\x00\x00\x00\x00\x00\
\x00\x00\x00\x00\x00\x00\x00\x00\x00\x00\x00\x00\x00\x00\x00\x00\
\x00\x00\x00\x00\x00\x00\x00\x00\x00\x00\x00\x00\x00\x00\x00\x00\
\x00\x00\x00\x00\x00\x00\x00\x00\x00\x00\x00\x00\x00\x00\x00\x00\
\x002\x06\x15\x002\x06\x15\x022\x06\x15\x090\x04\x14\
\x13<\x10\x1c#\xbd\x8br\xb1\xc5\x90v\xff\xbe\x85o\
\xff\xb8|i\xff\xb1rc\xff\x92VO\x90!\x00\x0b\
2o17h\x95IJ\xf8\x8f@F\xff\x886@\
\xff\x7f+:\xcdE\x0e\x1e00\x05\x14\x1e*\x00\x0e\
\x1exTN6\xeb\xd5\xad\xd6\xf0\xd9\xb1\xff\xec\xd3\xae\
\xff\xe8\xcd\xaa\xff\xe2\xc5\xa4\xef\x9aviU$\x00\x09\
%!\x00\x08%\xa6~qm\xd1\xa9\x93\xf9\xce\xa4\x8f\
\xff\xcb\x9f\x8c\xff\xc8\x9a\x89\xff\xbe\x8f\x80\xccZ-3\
-,\x01\x11\x132\x06\x15\x092\x06\x15\x032\x06\x15\
\x00\x00\x00\x00\x00\x00\x00\x00\x00\x00\x00\x00\x00\x00\x00\x00\
\x00\x00\x00\x00\x00\x00\x00\x00\x00\x00\x00\x00\x00\x00\x00\x00\
\x00\x00\x00\x00\x00\x00\x00\x00\x00\x00\x00\x00\x00\x00\x00\x00\
\x00\x00\x00\x00\x00\x00\x00\x00\x00\x00\x00\x00\x00\x00\x00\x00\
\x00\x00\x00\x00\x00\x00\x00\x00\x00\x00\x00\x00\x00\x00\x00\x00\
\x00\x00\x00\x00\x00\x00\x00\x00\x00\x00\x00\x00\x00\x00\x00\x00\
\x00\x00\x00\x00\x00\x00\x00\x00\x00\x00\x00\x00\x00\x00\x00\x00\
\x00\x00\x00\x00\x00\x00\x00\x00\x00\x00\x00\x00\x00\x00\x00\x00\
\x002\x06\x15\x002\x06\x15\x022\x06\x15\x072\x06\x15\
\x10\x1e\x00\x08\x1b\xb3\x81k\x88\xc8\x93x\xff\xc1\x89r\
\xff\xba\x7fk\xff\xb4vf\xff\x9faX\xb4.\x03\x13\
9r49n\x98MM\xf9\x92DH\xff\x8b:B\
\xff\x82/<\xddS\x15$<.\x04\x13\x1e)\x00\x0e\
\x1d|YR4\xec\xd6\xae\xd6\xf0\xd9\xb2\xff\xed\xd4\xae\
\xff\xe9\xce\xab\xff\xdd\xc0\xa0\xcdd<=2-\x01\x11\
 (\x00\x0d \x7fURA\xce\xa5\x90\xe1\xcf\xa5\x90\
\xff\xcc\x9f\x8c\xff\xc9\x9b\x89\xff\xbf\x90\x81\xcc]/6\
*,\x00\x10\x122\x06\x15\x082\x06\x15\x022\x06\x15\
\x00\x00\x00\x00\x00\x00\x00\x00\x00\x00\x00\x00\x00\x00\x00\x00\
\x00\x00\x00\x00\x00\x00\x00\x00\x00\x00\x00\x00\x00\x00\x00\x00\
\x00\x00\x00\x00\x00\x00\x00\x00\x00\x00\x00\x00\x00\x00\x00\x00\
\x00\x00\x00\x00\x00\x00\x00\x00\x00\x00\x00\x00\x00\x00\x00\x00\
\x00\x00\x00\x00\x00\x00\x00\x00\x00\x00\x00\x00\x00\x00\x00\x00\
\x00\x00\x00\x00\x00\x00\x00\x00\x00\x00\x00\x00\x00\x00\x00\x00\
\x00\x00\x00\x00\x00\x00\x00\x00\x00\x00\x00\x00\x00\x00\x00\x00\
\x00\x00\x00\x00\x00\x00\x00\x00\x00\x00\x00\x00\x00\x00\x00\x00\
\x00\x00\x00\x00\x002\x06\x15\x012\x06\x15\x052\x06\x15\
\x0e\x1a\x00\x05\x18\x9fo_`\xc9\x95z\xf7\xc3\x8dt\
\xff\xbc\x83n\xff\xb6zh\xff\xa8j^\xd4F\x17!\
Ew:<w\x9aQO\xfb\x94HJ\xff\x8d=D\
\xff\x853>\xea\x5c\x1b)F+\x03\x12\x1d+\x00\x0f\
\x1atPK+\xe3\xcc\xa7\xa8\xe7\xce\xa9\xcc\xe2\xc8\xa6\
\xcb\xdf\xc3\xa3\xcd\xc8\xa9\x8f\x860\x04\x13#2\x06\x15\
\x1e0\x04\x14\x1eH\x1d&(\xbe\x95\x84\x9b\xc7\x9c\x89\
\xce\xc3\x96\x86\xcb\xc1\x93\x83\xcd\xb8\x89|\xa1Y+2\
\x22,\x00\x11\x0f2\x06\x15\x072\x06\x15\x022\x06\x15\
\x00\x00\x00\x00\x00\x00\x00\x00\x00\x00\x00\x00\x00\x00\x00\x00\
\x00\x00\x00\x00\x00\x00\x00\x00\x00\x00\x00\x00\x00\x00\x00\x00\
\x00\x00\x00\x00\x00\x00\x00\x00\x00\x00\x00\x00\x00\x00\x00\x00\
\x00\x00\x00\x00\x00\x00\x00\x00\x00\x00\x00\x00\x00\x00\x00\x00\
\x00\x00\x00\x00\x00\x00\x00\x00\x00\x00\x00\x00\x00\x00\x00\x00\
\x00\x00\x00\x00\x00\x00\x00\x00\x00\x00\x00\x00\x00\x00\x00\x00\
\x00\x00\x00\x00\x00\x00\x00\x00\x00\x00\x00\x00\x00\x00\x00\x00\
\x00\x00\x00\x00\x00\x00\x00\x00\x00\x00\x00\x00\x00\x00\x00\x00\
\x00\x00\x00\x00\x002\x06\x15\x012\x06\x15\x042\x06\x15\
\x0c$\x00\x0b\x16\x80RJ@\xc8\x96z\xe3\xc6\x91w\
\xff\xbf\x86p\xff\xb9}j\xff\xafqb\xebd03\
Z\x7f@A\x83\x9dUR\xfd\x97KL\xff\x90AF\
\xff\x887@\xf1f!.S)\x01\x10\x1b2\x06\x15\
\x188\x0d\x1a\x19_8:%_8:.Z26\
3Y054F\x1c%,0\x04\x13#1\x05\x14\
\x1f2\x06\x15\x1f1\x05\x15\x22H\x1d'-S'/\
5R&.5T(/0S&.&6\x0a\x18\
\x152\x06\x15\x0b2\x06\x15\x052\x06\x15\x012\x06\x15\
\x00\x00\x00\x00\x00\x00\x00\x00\x00\x00\x00\x00\x00\x00\x00\x00\
\x00\x00\x00\x00\x00\x00\x00\x00\x00\x00\x00\x00\x00\x00\x00\x00\
\x00\x00\x00\x00\x00\x00\x00\x00\x00\x00\x00\x00\x00\x00\x00\x00\
\x00\x00\x00\x00\x00\x00\x00\x00\x00\x00\x00\x00\x00\x00\x00\x00\
\x00\x00\x00\x00\x00\x00\x00\x00\x00\x00\x00\x00\x00\x00\x00\x00\
\x00\x00\x00\x00\x00\x00\x00\x00\x00\x00\x00\x00\x00\x00\x00\x00\
\x00\x00\x00\x00\x00\x00\x00\x00\x00\x00\x00\x00\x00\x00\x00\x00\
\x00\x00\x00\x00\x00\x00\x00\x00\x00\x00\x00\x00\x00\x00\x00\x00\
\x00\x00\x00\x00\x002\x06\x15\x002\x06\x15\x032\x06\x15\
\x0a-\x01\x12\x14T',*\xc4\x94x\xc5\xc9\x95y\
\xff\xc1\x8ar\xff\xbb\x80l\xff\xb4vf\xfb\x82JF\
z\x88IG\x94\xa0YT\xff\x99ON\xff\x92EH\
\xff\x8b;B\xf6m&2^&\x00\x0f\x1a2\x06\x15\
\x151\x05\x15\x13-\x01\x11\x17.\x01\x11\x1f+\x01\x0f\
%\x1f\x00\x05&!\x00\x07'2\x07\x15(:\x0f\x1b\
'(\x02\x0d$\x22\x00\x08$+\x01\x10(%\x01\x0b\
( \x00\x07$,\x02\x11 /\x03\x13\x182\x06\x15\
\x0f2\x06\x15\x072\x06\x15\x032\x06\x15\x01\x00\x00\x00\
\x00\x00\x00\x00\x00\x00\x00\x00\x00\x00\x00\x00\x00\x00\x00\x00\
\x00\x00\x00\x00\x00\x00\x00\x00\x00\x00\x00\x00\x00\x00\x00\x00\
\x00\x00\x00\x00\x00\x00\x00\x00\x00\x00\x00\x00\x00\x00\x00\x00\
\x00\x00\x00\x00\x00\x00\x00\x00\x00\x00\x00\x00\x00\x00\x00\x00\
\x00\x00\x00\x00\x00\x00\x00\x00\x00\x00\x00\x00\x00\x00\x00\x00\
\x00\x00\x00\x00\x00\x00\x00\x00\x00\x00\x00\x00\x00\x00\x00\x00\
\x00\x00\x00\x00\x00\x00\x00\x00\x00\x00\x00\x00\x00\x00\x00\x00\
\x00\x00\x00\x00\x00\x00\x00\x00\x00\x00\x00\x00\x00\x00\x00\x00\
\x00\x00\x00\x00\x002\x06\x15\x002\x06\x15\x022\x06\x15\
\x082\x06\x15\x12*\x00\x0f\x1e\xbc\x8ds\x9e\xcb\x99|\
\xff\xc4\x8eu\xff\xbd\x84n\xff\xb7zh\xff\x9ebW\
\xaf\x97WQ\xb3\xa3]W\xff\x9cSP\xff\x95HJ\
\xff\x8e>D\xfar+5g$\x00\x0e\x1a2\x06\x15\
\x142\x06\x15\x132\x06\x15\x17$\x00\x0a\x1eR-/\
/\xa8\x88v_\xc8\xa9\x8f\x91\xd1\xb0\x96\xae\xd0\xae\x95\
\xb5\xc6\xa2\x8c\xa0\xa9\x82tp_59=\x94jb\
_\xaa~rt^27+,\x00\x10\x152\x06\x15\
\x0c2\x06\x15\x052\x06\x15\x012\x06\x15\x00\x00\x00\x00\
\x00\x00\x00\x00\x00\x00\x00\x00\x00\x00\x00\x00\x00\x00\x00\x00\
\x00\x00\x00\x00\x00\x00\x00\x00\x00\x00\x00\x00\x00\x00\x00\x00\
\x00\x00\x00\x00\x00\x00\x00\x00\x00\x00\x00\x00\x00\x00\x00\x00\
\x00\x00\x00\x00\x00\x00\x00\x00\x00\x00\x00\x00\x00\x00\x00\x00\
\x00\x00\x00\x00\x00\x00\x00\x00\x00\x00\x00\x00\x00\x00\x00\x00\
\x00\x00\x00\x00\x00\x00\x00\x00\x00\x00\x00\x00\x00\x00\x00\x00\
\x00\x00\x00\x00\x00\x00\x00\x00\x00\x00\x00\x00\x00\x00\x00\x00\
\x00\x00\x00\x00\x00\x00\x00\x00\x00\x00\x00\x00\x00\x00\x00\x00\
\x00\x00\x00\x00\x002\x06\x15\x002\x06\x15\x012\x06\x15\
\x062\x06\x15\x0f\x18\x00\x03\x19\xae\x7fjt\xcd\x9b}\
\xfd\xc6\x92w\xff\xc0\x87q\xff\xb9~k\xff\xb1sc\
\xf3\xa9h]\xf1\xa5aY\xff\x9eVR\xff\x97LL\
\xff\x90BG\xfdv/8n#\x00\x0d\x1b2\x06\x15\
\x162\x06\x15\x16#\x00\x08\x1a\x97whC\xdd\xc2\xa1\
\xb2\xe7\xcd\xaa\xf3\xe6\xca\xa8\xff\xdd\xbe\xa0\xe5\xd2\xb1\x97\
\xca\xd7\xb3\x99\xec\xd6\xb1\x98\xfa\xc9\xa1\x8d\xcd\xca\xa0\x8c\
\xe3\xc9\x9e\x8b\xe5\x82US<\x22\x00\x08\x132\x06\x15\
\x0a2\x06\x15\x042\x06\x15\x012\x06\x15\x00\x00\x00\x00\
\x00\x00\x00\x00\x00\x00\x00\x00\x00\x00\x00\x00\x00\x00\x00\x00\
\x00\x00\x00\x00\x00\x00\x00\x00\x00\x00\x00\x00\x00\x00\x00\x00\
\x00\x00\x00\x00\x00\x00\x00\x00\x00\x00\x00\x00\x00\x00\x00\x00\
\x00\x00\x00\x00\x00\x00\x00\x00\x00\x00\x00\x00\x00\x00\x00\x00\
\x00\x00\x00\x00\x00\x00\x00\x00\x00\x00\x00\x00\x00\x00\x00\x00\
\x00\x00\x00\x00\x00\x00\x00\x00\x00\x00\x00\x00\x00\x00\x00\x00\
\x00\x00\x00\x00\x00\x00\x00\x00\x00\x00\x00\x00\x00\x00\x00\x00\
\x00\x00\x00\x00\x00\x00\x00\x00\x00\x00\x00\x00\x00\x00\x00\x00\
\x00\x00\x00\x00\x00\x00\x00\x00\x002\x06\x15\x012\x06\x15\
\x052\x06\x15\x0d\x1d\x00\x07\x17\x94gYP\xcd\x9d~\
\xef\xc9\x95z\xff\xc2\x8bs\xff\xbb\x81m\xff\xb5xg\
\xff\xaena\xff\xa8d[\xff\xa1ZT\xff\x9aPO\
\xff\x93FI\xfey2:t$\x00\x0e\x1d2\x06\x15\
\x1b%\x00\x0a\x1b\x8dn`;\xe7\xcf\xaa\xc8\xee\xd5\xaf\
\xff\xea\xd0\xac\xff\xdf\xc2\xa2\xda\x8ch_W>\x12\x1e\
6\xa7\x81sw\xd6\xb0\x97\xf7\xd4\xac\x95\xff\xd0\xa7\x91\
\xff\xc9\x9d\x8b\xe4\x7fSQ=\x22\x00\x09\x142\x06\x15\
\x0a2\x06\x15\x032\x06\x15\x00\x00\x00\x00\x00\x00\x00\x00\
\x00\x00\x00\x00\x00\x00\x00\x00\x00\x00\x00\x00\x00\x00\x00\x00\
\x00\x00\x00\x00\x00\x00\x00\x00\x00\x00\x00\x00\x00\x00\x00\x00\
\x00\x00\x00\x00\x00\x00\x00\x00\x00\x00\x00\x00\x00\x00\x00\x00\
\x00\x00\x00\x00\x00\x00\x00\x00\x00\x00\x00\x00\x00\x00\x00\x00\
\x00\x00\x00\x00\x00\x00\x00\x00\x00\x00\x00\x00\x00\x00\x00\x00\
\x00\x00\x00\x00\x00\x00\x00\x00\x00\x00\x00\x00\x00\x00\x00\x00\
\x00\x00\x00\x00\x00\x00\x00\x00\x00\x00\x00\x00\x00\x00\x00\x00\
\x00\x00\x00\x00\x00\x00\x00\x00\x00\x00\x00\x00\x00\x00\x00\x00\
\x00\x00\x00\x00\x00\x00\x00\x00\x002\x06\x15\x012\x06\x15\
\x042\x06\x15\x0b)\x00\x0f\x16l?=6\xcb\x9b}\
\xd6\xcc\x99|\xff\xc4\x8fu\xff\xbe\x85o\xff\xb7{i\
\xff\xb1rc\xff\xaah]\xff\xa3^W\xff\x9cTQ\
\xff\x95IK\xff{5<y&\x00\x0e!1\x05\x14\
 6\x0c\x18%\xdb\xc4\xa1\x9b\xf1\xdb\xb2\xff\xee\xd5\xaf\
\xff\xea\xd0\xac\xff\xca\xac\x91\x9d$\x00\x09/'\x00\x0d\
/{TPP\xd2\xad\x95\xe8\xd4\xad\x95\xff\xd0\xa7\x91\
\xff\xc9\x9e\x8b\xe4}QO?#\x00\x0a\x152\x06\x15\
\x0b2\x06\x15\x042\x06\x15\x00\x00\x00\x00\x00\x00\x00\x00\
\x00\x00\x00\x00\x00\x00\x00\x00\x00\x00\x00\x00\x00\x00\x00\x00\
\x00\x00\x00\x00\x00\x00\x00\x00\x00\x00\x00\x00\x00\x00\x00\x00\
\x00\x00\x00\x00\x00\x00\x00\x00\x00\x00\x00\x00\x00\x00\x00\x00\
\x00\x00\x00\x00\x00\x00\x00\x00\x00\x00\x00\x00\x00\x00\x00\x00\
\x00\x00\x00\x00\x00\x00\x00\x00\x00\x00\x00\x00\x00\x00\x00\x00\
\x00\x00\x00\x00\x00\x00\x00\x00\x00\x00\x00\x00\x00\x00\x00\x00\
\x00\x00\x00\x00\x00\x00\x00\x00\x00\x00\x00\x00\x00\x00\x00\x00\
\x00\x00\x00\x00\x00\x00\x00\x00\x00\x00\x00\x00\x00\x00\x00\x00\
\x00\x00\x00\x00\x00\x00\x00\x00\x002\x06\x15\x012\x06\x15\
\x042\x06\x15\x0b0\x04\x14\x17<\x11\x1c(\xc4\x96y\
\xb3\xce\x9d\x7f\xff\xc7\x93x\xff\xc0\x88q\xff\xba\x7fk\
\xff\xb3ue\xff\xadk_\xff\xa6aY\xff\x9fWS\
\xff\x98MM\xff}8=}'\x00\x0f&(\x00\x0d\
&\x8bk_E\xee\xd9\xb0\xe1\xf1\xdb\xb2\xff\xee\xd6\xaf\
\xff\xea\xd0\xac\xfd\xb9\x9a\x83\x7f!\x00\x07-*\x00\x0e\
-|TPO\xd2\xad\x95\xe7\xd4\xad\x95\xff\xd0\xa7\x91\
\xff\xc9\x9e\x8b\xe4|PO@$\x00\x0a\x152\x06\x15\
\x0b2\x06\x15\x042\x06\x15\x00\x00\x00\x00\x00\x00\x00\x00\
\x00\x00\x00\x00\x00\x00\x00\x00\x00\x00\x00\x00\x00\x00\x00\x00\
\x00\x00\x00\x00\x00\x00\x00\x00\x00\x00\x00\x00\x00\x00\x00\x00\
\x00\x00\x00\x00\x00\x00\x00\x00\x00\x00\x00\x00\x00\x00\x00\x00\
\x00\x00\x00\x00\x00\x00\x00\x00\x00\x00\x00\x00\x00\x00\x00\x00\
\x00\x00\x00\x00\x00\x00\x00\x00\x00\x00\x00\x00\x00\x00\x00\x00\
\x00\x00\x00\x00\x00\x00\x00\x00\x00\x00\x00\x00\x00\x00\x00\x00\
\x00\x00\x00\x00\x00\x00\x00\x00\x00\x00\x00\x00\x00\x00\x00\x00\
\x00\x00\x00\x00\x00\x00\x00\x00\x00\x00\x00\x00\x00\x00\x00\x00\
\x00\x00\x00\x00\x002\x06\x15\x002\x06\x15\x012\x06\x15\
\x052\x06\x15\x0e1\x05\x14\x19*\x02\x10&\xbf\x92v\
\xa2\xd1\xa1\x81\xff\xc9\x96z\xff\xc3\x8ct\xff\xbc\x82m\
\xff\xb6yg\xff\xafoa\xff\xa8e[\xff\xa1[U\
\xff\x9aQO\xff|9=~%\x00\x0e+ \x00\x06\
+\xb9\x9e\x84n\xf4\xdf\xb4\xfa\xf1\xdb\xb2\xff\xee\xd6\xb0\
\xff\xe9\xcf\xab\xfa\xab\x8bxp!\x00\x07.#\x00\x09\
-yQNN\xd2\xad\x95\xe7\xd4\xad\x96\xff\xd0\xa7\x91\
\xff\xc9\x9e\x8b\xe4}QO@#\x00\x0a\x152\x06\x15\
\x0b2\x06\x15\x042\x06\x15\x00\x00\x00\x00\x00\x00\x00\x00\
\x00\x00\x00\x00\x00\x00\x00\x00\x00\x00\x00\x00\x00\x00\x00\x00\
\x00\x00\x00\x00\x00\x00\x00\x00\x00\x00\x00\x00\x00\x00\x00\x00\
\x00\x00\x00\x00\x00\x00\x00\x00\x00\x00\x00\x00\x00\x00\x00\x00\
\x00\x00\x00\x00\x00\x00\x00\x00\x00\x00\x00\x00\x00\x00\x00\x00\
\x00\x00\x00\x00\x00\x00\x00\x00\x00\x00\x00\x00\x00\x00\x00\x00\
\x00\x00\x00\x00\x00\x00\x00\x00\x00\x00\x00\x00\x00\x00\x00\x00\
\x00\x00\x00\x00\x00\x00\x00\x00\x00\x00\x00\x00\x00\x00\x00\x00\
\x00\x00\x00\x00\x00\x00\x00\x00\x00\x00\x00\x00\x00\x00\x00\x00\
\x00\x00\x00\x00\x002\x06\x15\x002\x06\x15\x032\x06\x15\
\x082\x06\x15\x11!\x00\x09\x1c\xa4|f^\xd5\xaa\x87\
\xe6\xd3\xa5\x83\xff\xcc\x9a}\xff\xc5\x90v\xff\xbe\x86p\
\xff\xb8|j\xff\xb1sc\xff\xabi]\xff\xa4_W\
\xff\x9dUQ\xff\x89CE\xa8L\x17#D \x00\x07\
1\xca\xb1\x92\x8c\xf5\xe0\xb5\xff\xf1\xdb\xb3\xff\xee\xd6\xb0\
\xff\xe9\xcf\xab\xf8\x9e}ng9\x0d\x1a6rKI\
I\x98qgf\xd3\xae\x96\xea\xd4\xad\x96\xff\xd0\xa7\x92\
\xff\xc9\x9f\x8b\xe4\x7fSP>#\x00\x09\x142\x06\x15\
\x0b2\x06\x15\x042\x06\x15\x00\x00\x00\x00\x00\x00\x00\x00\
\x00\x00\x00\x00\x00\x00\x00\x00\x00\x00\x00\x00\x00\x00\x00\x00\
\x00\x00\x00\x00\x00\x00\x00\x00\x00\x00\x00\x00\x00\x00\x00\x00\
\x00\x00\x00\x00\x00\x00\x00\x00\x00\x00\x00\x00\x00\x00\x00\x00\
\x00\x00\x00\x00\x00\x00\x00\x00\x00\x00\x00\x00\x00\x00\x00\x00\
\x00\x00\x00\x00\x00\x00\x00\x00\x00\x00\x00\x00\x00\x00\x00\x00\
\x00\x00\x00\x00\x00\x00\x00\x00\x00\x00\x00\x00\x00\x00\x00\x00\
\x00\x00\x00\x00\x00\x00\x00\x00\x00\x00\x00\x00\x00\x00\x00\x00\
\x00\x00\x00\x00\x00\x00\x00\x00\x00\x00\x00\x00\x00\x00\x00\x00\
\x00\x00\x00\x00\x002\x06\x15\x012\x06\x15\x042\x06\x15\
\x0b\x22\x00\x0a\x15\x8dfW>\xdb\xb5\x8e\xd2\xdd\xb3\x8d\
\xff\xd5\xa8\x86\xff\xce\x9e\x7f\xff\xc8\x93x\xff\xc1\x89r\
\xff\xba\x7fl\xff\xb4vf\xff\xadl`\xff\xa6bY\
\xff\xa0XS\xff\x98NM\xfd\x89@D\xbeB\x0b\x1a\
G\xcc\xb4\x95\x95\xf5\xe1\xb5\xff\xf1\xdb\xb3\xff\xee\xd6\xb0\
\xff\xe9\xcf\xab\xf8\x9axje\x83]WU\xd8\xb8\x9b\
\xdc\xd8\xb5\x9b\xec\xd8\xb3\x99\xfc\xd5\xae\x96\xff\xd1\xa8\x92\
\xff\xca\x9f\x8c\xe4\x82VT<!\x00\x08\x122\x06\x15\
\x0a2\x06\x15\x032\x06\x15\x00\x00\x00\x00\x00\x00\x00\x00\
\x00\x00\x00\x00\x00\x00\x00\x00\x00\x00\x00\x00\x00\x00\x00\x00\
\x00\x00\x00\x00\x00\x00\x00\x00\x00\x00\x00\x00\x00\x00\x00\x00\
\x00\x00\x00\x00\x00\x00\x00\x00\x00\x00\x00\x00\x00\x00\x00\x00\
\x00\x00\x00\x00\x00\x00\x00\x00\x00\x00\x00\x00\x00\x00\x00\x00\
\x00\x00\x00\x00\x00\x00\x00\x00\x00\x00\x00\x00\x00\x00\x00\x00\
\x00\x00\x00\x00\x00\x00\x00\x00\x00\x00\x00\x00\x00\x00\x00\x00\
\x00\x00\x00\x00\x00\x00\x00\x00\x00\x00\x00\x00\x00\x00\x00\x00\
\x00\x00\x00\x00\x00\x00\x00\x00\x00\x00\x00\x00\x00\x00\x00\x00\
\x002\x06\x15\x002\x06\x15\x022\x06\x15\x072\x06\x15\
\x0f\x18\x00\x02\x19\xc9\xa6\x83\x80\xe5\xc1\x96\xff\xdf\xb7\x8f\
\xff\xd8\xac\x88\xff\xd1\xa1\x82\xff\xca\x97{\xff\xc3\x8dt\
\xff\xbd\x83n\xff\xb6yh\xff\xb0pb\xff\xa9f\x5c\
\xff\xa2\x5cV\xff\x9cRP\xff\x94HJ\xfdx08\
\x96\xca\xb1\x92\x95\xf5\xe1\xb5\xff\xf1\xdc\xb3\xff\xef\xd7\xb0\
\xff\xe9\xcf\xac\xf8\x9czlemEEG\xc7\xa5\x8e\
\x9e\xc7\xa3\x8d\xa5\xc2\x9c\x88\xa4\xbe\x96\x84\xa5\xbc\x93\x82\
\xa4\xb7\x8c}\x90mAC-(\x00\x0d\x112\x06\x15\
\x082\x06\x15\x022\x06\x15\x00\x00\x00\x00\x00\x00\x00\x00\
\x00\x00\x00\x00\x00\x00\x00\x00\x00\x00\x00\x00\x00\x00\x00\x00\
\x00\x00\x00\x00\x00\x00\x00\x00\x00\x00\x00\x00\x00\x00\x00\x00\
\x00\x00\x00\x00\x00\x00\x00\x00\x00\x00\x00\x00\x00\x00\x00\x00\
\x00\x00\x00\x00\x00\x00\x00\x00\x00\x00\x00\x00\x00\x00\x00\x00\
\x00\x00\x00\x00\x00\x00\x00\x00\x00\x00\x00\x00\x00\x00\x00\x00\
\x00\x00\x00\x00\x00\x00\x00\x00\x00\x00\x00\x00\x00\x00\x00\x00\
\x00\x00\x00\x00\x00\x00\x00\x00\x00\x00\x00\x00\x00\x00\x00\x00\
\x00\x00\x00\x00\x00\x00\x00\x00\x00\x00\x00\x00\x00\x00\x00\x00\
\x002\x06\x15\x012\x06\x15\x032\x06\x15\x09/\x03\x13\
\x14G\x1c$%\xde\xbd\x93\xb6\xe8\xc5\x99\xff\xde\xb8\x90\
\xf4\xd9\xaf\x8a\xfb\xd3\xa6\x84\xff\xcc\x9b}\xff\xc6\x91w\
\xff\xbf\x87p\xff\xb9}j\xff\xb2sd\xff\xabj^\
\xff\xa4_W\xf8\x97QN\xd9\x95JK\xf6\x8b=C\
\xe6\xb8\x8dz\xb2\xf6\xe3\xb7\xfd\xf2\xdc\xb3\xff\xef\xd7\xb0\
\xff\xea\xd0\xac\xf9\xa9\x88vl\x1f\x00\x06+&\x00\x0c\
(&\x00\x0b('\x00\x0c+ \x00\x07,\x1c\x00\x04\
)&\x00\x0b$0\x05\x13\x1a2\x06\x15\x0f2\x06\x15\
\x062\x06\x15\x022\x06\x15\x00\x00\x00\x00\x00\x00\x00\x00\
\x00\x00\x00\x00\x00\x00\x00\x00\x00\x00\x00\x00\x00\x00\x00\x00\
\x00\x00\x00\x00\x00\x00\x00\x00\x00\x00\x00\x00\x00\x00\x00\x00\
\x00\x00\x00\x00\x00\x00\x00\x00\x00\x00\x00\x00\x00\x00\x00\x00\
\x00\x00\x00\x00\x00\x00\x00\x00\x00\x00\x00\x00\x00\x00\x00\x00\
\x00\x00\x00\x00\x00\x00\x00\x00\x00\x00\x00\x00\x00\x00\x00\x00\
\x00\x00\x00\x00\x00\x00\x00\x00\x00\x00\x00\x00\x00\x00\x00\x00\
\x00\x00\x00\x00\x00\x00\x00\x00\x00\x00\x00\x00\x00\x00\x00\x00\
\x00\x00\x00\x00\x00\x00\x00\x00\x00\x00\x00\x00\x002\x06\x15\
\x002\x06\x15\x012\x06\x15\x052\x06\x15\x0d#\x00\x0a\
\x18\x8bgW>\xea\xcc\x9d\xe1\xe6\xc4\x98\xee\xaa\x83k\
\x81\xd1\xa8\x85\xd8\xd7\xaa\x87\xff\xcf\x9f\x80\xff\xc8\x94y\
\xff\xc2\x8as\xff\xbb\x81l\xff\xb5wf\xff\xaem`\
\xff\x9e]U\xccT (R\x8bDF\xb8\x92DH\
\xff\x97NP\xf4\xcb\x9e\x88\xfd\xef\xd7\xaf\xff\xef\xd8\xb1\
\xff\xea\xd1\xac\xfc\xb7\x97\x82v\x1f\x00\x05'2\x06\x15\
%2\x06\x15%;\x0f\x1c+\xa4|pl\x93ia\
WF\x1a$(0\x04\x14\x182\x06\x15\x0c2\x06\x15\
\x052\x06\x15\x012\x06\x15\x00\x00\x00\x00\x00\x00\x00\x00\
\x00\x00\x00\x00\x00\x00\x00\x00\x00\x00\x00\x00\x00\x00\x00\x00\
\x00\x00\x00\x00\x00\x00\x00\x00\x00\x00\x00\x00\x00\x00\x00\x00\
\x00\x00\x00\x00\x00\x00\x00\x00\x00\x00\x00\x00\x00\x00\x00\x00\
\x00\x00\x00\x00\x00\x00\x00\x00\x00\x00\x00\x00\x00\x00\x00\x00\
\x00\x00\x00\x00\x00\x00\x00\x00\x00\x00\x00\x00\x00\x00\x00\x00\
\x00\x00\x00\x00\x00\x00\x00\x00\x00\x00\x00\x00\x00\x00\x00\x00\
\x00\x00\x00\x00\x00\x00\x00\x00\x00\x00\x00\x00\x00\x00\x00\x00\
\x00\x00\x00\x00\x00\x00\x00\x00\x00\x00\x00\x00\x002\x06\x15\
\x012\x06\x15\x032\x06\x15\x083\x06\x15\x12\x0e\x00\x00\
\x1b\xbf\xa2~h\xf2\xd5\xa3\xfb\xd6\xb5\x8e\xb7D\x1a\x22\
D\xcc\xa3\x82\xc2\xd9\xae\x8a\xff\xd1\xa3\x82\xff\xcb\x98{\
\xff\xc4\x8eu\xff\xbd\x84n\xff\xb7{h\xff\xb1qc\
\xff\x9b\x5cT\xb5+\x01\x11:s49u\x94HJ\
\xf8\x8d=C\xff\x94HM\xff\xe3\xc4\xa3\xff\xf0\xd9\xb2\
\xff\xeb\xd2\xad\xff\xc6\xa9\x8e\x8d\x1f\x00\x06'2\x06\x15\
$1\x05\x14$A\x15!,\xc8\xa1\x8c\xbd\xcf\xa7\x91\
\xec\xa4znZ\x18\x00\x01\x132\x06\x15\x0b2\x06\x15\
\x042\x06\x15\x01\x00\x00\x00\x00\x00\x00\x00\x00\x00\x00\x00\
\x00\x00\x00\x00\x00\x00\x00\x00\x00\x00\x00\x00\x00\x00\x00\x00\
\x00\x00\x00\x00\x00\x00\x00\x00\x00\x00\x00\x00\x00\x00\x00\x00\
\x00\x00\x00\x00\x00\x00\x00\x00\x00\x00\x00\x00\x00\x00\x00\x00\
\x00\x00\x00\x00\x00\x00\x00\x00\x00\x00\x00\x00\x00\x00\x00\x00\
\x00\x00\x00\x00\x00\x00\x00\x00\x00\x00\x00\x00\x00\x00\x00\x00\
\x00\x00\x00\x00\x00\x00\x00\x00\x00\x00\x00\x00\x00\x00\x00\x00\
\x00\x00\x00\x00\x00\x00\x00\x00\x00\x00\x00\x00\x00\x00\x00\x00\
\x00\x00\x00\x00\x00\x00\x00\x00\x00\x00\x00\x00\x002\x06\x15\
\x012\x06\x15\x042\x06\x15\x0b&\x00\x0c\x16\x89fW\
8\xec\xd2\xa1\xc0\xf3\xd8\xa5\xf9\xaa\x88nt#\x00\x0a\
9\xc5\x9d~\xad\xdc\xb2\x8c\xff\xd4\xa6\x85\xff\xcd\x9c~\
\xff\xc6\x92w\xff\xc0\x88q\xff\xb9~k\xff\xb3ue\
\xff\xa1bX\xbf6\x09\x17;[$,R\x94IJ\
\xe4\x90AF\xff\x98OQ\xfd\xe5\xc8\xa5\xfb\xf0\xd9\xb2\
\xff\xec\xd3\xae\xff\xd9\xbc\x9d\xbbB\x1c\x221(\x00\x0d\
'$\x00\x0a&iCA=\xcf\xa8\x91\xd9\xcf\xa7\x91\
\xe8\x94ibC\x1c\x00\x04\x112\x06\x15\x092\x06\x15\
\x032\x06\x15\x00\x00\x00\x00\x00\x00\x00\x00\x00\x00\x00\x00\
\x00\x00\x00\x00\x00\x00\x00\x00\x00\x00\x00\x00\x00\x00\x00\x00\
\x00\x00\x00\x00\x00\x00\x00\x00\x00\x00\x00\x00\x00\x00\x00\x00\
\x00\x00\x00\x00\x00\x00\x00\x00\x00\x00\x00\x00\x00\x00\x00\x00\
\x00\x00\x00\x00\x00\x00\x00\x00\x00\x00\x00\x00\x00\x00\x00\x00\
\x00\x00\x00\x00\x00\x00\x00\x00\x00\x00\x00\x00\x00\x00\x00\x00\
\x00\x00\x00\x00\x00\x00\x00\x00\x00\x00\x00\x00\x00\x00\x00\x00\
\x00\x00\x00\x00\x00\x00\x00\x00\x00\x00\x00\x00\x00\x00\x00\x00\
\x00\x00\x00\x00\x00\x00\x00\x00\x002\x06\x15\x002\x06\x15\
\x012\x06\x15\x061\x05\x14\x0e#\x00\x09\x1a\xe3\xca\x9b\
\x8e\xfc\xe5\xae\xff\xf5\xdb\xa7\xfa\xbd\x9d}\x85\x1c\x00\x05\
6\xbc\x95x\x96\xde\xb5\x8e\xff\xd7\xaa\x87\xff\xd0\xa0\x80\
\xff\xc9\x95z\xff\xc2\x8bs\xff\xbc\x82m\xff\xb5xg\
\xff\xa9j^\xd9S!)G8\x0a\x19:v5:\
t\x90CG\xe9\x8d>E\xfc\xbd\x8f}\xd7\xee\xd8\xb0\
\xf5\xed\xd3\xae\xff\xe6\xcb\xa9\xf3\xbf\x9e\x88\x85pHG\
AvNLD\xc0\x9a\x86\x98\xd5\xaf\x96\xfa\xc1\x99\x86\
\x96:\x0f\x1c\x1d0\x04\x13\x102\x06\x15\x072\x06\x15\
\x022\x06\x15\x00\x00\x00\x00\x00\x00\x00\x00\x00\x00\x00\x00\
\x00\x00\x00\x00\x00\x00\x00\x00\x00\x00\x00\x00\x00\x00\x00\x00\
\x00\x00\x00\x00\x00\x00\x00\x00\x00\x00\x00\x00\x00\x00\x00\x00\
\x00\x00\x00\x00\x00\x00\x00\x00\x00\x00\x00\x00\x00\x00\x00\x00\
\x00\x00\x00\x00\x00\x00\x00\x00\x00\x00\x00\x00\x00\x00\x00\x00\
\x00\x00\x00\x00\x00\x00\x00\x00\x00\x00\x00\x00\x00\x00\x00\x00\
\x00\x00\x00\x00\x00\x00\x00\x00\x00\x00\x00\x00\x00\x00\x00\x00\
\x00\x00\x00\x00\x00\x00\x00\x00\x00\x00\x00\x00\x00\x00\x00\x00\
\x00\x00\x00\x00\x00\x00\x00\x00\x002\x06\x15\x002\x06\x15\
\x022\x06\x15\x071\x04\x14\x102\x06\x15\x1e\xeb\xd3\xa2\
\xa6\xfe\xe8\xb0\xff\xf9\xe0\xaa\xff\xcb\xac\x87\x91\x15\x00\x00\
2\xb1\x8ap\x80\xe0\xb8\x90\xfd\xd9\xae\x8a\xff\xd2\xa4\x83\
\xff\xcb\x99|\xff\xc5\x8fu\xff\xbe\x85o\xff\xb8{i\
\xff\xb0qb\xf3yA@e(\x00\x0f29\x0b\x19\
:\x8cBE\xc3\x8f@E\xff\x858@\xc9\xb7\x96\x80\
\x8e\xe3\xc9\xa6\xda\xe8\xcc\xaa\xfb\xe4\xc7\xa6\xf9\xdb\xbb\x9e\
\xe0\xd8\xb6\x9b\xe1\xd7\xb3\x99\xee\xc7\xa1\x8b\xa4oFE\
.'\x00\x0c\x142\x06\x15\x0c2\x06\x15\x052\x06\x15\
\x012\x06\x15\x00\x00\x00\x00\x00\x00\x00\x00\x00\x00\x00\x00\
\x00\x00\x00\x00\x00\x00\x00\x00\x00\x00\x00\x00\x00\x00\x00\x00\
\x00\x00\x00\x00\x00\x00\x00\x00\x00\x00\x00\x00\x00\x00\x00\x00\
\x00\x00\x00\x00\x00\x00\x00\x00\x00\x00\x00\x00\x00\x00\x00\x00\
\x00\x00\x00\x00\x00\x00\x00\x00\x00\x00\x00\x00\x00\x00\x00\x00\
\x00\x00\x00\x00\x00\x00\x00\x00\x00\x00\x00\x00\x00\x00\x00\x00\
\x00\x00\x00\x00\x00\x00\x00\x00\x00\x00\x00\x00\x00\x00\x00\x00\
\x00\x00\x00\x00\x00\x00\x00\x00\x00\x00\x00\x00\x00\x00\x00\x00\
\x00\x00\x00\x00\x00\x00\x00\x00\x002\x06\x15\x002\x06\x15\
\x022\x06\x15\x080\x04\x14\x129\x0e\x1b!\xec\xd5\xa3\
\xae\xff\xe9\xb1\xff\xf8\xe0\xaa\xf3\xa4\x82jd\x16\x00\x01\
0\xa5~hn\xe1\xbb\x92\xf8\xdc\xb2\x8c\xff\xd5\xa8\x85\
\xff\xce\x9d\x7f\xff\xc7\x93x\xff\xc1\x89q\xff\xba\x7fk\
\xff\xb3ve\xff\x97ZR\x97+\x00\x1159\x0b\x19\
;\x8cDF\xbd\x92DH\xff\x888A\xe9R\x18#\
VmHFK\xac\x8cyu\xc2\xa2\x8a\x93\xc6\xa5\x8e\
\x9e\xbd\x99\x85\x8a\xa0ymZO(,'(\x00\x0d\
\x163\x06\x15\x0e2\x06\x15\x072\x06\x15\x032\x06\x15\
\x012\x06\x15\x00\x00\x00\x00\x00\x00\x00\x00\x00\x00\x00\x00\
\x00\x00\x00\x00\x00\x00\x00\x00\x00\x00\x00\x00\x00\x00\x00\x00\
\x00\x00\x00\x00\x00\x00\x00\x00\x00\x00\x00\x00\x00\x00\x00\x00\
\x00\x00\x00\x00\x00\x00\x00\x00\x00\x00\x00\x00\x00\x00\x00\x00\
\x00\x00\x00\x00\x00\x00\x00\x00\x00\x00\x00\x00\x00\x00\x00\x00\
\x00\x00\x00\x00\x00\x00\x00\x00\x00\x00\x00\x00\x00\x00\x00\x00\
\x00\x00\x00\x00\x00\x00\x00\x00\x00\x00\x00\x00\x00\x00\x00\x00\
\x00\x00\x00\x00\x00\x00\x00\x00\x00\x00\x00\x00\x00\x00\x00\x00\
\x00\x00\x00\x00\x00\x00\x00\x00\x002\x06\x15\x002\x06\x15\
\x022\x06\x15\x080\x04\x13\x12@\x16 #\xef\xd8\xa4\
\xb5\xff\xeb\xb1\xff\xf2\xda\xa6\xd6g@=D!\x00\x09\
1\x96o]`\xe2\xbd\x94\xf4\xde\xb6\x8f\xff\xd7\xab\x88\
\xff\xd1\xa1\x81\xff\xca\x97z\xff\xc3\x8ct\xff\xbc\x83n\
\xff\xb6yh\xff\xa8i]\xcfI\x19#DM\x1a$\
H\x94LK\xd8\x94GJ\xff\x8a<C\xe7Q\x17#\
S\x1d\x00\x053\x15\x00\x000\x17\x00\x00/\x1c\x00\x03\
-\x1f\x00\x06)#\x00\x09#/\x03\x12\x1b2\x06\x15\
\x122\x06\x15\x0a2\x06\x15\x042\x06\x15\x012\x06\x15\
\x00\x00\x00\x00\x00\x00\x00\x00\x00\x00\x00\x00\x00\x00\x00\x00\
\x00\x00\x00\x00\x00\x00\x00\x00\x00\x00\x00\x00\x00\x00\x00\x00\
\x00\x00\x00\x00\x00\x00\x00\x00\x00\x00\x00\x00\x00\x00\x00\x00\
\x00\x00\x00\x00\x00\x00\x00\x00\x00\x00\x00\x00\x00\x00\x00\x00\
\x00\x00\x00\x00\x00\x00\x00\x00\x00\x00\x00\x00\x00\x00\x00\x00\
\x00\x00\x00\x00\x00\x00\x00\x00\x00\x00\x00\x00\x00\x00\x00\x00\
\x00\x00\x00\x00\x00\x00\x00\x00\x00\x00\x00\x00\x00\x00\x00\x00\
\x00\x00\x00\x00\x00\x00\x00\x00\x00\x00\x00\x00\x00\x00\x00\x00\
\x00\x00\x00\x00\x00\x00\x00\x00\x002\x06\x15\x002\x06\x15\
\x022\x06\x15\x08/\x03\x13\x12H\x1e&$\xf1\xdb\xa6\
\xbd\xff\xeb\xb2\xff\xec\xd4\xa2\xc1H\x22&<$\x00\x0b\
3\x8bdVY\xe3\xc0\x95\xee\xe1\xba\x91\xff\xda\xaf\x8a\
\xff\xd3\xa5\x84\xff\xcc\x9a}\xff\xc5\x90v\xff\xbf\x86p\
\xff\xb8}j\xff\xb0rc\xf4w@?i{=?\
y\x9cTQ\xf8\x96KK\xff\x8b?D\xd1uJI\
W\x99wja\xa7\x87um\xa4\x82rj\x8ei`\
VX047%\x00\x0b#/\x04\x13\x1b2\x06\x15\
\x112\x06\x15\x092\x06\x15\x032\x06\x15\x012\x06\x15\
\x00\x00\x00\x00\x00\x00\x00\x00\x00\x00\x00\x00\x00\x00\x00\x00\
\x00\x00\x00\x00\x00\x00\x00\x00\x00\x00\x00\x00\x00\x00\x00\x00\
\x00\x00\x00\x00\x00\x00\x00\x00\x00\x00\x00\x00\x00\x00\x00\x00\
\x00\x00\x00\x00\x00\x00\x00\x00\x00\x00\x00\x00\x00\x00\x00\x00\
\x00\x00\x00\x00\x00\x00\x00\x00\x00\x00\x00\x00\x00\x00\x00\x00\
\x00\x00\x00\x00\x00\x00\x00\x00\x00\x00\x00\x00\x00\x00\x00\x00\
\x00\x00\x00\x00\x00\x00\x00\x00\x00\x00\x00\x00\x00\x00\x00\x00\
\x00\x00\x00\x00\x00\x00\x00\x00\x00\x00\x00\x00\x00\x00\x00\x00\
\x00\x00\x00\x00\x00\x00\x00\x00\x002\x06\x15\x002\x06\x15\
\x022\x06\x15\x07/\x02\x13\x11M$)\x22\xf2\xdc\xa8\
\xbe\xff\xeb\xb2\xff\xfc\xe6\xaf\xf5\xcc\xb1\x8a\x8b-\x04\x11\
7\x86`RY\xe5\xc3\x97\xed\xe3\xbe\x94\xff\xdc\xb3\x8d\
\xff\xd5\xa9\x86\xff\xcf\x9e\x7f\xff\xc8\x94y\xff\xc1\x8ar\
\xff\xbb\x80l\xff\xb4vf\xff\x9faW\xb8\x9e[T\
\xd2\xa0YT\xff\x98NM\xff\xb9\x85u\xea\xe9\xd1\xab\
\xde\xe7\xce\xaa\xe4\xe4\xc8\xa7\xe2\xe1\xc4\xa4\xeb\xde\xc0\xa1\
\xef\xd3\xb2\x97\xc8\xb1\x8c{nA\x1a!#-\x02\x11\
\x152\x06\x15\x0b2\x06\x15\x052\x06\x15\x012\x06\x15\
\x00\x00\x00\x00\x00\x00\x00\x00\x00\x00\x00\x00\x00\x00\x00\x00\
\x00\x00\x00\x00\x00\x00\x00\x00\x00\x00\x00\x00\x00\x00\x00\x00\
\x00\x00\x00\x00\x00\x00\x00\x00\x00\x00\x00\x00\x00\x00\x00\x00\
\x00\x00\x00\x00\x00\x00\x00\x00\x00\x00\x00\x00\x00\x00\x00\x00\
\x00\x00\x00\x00\x00\x00\x00\x00\x00\x00\x00\x00\x00\x00\x00\x00\
\x00\x00\x00\x00\x00\x00\x00\x00\x00\x00\x00\x00\x00\x00\x00\x00\
\x00\x00\x00\x00\x00\x00\x00\x00\x00\x00\x00\x00\x00\x00\x00\x00\
\x00\x00\x00\x00\x00\x00\x00\x00\x00\x00\x00\x00\x00\x00\x00\x00\
\x00\x00\x00\x00\x00\x00\x00\x00\x002\x06\x15\x002\x06\x15\
\x012\x06\x15\x061\x05\x14\x0e%\x00\x0b\x1a\xdf\xc6\x99\
\x85\xfe\xea\xb1\xfc\xff\xea\xb1\xff\xfa\xe3\xac\xf1\xbe\xa0~\
\x81\x97r_g\xe9\xc8\x9a\xf3\xe6\xc2\x96\xff\xdf\xb7\x8f\
\xff\xd8\xac\x88\xff\xd1\xa2\x82\xff\xca\x98{\xff\xc3\x8dt\
\xff\xbd\x83n\xff\xb7zh\xff\xb0pb\xfd\xa9f\x5c\
\xfe\xa2[U\xff\xa4`Z\xff\xdf\xbf\x9e\xf6\xd6\xbd\x9c\
\x9f\x9d|mY\x8af]M\x9cyk]\xd0\xaf\x95\
\xb7\xde\xbd\xa0\xff\xd9\xb5\x9b\xf3\xba\x94\x82|1\x06\x14\
\x1c1\x04\x14\x102\x06\x15\x072\x06\x15\x022\x06\x15\
\x00\x00\x00\x00\x00\x00\x00\x00\x00\x00\x00\x00\x00\x00\x00\x00\
\x00\x00\x00\x00\x00\x00\x00\x00\x00\x00\x00\x00\x00\x00\x00\x00\
\x00\x00\x00\x00\x00\x00\x00\x00\x00\x00\x00\x00\x00\x00\x00\x00\
\x00\x00\x00\x00\x00\x00\x00\x00\x00\x00\x00\x00\x00\x00\x00\x00\
\x00\x00\x00\x00\x00\x00\x00\x00\x00\x00\x00\x00\x00\x00\x00\x00\
\x00\x00\x00\x00\x00\x00\x00\x00\x00\x00\x00\x00\x00\x00\x00\x00\
\x00\x00\x00\x00\x00\x00\x00\x00\x00\x00\x00\x00\x00\x00\x00\x00\
\x00\x00\x00\x00\x00\x00\x00\x00\x00\x00\x00\x00\x00\x00\x00\x00\
\x00\x00\x00\x00\x00\x00\x00\x00\x00\x00\x00\x00\x002\x06\x15\
\x012\x06\x15\x042\x06\x15\x0b%\x00\x0b\x14{ZM\
1\xf1\xdb\xa7\xbd\xff\xea\xb1\xff\xfe\xe8\xb0\xff\xf5\xdc\xa8\
\xec\xe5\xc8\x9a\xce\xee\xcf\x9f\xfd\xe8\xc5\x99\xff\xe1\xbb\x92\
\xff\xda\xb0\x8b\xff\xd4\xa6\x84\xff\xcd\x9b}\xff\xc6\x91w\
\xff\xbf\x87p\xff\xb9}j\xff\xb2td\xff\xacj^\
\xff\xa4^W\xff\xc4\x92}\xff\xdf\xc7\xa3\xb7C\x1f#\
4\x22\x00\x08)(\x00\x0d*\x18\x00\x00*\x90ma\
\x5c\xdb\xba\x9e\xf1\xdb\xb8\x9d\xff\xd3\xae\x96\xe1\x8de^\
A \x00\x06\x132\x06\x15\x0a2\x06\x15\x042\x06\x15\
\x01\x00\x00\x00\x00\x00\x00\x00\x00\x00\x00\x00\x00\x00\x00\x00\
\x00\x00\x00\x00\x00\x00\x00\x00\x00\x00\x00\x00\x00\x00\x00\x00\
\x00\x00\x00\x00\x00\x00\x00\x00\x00\x00\x00\x00\x00\x00\x00\x00\
\x00\x00\x00\x00\x00\x00\x00\x00\x00\x00\x00\x00\x00\x00\x00\x00\
\x00\x00\x00\x00\x00\x00\x00\x00\x00\x00\x00\x00\x00\x00\x00\x00\
\x00\x00\x00\x00\x00\x00\x00\x00\x00\x00\x00\x00\x00\x00\x00\x00\
\x00\x00\x00\x00\x00\x00\x00\x00\x00\x00\x00\x00\x00\x00\x00\x00\
\x00\x00\x00\x00\x00\x00\x00\x00\x00\x00\x00\x00\x00\x00\x00\x00\
\x00\x00\x00\x00\x00\x00\x00\x00\x00\x00\x00\x00\x002\x06\x15\
\x002\x06\x15\x022\x06\x15\x073\x06\x15\x0f\x1c\x00\x04\
\x18\xa6\x89mH\xf7\xe1\xab\xd5\xff\xea\xb1\xff\xfc\xe4\xad\
\xff\xf7\xdc\xa8\xff\xf0\xd3\xa1\xff\xea\xc9\x9b\xff\xe4\xbf\x94\
\xff\xdd\xb4\x8e\xff\xd6\xaa\x87\xff\xcf\x9f\x80\xff\xc8\x95y\
\xff\xc2\x8bs\xff\xbb\x81l\xff\xb5wf\xff\xaem`\
\xff\xb2uf\xff\xe8\xcc\xa6\xff\xd1\xba\x98\x91!\x00\x07\
,2\x06\x15+/\x03\x12*\x1d\x00\x04,\xa6\x83s\
p\xdd\xbc\x9f\xf6\xdb\xb8\x9c\xff\xd6\xb1\x98\xfc\xb2\x8a{\
n\x10\x00\x00\x152\x06\x15\x0c2\x06\x15\x042\x06\x15\
\x01\x00\x00\x00\x00\x00\x00\x00\x00\x00\x00\x00\x00\x00\x00\x00\
\x00\x00\x00\x00\x00\x00\x00\x00\x00\x00\x00\x00\x00\x00\x00\x00\
\x00\x00\x00\x00\x00\x00\x00\x00\x00\x00\x00\x00\x00\x00\x00\x00\
\x00\x00\x00\x00\x00\x00\x00\x00\x00\x00\x00\x00\x00\x00\x00\x00\
\x00\x00\x00\x00\x00\x00\x00\x00\x00\x00\x00\x00\x00\x00\x00\x00\
\x00\x00\x00\x00\x00\x00\x00\x00\x00\x00\x00\x00\x00\x00\x00\x00\
\x00\x00\x00\x00\x00\x00\x00\x00\x00\x00\x00\x00\x00\x00\x00\x00\
\x00\x00\x00\x00\x00\x00\x00\x00\x00\x00\x00\x00\x00\x00\x00\x00\
\x00\x00\x00\x00\x00\x00\x00\x00\x00\x00\x00\x00\x002\x06\x15\
\x002\x06\x15\x012\x06\x15\x042\x06\x15\x092\x06\x15\
\x12\x1d\x00\x05\x1b\xba\x9d|X\xf9\xe3\xac\xdf\xfd\xe7\xaf\
\xff\xf8\xdf\xaa\xff\xf3\xd6\xa4\xff\xed\xcc\x9e\xff\xe6\xc2\x97\
\xff\xdf\xb8\x90\xff\xd9\xad\x89\xff\xd2\xa3\x82\xff\xcb\x99|\
\xff\xc4\x8eu\xff\xbe\x84o\xff\xb7{h\xff\xafoa\
\xfa\xc4\x96~\xd8\xf3\xe0\xb4\xf0\xd4\xbc\x9a\x99\x22\x00\x08\
.#\x00\x09,Q*/7\xaf\x8e{r\xdb\xbc\x9e\
\xdc\xdf\xbe\xa1\xff\xdb\xb8\x9d\xff\xd7\xb2\x99\xff\xb7\x90\x7f\
y\x0e\x00\x00\x152\x06\x15\x0d2\x06\x15\x052\x06\x15\
\x01\x00\x00\x00\x00\x00\x00\x00\x00\x00\x00\x00\x00\x00\x00\x00\
\x00\x00\x00\x00\x00\x00\x00\x00\x00\x00\x00\x00\x00\x00\x00\x00\
\x00\x00\x00\x00\x00\x00\x00\x00\x00\x00\x00\x00\x00\x00\x00\x00\
\x00\x00\x00\x00\x00\x00\x00\x00\x00\x00\x00\x00\x00\x00\x00\x00\
\x00\x00\x00\x00\x00\x00\x00\x00\x00\x00\x00\x00\x00\x00\x00\x00\
\x00\x00\x00\x00\x00\x00\x00\x00\x00\x00\x00\x00\x00\x00\x00\x00\
\x00\x00\x00\x00\x00\x00\x00\x00\x00\x00\x00\x00\x00\x00\x00\x00\
\x00\x00\x00\x00\x00\x00\x00\x00\x00\x00\x00\x00\x00\x00\x00\x00\
\x00\x00\x00\x00\x00\x00\x00\x00\x00\x00\x00\x00\x00\x00\x00\x00\
\x002\x06\x15\x002\x06\x15\x022\x06\x15\x052\x06\x15\
\x0b1\x05\x14\x13!\x00\x08\x1c\xc1\xa6\x82_\xf8\xe2\xac\
\xe1\xfa\xe2\xac\xff\xf5\xd9\xa6\xff\xef\xd0\xa0\xff\xe8\xc6\x99\
\xff\xe2\xbc\x92\xff\xdb\xb1\x8c\xff\xd4\xa7\x85\xff\xcd\x9c~\
\xff\xc7\x92w\xff\xc0\x88q\xff\xba~k\xff\xa9l_\
\xc6nA@P\x99zj]\x92sdYnIF\
G\xbe\xa1\x88\x80\xdc\xc1\xa1\xc4\xe5\xc8\xa7\xf5\xe3\xc5\xa5\
\xff\xdf\xbe\xa1\xff\xdb\xb8\x9d\xff\xd7\xb1\x98\xf8\xac\x84v\
c\x13\x00\x00\x142\x06\x15\x0c2\x06\x15\x042\x06\x15\
\x01\x00\x00\x00\x00\x00\x00\x00\x00\x00\x00\x00\x00\x00\x00\x00\
\x00\x00\x00\x00\x00\x00\x00\x00\x00\x00\x00\x00\x00\x00\x00\x00\
\x00\x00\x00\x00\x00\x00\x00\x00\x00\x00\x00\x00\x00\x00\x00\x00\
\x00\x00\x00\x00\x00\x00\x00\x00\x00\x00\x00\x00\x00\x00\x00\x00\
\x00\x00\x00\x00\x00\x00\x00\x00\x00\x00\x00\x00\x00\x00\x00\x00\
\x00\x00\x00\x00\x00\x00\x00\x00\x00\x00\x00\x00\x00\x00\x00\x00\
\x00\x00\x00\x00\x00\x00\x00\x00\x00\x00\x00\x00\x00\x00\x00\x00\
\x00\x00\x00\x00\x00\x00\x00\x00\x00\x00\x00\x00\x00\x00\x00\x00\
\x00\x00\x00\x00\x00\x00\x00\x00\x00\x00\x00\x00\x00\x00\x00\x00\
\x002\x06\x15\x002\x06\x15\x012\x06\x15\x022\x06\x15\
\x052\x06\x15\x0b0\x04\x14\x14#\x00\x09\x1d\xbf\xa3\x80\
]\xf5\xdd\xa8\xdc\xf7\xdd\xa9\xff\xf1\xd4\xa2\xff\xeb\xca\x9c\
\xff\xe4\xc0\x95\xff\xde\xb5\x8e\xff\xd7\xab\x87\xff\xd0\xa0\x81\
\xff\xc9\x96z\xff\xc3\x8ct\xff\xb7~j\xe2{FC\
_&\x00\x0d2)\x06\x0e5\xac\x90zn\xe5\xce\xa9\
\xd2\xed\xd5\xaf\xfc\xeb\xd1\xad\xff\xe7\xcb\xa9\xff\xe3\xc5\xa5\
\xff\xdf\xbf\xa1\xff\xdc\xb9\x9d\xff\xd0\xab\x93\xcarHH\
2'\x00\x0c\x132\x06\x15\x0a2\x06\x15\x032\x06\x15\
\x00\x00\x00\x00\x00\x00\x00\x00\x00\x00\x00\x00\x00\x00\x00\x00\
\x00\x00\x00\x00\x00\x00\x00\x00\x00\x00\x00\x00\x00\x00\x00\x00\
\x00\x00\x00\x00\x00\x00\x00\x00\x00\x00\x00\x00\x00\x00\x00\x00\
\x00\x00\x00\x00\x00\x00\x00\x00\x00\x00\x00\x00\x00\x00\x00\x00\
\x00\x00\x00\x00\x00\x00\x00\x00\x00\x00\x00\x00\x00\x00\x00\x00\
\x00\x00\x00\x00\x00\x00\x00\x00\x00\x00\x00\x00\x00\x00\x00\x00\
\x00\x00\x00\x00\x00\x00\x00\x00\x00\x00\x00\x00\x00\x00\x00\x00\
\x00\x00\x00\x00\x00\x00\x00\x00\x00\x00\x00\x00\x00\x00\x00\x00\
\x00\x00\x00\x00\x00\x00\x00\x00\x00\x00\x00\x00\x00\x00\x00\x00\
\x00\x00\x00\x00\x002\x06\x15\x002\x06\x15\x012\x06\x15\
\x022\x06\x15\x062\x06\x15\x0c0\x05\x14\x14 \x00\x07\
\x1c\xae\x90sR\xec\xd2\xa1\xc8\xf2\xd6\xa4\xfb\xee\xce\x9f\
\xff\xe7\xc3\x98\xff\xe0\xb9\x91\xff\xd9\xae\x8a\xff\xd2\xa4\x83\
\xff\xcc\x9a|\xff\xbd\x88q\xd9\x88TLh.\x03\x12\
3)\x00\x0e2\xb6\x9b\x82s\xf0\xdb\xb1\xed\xf2\xdc\xb3\
\xff\xee\xd6\xaf\xff\xea\xd1\xac\xff\xe7\xcb\xa9\xff\xe3\xc5\xa5\
\xff\xe0\xbf\xa2\xff\xd6\xb3\x99\xdf\xa1{n[$\x00\x0a\
\x1b2\x06\x15\x102\x06\x15\x072\x06\x15\x022\x06\x15\
\x00\x00\x00\x00\x00\x00\x00\x00\x00\x00\x00\x00\x00\x00\x00\x00\
\x00\x00\x00\x00\x00\x00\x00\x00\x00\x00\x00\x00\x00\x00\x00\x00\
\x00\x00\x00\x00\x00\x00\x00\x00\x00\x00\x00\x00\x00\x00\x00\x00\
\x00\x00\x00\x00\x00\x00\x00\x00\x00\x00\x00\x00\x00\x00\x00\x00\
\x00\x00\x00\x00\x00\x00\x00\x00\x00\x00\x00\x00\x00\x00\x00\x00\
\x00\x00\x00\x00\x00\x00\x00\x00\x00\x00\x00\x00\x00\x00\x00\x00\
\x00\x00\x00\x00\x00\x00\x00\x00\x00\x00\x00\x00\x00\x00\x00\x00\
\x00\x00\x00\x00\x00\x00\x00\x00\x00\x00\x00\x00\x00\x00\x00\x00\
\x00\x00\x00\x00\x00\x00\x00\x00\x00\x00\x00\x00\x00\x00\x00\x00\
\x00\x00\x00\x00\x00\x00\x00\x00\x002\x06\x15\x002\x06\x15\
\x012\x06\x15\x022\x06\x15\x062\x06\x15\x0c1\x05\x15\
\x15\x22\x00\x09\x1ftPF<\xbf\x9f~}\xdc\xbc\x92\
\xc0\xe7\xc5\x98\xf6\xe3\xbd\x93\xff\xdc\xb2\x8c\xff\xd5\xa8\x86\
\xff\xc9\x99{\xe5\x85VLe#\x00\x0b2,\x00\x10\
3oKGE\xec\xd8\xae\xd3\xf5\xe1\xb6\xff\xf2\xdb\xb3\
\xff\xee\xd6\xb0\xff\xeb\xd1\xad\xff\xe7\xcc\xa9\xff\xe2\xc3\xa4\
\xf7\xd0\xaf\x95\xbd\x91kbX*\x01\x0f%1\x05\x15\
\x192\x06\x15\x0e2\x06\x15\x062\x06\x15\x022\x06\x15\
\x00\x00\x00\x00\x00\x00\x00\x00\x00\x00\x00\x00\x00\x00\x00\x00\
\x00\x00\x00\x00\x00\x00\x00\x00\x00\x00\x00\x00\x00\x00\x00\x00\
\x00\x00\x00\x00\x00\x00\x00\x00\x00\x00\x00\x00\x00\x00\x00\x00\
\x00\x00\x00\x00\x00\x00\x00\x00\x00\x00\x00\x00\x00\x00\x00\x00\
\x00\x00\x00\x00\x00\x00\x00\x00\x00\x00\x00\x00\x00\x00\x00\x00\
\x00\x00\x00\x00\x00\x00\x00\x00\x00\x00\x00\x00\x00\x00\x00\x00\
\x00\x00\x00\x00\x00\x00\x00\x00\x00\x00\x00\x00\x00\x00\x00\x00\
\x00\x00\x00\x00\x00\x00\x00\x00\x00\x00\x00\x00\x00\x00\x00\x00\
\x00\x00\x00\x00\x00\x00\x00\x00\x00\x00\x00\x00\x00\x00\x00\x00\
\x00\x00\x00\x00\x00\x00\x00\x00\x00\x00\x00\x00\x002\x06\x15\
\x002\x06\x15\x012\x06\x15\x032\x06\x15\x082\x06\x15\
\x102\x06\x15\x1c&\x01\x0c'$\x08\x0d1\xb3\x90t\
z\xe7\xc6\x99\xee\xe5\xc1\x96\xff\xde\xb6\x8f\xff\xd7\xac\x88\
\xff\xd0\xa0\x80\xf9\xbc\x8aq\xbfyIDZ\x1c\x00\x04\
2\xae\x92{l\xf6\xe3\xb6\xf7\xf5\xe1\xb5\xff\xf2\xdc\xb3\
\xff\xee\xd7\xb0\xfe\xe6\xcc\xa8\xe7\xd3\xb6\x99\xb3\xa8\x86u\
pV-3?2\x06\x15/*\x02\x0f$1\x06\x14\
\x192\x06\x15\x0d2\x06\x15\x052\x06\x15\x012\x06\x15\
\x00\x00\x00\x00\x00\x00\x00\x00\x00\x00\x00\x00\x00\x00\x00\x00\
\x00\x00\x00\x00\x00\x00\x00\x00\x00\x00\x00\x00\x00\x00\x00\x00\
\x00\x00\x00\x00\x00\x00\x00\x00\x00\x00\x00\x00\x00\x00\x00\x00\
\x00\x00\x00\x00\x00\x00\x00\x00\x00\x00\x00\x00\x00\x00\x00\x00\
\x00\x00\x00\x00\x00\x00\x00\x00\x00\x00\x00\x00\x00\x00\x00\x00\
\x00\x00\x00\x00\x00\x00\x00\x00\x00\x00\x00\x00\x00\x00\x00\x00\
\x00\x00\x00\x00\x00\x00\x00\x00\x00\x00\x00\x00\x00\x00\x00\x00\
\x00\x00\x00\x00\x00\x00\x00\x00\x00\x00\x00\x00\x00\x00\x00\x00\
\x00\x00\x00\x00\x00\x00\x00\x00\x00\x00\x00\x00\x00\x00\x00\x00\
\x00\x00\x00\x00\x00\x00\x00\x00\x00\x00\x00\x00\x00\x00\x00\x00\
\x002\x06\x15\x002\x06\x15\x032\x06\x15\x072\x06\x15\
\x10)\x00\x0e\x1cY531\xd2\xb5\x8d\x8f\xf0\xd3\xa2\
\xee\xee\xcf\x9f\xff\xe7\xc4\x98\xff\xe1\xba\x91\xff\xda\xb0\x8b\
\xff\xd3\xa5\x84\xff\xcd\x9b}\xff\xbe\x8ar\xd8n<;\
Y\xb9\x9f\x84{\xf7\xe5\xb7\xfe\xf5\xe1\xb5\xff\xf0\xda\xb1\
\xf5\xd2\xb8\x99\xa2\x8ag]Q;\x12\x1d3\x1a\x00\x01\
,\x8cf^V\xcb\xa8\x91\xb2\xb9\x93\x81vA\x16!\
\x1c0\x03\x13\x0e2\x06\x15\x062\x06\x15\x01\x00\x00\x00\
\x00\x00\x00\x00\x00\x00\x00\x00\x00\x00\x00\x00\x00\x00\x00\x00\
\x00\x00\x00\x00\x00\x00\x00\x00\x00\x00\x00\x00\x00\x00\x00\x00\
\x00\x00\x00\x00\x00\x00\x00\x00\x00\x00\x00\x00\x00\x00\x00\x00\
\x00\x00\x00\x00\x00\x00\x00\x00\x00\x00\x00\x00\x00\x00\x00\x00\
\x00\x00\x00\x00\x00\x00\x00\x00\x00\x00\x00\x00\x00\x00\x00\x00\
\x00\x00\x00\x00\x00\x00\x00\x00\x00\x00\x00\x00\x00\x00\x00\x00\
\x00\x00\x00\x00\x00\x00\x00\x00\x00\x00\x00\x00\x00\x00\x00\x00\
\x00\x00\x00\x00\x00\x00\x00\x00\x00\x00\x00\x00\x00\x00\x00\x00\
\x00\x00\x00\x00\x00\x00\x00\x00\x00\x00\x00\x00\x00\x00\x00\x00\
\x00\x00\x00\x00\x00\x00\x00\x00\x00\x00\x00\x00\x00\x00\x00\x00\
\x002\x06\x15\x012\x06\x15\x042\x06\x15\x0a,\x00\x10\
\x13V01'\xe5\xcc\x9d\x9c\xfa\xe3\xac\xfa\xf6\xdc\xa7\
\xff\xf0\xd2\xa1\xff\xea\xc8\x9b\xff\xe3\xbe\x94\xff\xdd\xb3\x8d\
\xff\xd6\xa9\x86\xff\xcf\x9e\x80\xff\xc8\x94y\xff\xb2{h\
\xbe\xaf\x90y}\xf6\xe4\xb6\xf8\xf5\xe1\xb6\xff\xd8\xc0\x9e\
\xab;\x14\x1c6'\x00\x0c-1\x05\x14-\x22\x00\x08\
,\x9bwja\xdb\xb9\x9e\xfa\xd0\xab\x93\xb8J\x1f(\
\x1f.\x02\x12\x0e2\x06\x15\x062\x06\x15\x012\x06\x15\
\x00\x00\x00\x00\x00\x00\x00\x00\x00\x00\x00\x00\x00\x00\x00\x00\
\x00\x00\x00\x00\x00\x00\x00\x00\x00\x00\x00\x00\x00\x00\x00\x00\
\x00\x00\x00\x00\x00\x00\x00\x00\x00\x00\x00\x00\x00\x00\x00\x00\
\x00\x00\x00\x00\x00\x00\x00\x00\x00\x00\x00\x00\x00\x00\x00\x00\
\x00\x00\x00\x00\x00\x00\x00\x00\x00\x00\x00\x00\x00\x00\x00\x00\
\x00\x00\x00\x00\x00\x00\x00\x00\x00\x00\x00\x00\x00\x00\x00\x00\
\x00\x00\x00\x00\x00\x00\x00\x00\x00\x00\x00\x00\x00\x00\x00\x00\
\x00\x00\x00\x00\x00\x00\x00\x00\x00\x00\x00\x00\x00\x00\x00\x00\
\x00\x00\x00\x00\x00\x00\x00\x00\x00\x00\x00\x00\x00\x00\x00\x00\
\x00\x00\x00\x00\x00\x00\x00\x00\x00\x00\x00\x00\x002\x06\x15\
\x002\x06\x15\x012\x06\x15\x052\x06\x15\x0d\x15\x00\x00\
\x16\xcd\xb2\x8bg\xfd\xe8\xb0\xf5\xfd\xe6\xaf\xff\xf8\xde\xa9\
\xff\xf2\xd5\xa3\xff\xec\xcc\x9d\xff\xe6\xc2\x96\xff\xdf\xb7\x8f\
\xff\xd8\xad\x89\xff\xd1\xa2\x82\xff\xcb\x98{\xff\xc2\x8cs\
\xf6\xa1sb\x89\xeb\xd8\xae\xd3\xf6\xe2\xb6\xff\xd3\xba\x99\
\x9f#\x00\x080\x1f\x00\x05+\x1e\x00\x05*4\x0c\x16\
/\xc3\xa0\x8a\x96\xdc\xba\x9e\xff\xc3\x9f\x8a\x89!\x00\x07\
\x171\x05\x14\x0d2\x06\x15\x052\x06\x15\x01\x00\x00\x00\
\x00\x00\x00\x00\x00\x00\x00\x00\x00\x00\x00\x00\x00\x00\x00\x00\
\x00\x00\x00\x00\x00\x00\x00\x00\x00\x00\x00\x00\x00\x00\x00\x00\
\x00\x00\x00\x00\x00\x00\x00\x00\x00\x00\x00\x00\x00\x00\x00\x00\
\x00\x00\x00\x00\x00\x00\x00\x00\x00\x00\x00\x00\x00\x00\x00\x00\
\x00\x00\x00\x00\x00\x00\x00\x00\x00\x00\x00\x00\x00\x00\x00\x00\
\x00\x00\x00\x00\x00\x00\x00\x00\x00\x00\x00\x00\x00\x00\x00\x00\
\x00\x00\x00\x00\x00\x00\x00\x00\x00\x00\x00\x00\x00\x00\x00\x00\
\x00\x00\x00\x00\x00\x00\x00\x00\x00\x00\x00\x00\x00\x00\x00\x00\
\x00\x00\x00\x00\x00\x00\x00\x00\x00\x00\x00\x00\x00\x00\x00\x00\
\x00\x00\x00\x00\x00\x00\x00\x00\x00\x00\x00\x00\x002\x06\x15\
\x002\x06\x15\x022\x06\x15\x070\x04\x13\x10>\x14\x1e\
\x1f\xee\xd7\xa4\xad\xff\xea\xb1\xff\xfe\xe8\xb0\xff\xfa\xe1\xab\
\xff\xf4\xd9\xa6\xff\xee\xcf\x9f\xff\xe8\xc5\x99\xff\xe2\xbb\x92\
\xff\xdb\xb1\x8b\xff\xd4\xa6\x84\xff\xcd\x9c~\xff\xc6\x91w\
\xff\xa8rb\xa5\xab\x8fyo\xef\xda\xb0\xe3\xef\xd9\xb0\
\xed\xd2\xb8\x99\x9c\xbc\x9e\x86w\xbc\x9d\x86z\xd0\xb0\x95\
\xaa\xdf\xbf\xa1\xf3\xd6\xb4\x99\xcb\x8ac\x5c9\x22\x00\x08\
\x132\x06\x15\x0b2\x06\x15\x042\x06\x15\x01\x00\x00\x00\
\x00\x00\x00\x00\x00\x00\x00\x00\x00\x00\x00\x00\x00\x00\x00\x00\
\x00\x00\x00\x00\x00\x00\x00\x00\x00\x00\x00\x00\x00\x00\x00\x00\
\x00\x00\x00\x00\x00\x00\x00\x00\x00\x00\x00\x00\x00\x00\x00\x00\
\x00\x00\x00\x00\x00\x00\x00\x00\x00\x00\x00\x00\x00\x00\x00\x00\
\x00\x00\x00\x00\x00\x00\x00\x00\x00\x00\x00\x00\x00\x00\x00\x00\
\x00\x00\x00\x00\x00\x00\x00\x00\x00\x00\x00\x00\x00\x00\x00\x00\
\x00\x00\x00\x00\x00\x00\x00\x00\x00\x00\x00\x00\x00\x00\x00\x00\
\x00\x00\x00\x00\x00\x00\x00\x00\x00\x00\x00\x00\x00\x00\x00\x00\
\x00\x00\x00\x00\x00\x00\x00\x00\x00\x00\x00\x00\x00\x00\x00\x00\
\x00\x00\x00\x00\x00\x00\x00\x00\x00\x00\x00\x00\x002\x06\x15\
\x002\x06\x15\x022\x06\x15\x08)\x00\x0f\x11jE@\
)\xf5\xdf\xa9\xc9\xff\xea\xb1\xff\xff\xe9\xb1\xff\xfb\xe4\xad\
\xff\xf6\xdc\xa8\xff\xf1\xd3\xa2\xff\xea\xc9\x9b\xff\xe4\xbf\x95\
\xff\xdd\xb4\x8e\xff\xd6\xaa\x87\xff\xcf\x9f\x80\xff\xc9\x95z\
\xff\xb5\x80k\xbd4\x0a\x156\x9a{jT\xdc\xc3\xa1\
\xa0\xe7\xcf\xaa\xcf\xe6\xcd\xa9\xdc\xe3\xc7\xa6\xdc\xdd\xbf\xa0\
\xcd\xcd\xac\x93\x95\x91ka<&\x00\x0b\x162\x06\x15\
\x0e2\x06\x15\x072\x06\x15\x032\x06\x15\x00\x00\x00\x00\
\x00\x00\x00\x00\x00\x00\x00\x00\x00\x00\x00\x00\x00\x00\x00\x00\
\x00\x00\x00\x00\x00\x00\x00\x00\x00\x00\x00\x00\x00\x00\x00\x00\
\x00\x00\x00\x00\x00\x00\x00\x00\x00\x00\x00\x00\x00\x00\x00\x00\
\x00\x00\x00\x00\x00\x00\x00\x00\x00\x00\x00\x00\x00\x00\x00\x00\
\x00\x00\x00\x00\x00\x00\x00\x00\x00\x00\x00\x00\x00\x00\x00\x00\
\x00\x00\x00\x00\x00\x00\x00\x00\x00\x00\x00\x00\x00\x00\x00\x00\
\x00\x00\x00\x00\x00\x00\x00\x00\x00\x00\x00\x00\x00\x00\x00\x00\
\x00\x00\x00\x00\x00\x00\x00\x00\x00\x00\x00\x00\x00\x00\x00\x00\
\x00\x00\x00\x00\x00\x00\x00\x00\x00\x00\x00\x00\x00\x00\x00\x00\
\x00\x00\x00\x00\x00\x00\x00\x00\x00\x00\x00\x00\x002\x06\x15\
\x002\x06\x15\x022\x06\x15\x07,\x00\x11\x11Z34\
&\xf3\xdc\xa8\xc1\xff\xea\xb1\xff\xff\xea\xb1\xff\xfd\xe7\xaf\
\xff\xf8\xdf\xaa\xff\xf3\xd6\xa4\xff\xed\xcd\x9e\xff\xe6\xc2\x97\
\xff\xe0\xb8\x90\xff\xd9\xae\x89\xff\xd2\xa3\x82\xff\xcb\x99|\
\xff\xb8\x84m\xb76\x0a\x18-$\x00\x0a#/\x0c\x13\
\x22nHF-\x8bh^7\x88d[6iAB\
**\x08\x11\x1a!\x01\x09\x142\x06\x15\x0f2\x06\x15\
\x082\x06\x15\x042\x06\x15\x012\x06\x15\x00\x00\x00\x00\
\x00\x00\x00\x00\x00\x00\x00\x00\x00\x00\x00\x00\x00\x00\x00\x00\
\x00\x00\x00\x00\x00\x00\x00\x00\x00\x00\x00\x00\x00\x00\x00\x00\
\x00\x00\x00\x00\x00\x00\x00\x00\x00\x00\x00\x00\x00\x00\x00\x00\
\x00\x00\x00\x00\x00\x00\x00\x00\x00\x00\x00\x00\x00\x00\x00\x00\
\x00\x00\x00\x00\x00\x00\x00\x00\x00\x00\x00\x00\x00\x00\x00\x00\
\x00\x00\x00\x00\x00\x00\x00\x00\x00\x00\x00\x00\x00\x00\x00\x00\
\x00\x00\x00\x00\x00\x00\x00\x00\x00\x00\x00\x00\x00\x00\x00\x00\
\x00\x00\x00\x00\x00\x00\x00\x00\x00\x00\x00\x00\x00\x00\x00\x00\
\x00\x00\x00\x00\x00\x00\x00\x00\x00\x00\x00\x00\x00\x00\x00\x00\
\x00\x00\x00\x00\x00\x00\x00\x00\x00\x00\x00\x00\x002\x06\x15\
\x002\x06\x15\x022\x06\x15\x062\x06\x15\x0f#\x00\x09\
\x1b\xe5\xcc\x9d\x93\xff\xea\xb1\xff\xff\xea\xb1\xff\xfe\xe8\xb0\
\xff\xfa\xe2\xac\xff\xf5\xda\xa6\xff\xef\xd0\xa0\xff\xe9\xc6\x9a\
\xff\xe2\xbc\x93\xff\xdb\xb2\x8c\xff\xd4\xa7\x85\xff\xce\x9d~\
\xff\xb2\x7fj\x90%\x00\x0c!2\x06\x15\x1a1\x05\x14\
\x15)\x01\x0e\x13!\x00\x07\x13\x22\x00\x08\x13*\x01\x0e\
\x121\x05\x14\x0f2\x06\x15\x0b2\x06\x15\x072\x06\x15\
\x042\x06\x15\x022\x06\x15\x002\x06\x15\x00\x00\x00\x00\
\x00\x00\x00\x00\x00\x00\x00\x00\x00\x00\x00\x00\x00\x00\x00\x00\
\x00\x00\x00\x00\x00\x00\x00\x00\x00\x00\x00\x00\x00\x00\x00\x00\
\x00\x00\x00\x00\x00\x00\x00\x00\x00\x00\x00\x00\x00\x00\x00\x00\
\x00\x00\x00\x00\x00\x00\x00\x00\x00\x00\x00\x00\x00\x00\x00\x00\
\x00\x00\x00\x00\x00\x00\x00\x00\x00\x00\x00\x00\x00\x00\x00\x00\
\x00\x00\x00\x00\x00\x00\x00\x00\x00\x00\x00\x00\x00\x00\x00\x00\
\x00\x00\x00\x00\x00\x00\x00\x00\x00\x00\x00\x00\x00\x00\x00\x00\
\x00\x00\x00\x00\x00\x00\x00\x00\x00\x00\x00\x00\x00\x00\x00\x00\
\x00\x00\x00\x00\x00\x00\x00\x00\x00\x00\x00\x00\x00\x00\x00\x00\
\x00\x00\x00\x00\x00\x00\x00\x00\x00\x00\x00\x00\x002\x06\x15\
\x002\x06\x15\x012\x06\x15\x052\x06\x15\x0c\x1a\x00\x02\
\x15\xae\x90sJ\xfa\xe5\xae\xe4\xff\xea\xb1\xff\xff\xea\xb1\
\xff\xfc\xe5\xae\xff\xf7\xdd\xa8\xff\xf1\xd4\xa2\xff\xeb\xca\x9c\
\xff\xe4\xc0\x95\xff\xde\xb5\x8e\xff\xd7\xab\x88\xff\xce\x9e\x7f\
\xe9\x92cVO \x00\x09\x182\x06\x15\x112\x06\x15\
\x0b2\x06\x15\x0a2\x06\x15\x0a2\x06\x15\x0a2\x06\x15\
\x082\x06\x15\x072\x06\x15\x052\x06\x15\x032\x06\x15\
\x012\x06\x15\x002\x06\x15\x00\x00\x00\x00\x00\x00\x00\x00\
\x00\x00\x00\x00\x00\x00\x00\x00\x00\x00\x00\x00\x00\x00\x00\x00\
\x00\x00\x00\x00\x00\x00\x00\x00\x00\x00\x00\x00\x00\x00\x00\x00\
\x00\x00\x00\x00\x00\x00\x00\x00\x00\x00\x00\x00\x00\x00\x00\x00\
\x00\x00\x00\x00\x00\x00\x00\x00\x00\x00\x00\x00\x00\x00\x00\x00\
\x00\x00\x00\x00\x00\x00\x00\x00\x00\x00\x00\x00\x00\x00\x00\x00\
\x00\x00\x00\x00\x00\x00\x00\x00\x00\x00\x00\x00\x00\x00\x00\x00\
\x00\x00\x00\x00\x00\x00\x00\x00\x00\x00\x00\x00\x00\x00\x00\x00\
\x00\x00\x00\x00\x00\x00\x00\x00\x00\x00\x00\x00\x00\x00\x00\x00\
\x00\x00\x00\x00\x00\x00\x00\x00\x00\x00\x00\x00\x00\x00\x00\x00\
\x00\x00\x00\x00\x00\x00\x00\x00\x00\x00\x00\x00\x00\x00\x00\x00\
\x002\x06\x15\x012\x06\x15\x032\x06\x15\x080\x04\x14\
\x11.\x05\x12\x1d\xda\xc1\x95~\xfd\xe8\xb0\xf6\xff\xea\xb1\
\xff\xfe\xe7\xaf\xff\xf9\xe0\xaa\xff\xf3\xd7\xa5\xff\xed\xce\x9e\
\xff\xe7\xc4\x98\xff\xe0\xba\x91\xff\xd9\xae\x8a\xfa\xbd\x8fu\
\x8c8\x0d\x19\x1f0\x04\x13\x122\x06\x15\x0a2\x06\x15\
\x052\x06\x15\x032\x06\x15\x032\x06\x15\x032\x06\x15\
\x022\x06\x15\x022\x06\x15\x012\x06\x15\x012\x06\x15\
\x002\x06\x15\x00\x00\x00\x00\x00\x00\x00\x00\x00\x00\x00\x00\
\x00\x00\x00\x00\x00\x00\x00\x00\x00\x00\x00\x00\x00\x00\x00\x00\
\x00\x00\x00\x00\x00\x00\x00\x00\x00\x00\x00\x00\x00\x00\x00\x00\
\x00\x00\x00\x00\x00\x00\x00\x00\x00\x00\x00\x00\x00\x00\x00\x00\
\x00\x00\x00\x00\x00\x00\x00\x00\x00\x00\x00\x00\x00\x00\x00\x00\
\x00\x00\x00\x00\x00\x00\x00\x00\x00\x00\x00\x00\x00\x00\x00\x00\
\x00\x00\x00\x00\x00\x00\x00\x00\x00\x00\x00\x00\x00\x00\x00\x00\
\x00\x00\x00\x00\x00\x00\x00\x00\x00\x00\x00\x00\x00\x00\x00\x00\
\x00\x00\x00\x00\x00\x00\x00\x00\x00\x00\x00\x00\x00\x00\x00\x00\
\x00\x00\x00\x00\x00\x00\x00\x00\x00\x00\x00\x00\x00\x00\x00\x00\
\x00\x00\x00\x00\x00\x00\x00\x00\x00\x00\x00\x00\x00\x00\x00\x00\
\x002\x06\x15\x002\x06\x15\x022\x06\x15\x052\x06\x15\
\x0b+\x00\x10\x14N+*#\xde\xc5\x98\x84\xfc\xe7\xaf\
\xed\xff\xe9\xb1\xff\xfb\xe3\xad\xff\xf6\xdb\xa7\xff\xf0\xd2\xa1\
\xff\xea\xc8\x9b\xff\xe0\xba\x92\xee\xc5\x9c}\x8fX./\
(*\x00\x10\x152\x06\x15\x0c2\x06\x15\x052\x06\x15\
\x022\x06\x15\x002\x06\x15\x002\x06\x15\x002\x06\x15\
\x002\x06\x15\x002\x06\x15\x00\x00\x00\x00\x00\x00\x00\x00\
\x00\x00\x00\x00\x00\x00\x00\x00\x00\x00\x00\x00\x00\x00\x00\x00\
\x00\x00\x00\x00\x00\x00\x00\x00\x00\x00\x00\x00\x00\x00\x00\x00\
\x00\x00\x00\x00\x00\x00\x00\x00\x00\x00\x00\x00\x00\x00\x00\x00\
\x00\x00\x00\x00\x00\x00\x00\x00\x00\x00\x00\x00\x00\x00\x00\x00\
\x00\x00\x00\x00\x00\x00\x00\x00\x00\x00\x00\x00\x00\x00\x00\x00\
\x00\x00\x00\x00\x00\x00\x00\x00\x00\x00\x00\x00\x00\x00\x00\x00\
\x00\x00\x00\x00\x00\x00\x00\x00\x00\x00\x00\x00\x00\x00\x00\x00\
\x00\x00\x00\x00\x00\x00\x00\x00\x00\x00\x00\x00\x00\x00\x00\x00\
\x00\x00\x00\x00\x00\x00\x00\x00\x00\x00\x00\x00\x00\x00\x00\x00\
\x00\x00\x00\x00\x00\x00\x00\x00\x00\x00\x00\x00\x00\x00\x00\x00\
\x00\x00\x00\x00\x00\x00\x00\x00\x00\x00\x00\x00\x00\x00\x00\x00\
\x002\x06\x15\x002\x06\x15\x012\x06\x15\x022\x06\x15\
\x062\x06\x15\x0d*\x01\x0f\x149\x17\x1b\x1f\xbf\xa3\x80\
X\xed\xd6\xa3\xad\xf6\xdf\xa9\xdd\xf3\xd9\xa6\xe7\xeb\xcd\x9e\
\xd6\xd9\xb7\x8f\xa5\xac\x85mW>\x19\x1e *\x01\x0f\
\x152\x06\x15\x0d2\x06\x15\x072\x06\x15\x032\x06\x15\
\x012\x06\x15\x00\x00\x00\x00\x00\x00\x00\x00\x00\x00\x00\x00\
\x00\x00\x00\x00\x00\x00\x00\x00\x00\x00\x00\x00\x00\x00\x00\x00\
\x00\x00\x00\x00\x00\x00\x00\x00\x00\x00\x00\x00\x00\x00\x00\x00\
\x00\x00\x00\x00\x00\x00\x00\x00\x00\x00\x00\x00\x00\x00\x00\x00\
\x00\x00\x00\x00\x00\x00\x00\x00\x00\x00\x00\x00\x00\x00\x00\x00\
\x00\x00\x00\x00\x00\x00\x00\x00\x00\x00\x00\x00\x00\x00\x00\x00\
\x00\x00\x00\x00\x00\x00\x00\x00\x00\x00\x00\x00\x00\x00\x00\x00\
\x00\x00\x00\x00\x00\x00\x00\x00\x00\x00\x00\x00\x00\x00\x00\x00\
\x00\x00\x00\x00\x00\x00\x00\x00\x00\x00\x00\x00\x00\x00\x00\x00\
\x00\x00\x00\x00\x00\x00\x00\x00\x00\x00\x00\x00\x00\x00\x00\x00\
\x00\x00\x00\x00\x00\x00\x00\x00\x00\x00\x00\x00\x00\x00\x00\x00\
\x00\x00\x00\x00\x00\x00\x00\x00\x00\x00\x00\x00\x00\x00\x00\x00\
\x00\x00\x00\x00\x00\x00\x00\x00\x00\x00\x00\x00\x00\x00\x00\x00\
\x00\x00\x00\x00\x002\x06\x15\x002\x06\x15\x012\x06\x15\
\x032\x06\x15\x062\x06\x15\x0c/\x04\x13\x12\x17\x00\x03\
\x17E!$!\x8ciY6\x9e|f@}WM\
27\x12\x19\x1f\x1a\x00\x04\x16/\x04\x13\x122\x06\x15\
\x0c2\x06\x15\x072\x06\x15\x032\x06\x15\x012\x06\x15\
\x00\x00\x00\x00\x00\x00\x00\x00\x00\x00\x00\x00\x00\x00\x00\x00\
\x00\x00\x00\x00\x00\x00\x00\x00\x00\x00\x00\x00\x00\x00\x00\x00\
\x00\x00\x00\x00\x00\x00\x00\x00\x00\x00\x00\x00\x00\x00\x00\x00\
\x00\x00\x00\x00\x00\x00\x00\x00\x00\x00\x00\x00\x00\x00\x00\x00\
\x00\x00\x00\x00\x00\x00\x00\x00\x00\x00\x00\x00\x00\x00\x00\x00\
\x00\x00\x00\x00\x00\x00\x00\x00\x00\x00\x00\x00\x00\x00\x00\x00\
\x00\x00\x00\x00\x00\x00\x00\x00\x00\x00\x00\x00\x00\x00\x00\x00\
\x00\x00\x00\x00\x00\x00\x00\x00\x00\x00\x00\x00\x00\x00\x00\x00\
\x00\x00\x00\x00\x00\x00\x00\x00\x00\x00\x00\x00\x00\x00\x00\x00\
\x00\x00\x00\x00\x00\x00\x00\x00\x00\x00\x00\x00\x00\x00\x00\x00\
\x00\x00\x00\x00\x00\x00\x00\x00\x00\x00\x00\x00\x00\x00\x00\x00\
\x00\x00\x00\x00\x00\x00\x00\x00\x00\x00\x00\x00\x00\x00\x00\x00\
\x00\x00\x00\x00\x00\x00\x00\x00\x00\x00\x00\x00\x00\x00\x00\x00\
\x00\x00\x00\x00\x00\x00\x00\x00\x002\x06\x15\x002\x06\x15\
\x012\x06\x15\x032\x06\x15\x052\x06\x15\x092\x06\x15\
\x0d/\x03\x12\x11\x22\x00\x09\x12\x1b\x00\x04\x13%\x00\x0c\
\x120\x04\x14\x112\x06\x15\x0d2\x06\x15\x092\x06\x15\
\x052\x06\x15\x032\x06\x15\x012\x06\x15\x00\x00\x00\x00\
\x00\x00\x00\x00\x00\x00\x00\x00\x00\x00\x00\x00\x00\x00\x00\x00\
\x00\x00\x00\x00\x00\x00\x00\x00\x00\x00\x00\x00\x00\x00\x00\x00\
\x00\x00\x00\x00\x00\x00\x00\x00\x00\x00\x00\x00\x00\x00\x00\x00\
\x00\x00\x00\x00\x00\x00\x00\x00\x00\x00\x00\x00\x00\x00\x00\x00\
\x00\x00\x00\x00\x00\x00\x00\x00\x00\x00\x00\x00\x00\x00\x00\x00\
\x00\x00\x00\x00\x00\x00\x00\x00\x00\x00\x00\x00\x00\x00\x00\x00\
\x00\x00\x00\x00\x00\x00\x00\x00\x00\x00\x00\x00\x00\x00\x00\x00\
\x00\x00\x00\x00\x00\x00\x00\x00\x00\x00\x00\x00\x00\x00\x00\x00\
\x00\x00\x00\x00\x00\x00\x00\x00\x00\x00\x00\x00\x00\x00\x00\x00\
\x00\x00\x00\x00\x00\x00\x00\x00\x00\x00\x00\x00\x00\x00\x00\x00\
\x00\x00\x00\x00\x00\x00\x00\x00\x00\x00\x00\x00\x00\x00\x00\x00\
\x00\x00\x00\x00\x00\x00\x00\x00\x00\x00\x00\x00\x00\x00\x00\x00\
\x00\x00\x00\x00\x00\x00\x00\x00\x00\x00\x00\x00\x00\x00\x00\x00\
\x00\x00\x00\x00\x00\x00\x00\x00\x00\x00\x00\x00\x002\x06\x15\
\x002\x06\x15\x012\x06\x15\x022\x06\x15\x032\x06\x15\
\x062\x06\x15\x082\x06\x15\x092\x06\x15\x092\x06\x15\
\x092\x06\x15\x072\x06\x15\x052\x06\x15\x032\x06\x15\
\x022\x06\x15\x012\x06\x15\x00\x00\x00\x00\x00\x00\x00\x00\
\x00\x00\x00\x00\x00\x00\x00\x00\x00\x00\x00\x00\x00\x00\x00\x00\
\x00\x00\x00\x00\x00\x00\x00\x00\x00\x00\x00\x00\x00\x00\x00\x00\
\x00\x00\x00\x00\x00\x00\x00\x00\x00\x00\x00\x00\x00\x00\x00\x00\
\x00\x00\x00\x00\x00\x00\x00\x00\x00\x00\x00\x00\x00\x00\x00\x00\
\x00\x00\x00\x00\x00\x00\x00\x00\x00\x00\x00\x00\x00\x00\x00\x00\
\x00\x00\x00\x00\x00\x00\x00\x00\x00\x00\x00\x00\x00\x00\x00\x00\
\x00\x00\x00\x00\x00\x00\x00\x00\x00\x00\x00\x00\x00\x00\x00\x00\
\x00\x00\x00\x00\x00\x00\x00\x00\x00\x00\x00\x00\x00\x00\x00\x00\
\x00\x00\x00\x00\x00\x00\x00\x00\x00\x00\x00\x00\x00\x00\x00\x00\
\x00\x00\x00\x00\x00\x00\x00\x00\x00\x00\x00\x00\x00\x00\x00\x00\
\x00\x00\x00\x00\x00\x00\x00\x00\x00\x00\x00\x00\x00\x00\x00\x00\
\x00\x00\x00\x00\x00\x00\x00\x00\x00\x00\x00\x00\x00\x00\x00\x00\
\x00\x00\x00\x00\x00\x00\x00\x00\x00\x00\x00\x00\x00\x00\x00\x00\
\x00\x00\x00\x00\x00\x00\x00\x00\x00\x00\x00\x00\x00\x00\x00\x00\
\x002\x06\x15\x002\x06\x15\x002\x06\x15\x012\x06\x15\
\x012\x06\x15\x022\x06\x15\x032\x06\x15\x032\x06\x15\
\x032\x06\x15\x022\x06\x15\x012\x06\x15\x012\x06\x15\
\x002\x06\x15\x00\x00\x00\x00\x00\x00\x00\x00\x00\x00\x00\x00\
\x00\x00\x00\x00\x00\x00\x00\x00\x00\x00\x00\x00\x00\x00\x00\x00\
\x00\x00\x00\x00\x00\x00\x00\x00\x00\x00\x00\x00\x00\x00\x00\x00\
\x00\x00\x00\x00\x00\x00\x00\x00\x00\x00\x00\x00\x00\x00\x00\x00\
\x00\x00\x00\x00\x00\x00\x00\x00\x00\x00\x00\x00\x00\x00\x00\x00\
\x00\x00\x00\x00\x00\x00\x00\x00\x00\x00\x00\x00\x00\x00\x00\x00\
\x00\x00\x00\x00\x00\x00\x00\x00\x00\x00\x00\x00\x00\x00\x00\x00\
\x00\x00\x00\x00\x00\x00\x00\x00\x00\x00\x00\x00\x00\x00\x00\x00\
\x00\x00\x00\x00\x00\x00\x00\x00\x00\x00\x00\x00\x00\x00\x00\x00\
\x00\x00\x00\x00\x00\x00\x00\x00\x00\x00\x00\x00\x00\x00\x00\x00\
\x00\x00\x00\x00\x00\x00\x00\x00\x00\x00\x00\x00\x00\x00\x00\x00\
\x00\x00\x00\x00\x00\x00\x00\x00\x00\x00\x00\x00\x00\x00\x00\x00\
\x00\x00\x00\x00\x00\x00\x00\x00\x00\x00\x00\x00\x00\x00\x00\x00\
\x00\x00\x00\x00\x00\x00\x00\x00\x00\x00\x00\x00\x00\x00\x00\x00\
\x00\x00\x00\x00\x00\x00\x00\x00\x00\x00\x00\x00\x00\x00\x00\x00\
\x00\x00\x00\x00\x00\x00\x00\x00\x002\x06\x15\x002\x06\x15\
\x002\x06\x15\x002\x06\x15\x002\x06\x15\x002\x06\x15\
\x002\x06\x15\x002\x06\x15\x002\x06\x15\x00\x00\x00\x00\
\x00\x00\x00\x00\x00\x00\x00\x00\x00\x00\x00\x00\x00\x00\x00\x00\
\x00\x00\x00\x00\x00\x00\x00\x00\x00\x00\x00\x00\x00\x00\x00\x00\
\x00\x00\x00\x00\x00\x00\x00\x00\x00\x00\x00\x00\x00\x00\x00\x00\
\x00\x00\x00\x00\x00\x00\x00\x00\x00\x00\x00\x00\x00\x00\x00\x00\
\x00\x00\x00\x00\x00\x00\x00\x00\x00\x00\x00\x00\x00\x00\x00\x00\
\x00\x00\x00\x00\x00\x00\x00\x00\x00\x00\x00\x00\x00\x00\x00\x00\
\x00\x00\x00\x00\x00\x00\x00\x00\x00\x00\x00\x00\x00\x00\x00\x00\
\x00\x00\x00\x00\x00\x00\x00\x00\x00\x00\x00\x00\x00\x00\x00\x00\
\x00\x00\x00\x00\x00\x00\x00\x00\x00\x00\x00\x00\x00\xff\xff\xf0\
\x08\x7f\xff\xff\xff\xff\x00\x00\x00\xff\xff\xe0\x00\x1f\xff\xff\
\xff\xff\x00\x00\x00\xff\xff\xe0\x00\x0f\xff\xff\xff\xff\x00\x00\
\x00\xff\xff\xc0\x00\x0f\xff\xff\xff\xff\x00\x00\x00\xff\xff\xc0\
\x00\x07\xff\xff\xff\xff\x00\x00\x00\xff\xff\xc0\x00\x07\xff\xff\
\xff\xff\x00\x00\x00\xff\xff\xc0\x00\x00\x00\x03\xff\xff\x00\x00\
\x00\xff\xff\xc0\x00\x00\x00\x00\xff\xff\x00\x00\x00\xff\xff\xc0\
\x00\x00\x00\x00\xff\xff\x00\x00\x00\xff\xff\xc0\x00\x00\x00\x00\
\x7f\xff\x00\x00\x00\xff\xff\xc0\x00\x00\x00\x00\x7f\xff\x00\x00\
\x00\xff\xff\x80\x00\x00\x00\x00\x7f\xff\x00\x00\x00\xff\xff\x80\
\x00\x00\x00\x00\x7f\xff\x00\x00\x00\xff\xff\x80\x00\x00\x00\x00\
\x7f\xff\x00\x00\x00\xff\xff\x80\x00\x00\x00\x00\x7f\xff\x00\x00\
\x00\xff\xff\x80\x00\x00\x00\x00\x7f\xff\x00\x00\x00\xff\xff\x00\
\x00\x00\x00\x00\x7f\xff\x00\x00\x00\xff\xff\x00\x00\x00\x00\x00\
\x7f\xff\x00\x00\x00\xff\xff\x00\x00\x00\x00\x00\x7f\xff\x00\x00\
\x00\xff\xff\x00\x00\x00\x00\x00\x7f\xff\x00\x00\x00\xff\xff\x80\
\x00\x00\x00\x00\x7f\xff\x00\x00\x00\xff\xff\x80\x00\x00\x00\x00\
\x7f\xff\x00\x00\x00\xff\xff\x80\x00\x00\x00\x00\x7f\xff\x00\x00\
\x00\xff\xff\x80\x00\x00\x00\x00\x7f\xff\x00\x00\x00\xff\xff\x80\
\x00\x00\x00\x00\x7f\xff\x00\x00\x00\xff\xff\xc0\x00\x00\x00\x00\
\x7f\xff\x00\x00\x00\xff\xff\xc0\x00\x00\x00\x00\x7f\xff\x00\x00\
\x00\xff\xff\xc0\x00\x00\x00\x00\xff\xff\x00\x00\x00\xff\xff\xc0\
\x00\x00\x00\x00\xff\xff\x00\x00\x00\xff\xff\xc0\x00\x00\x00\x00\
\xff\xff\x00\x00\x00\xff\xff\xe0\x00\x00\x00\x01\xff\xff\x00\x00\
\x00\xff\xff\xe0\x00\x00\x00\x01\xff\xff\x00\x00\x00\xff\xff\xe0\
\x00\x00\x00\x01\xff\xff\x00\x00\x00\xff\xff\xc0\x00\x00\x00\x01\
\xff\xff\x00\x00\x00\xff\xff\xc0\x00\x00\x00\x01\xff\xff\x00\x00\
\x00\xff\xff\xc0\x00\x00\x00\x01\xff\xff\x00\x00\x00\xff\xff\x80\
\x00\x00\x00\x01\xff\xff\x00\x00\x00\xff\xff\x80\x00\x00\x00\x01\
\xff\xff\x00\x00\x00\xff\xff\x00\x00\x00\x00\x01\xff\xff\x00\x00\
\x00\xff\xff\x00\x00\x00\x00\x03\xff\xff\x00\x00\x00\xff\xff\x00\
\x00\x00\x00\x03\xff\xff\x00\x00\x00\xff\xfe\x00\x00\x00\x00\x03\
\xff\xff\x00\x00\x00\xff\xfe\x00\x00\x00\x00\x03\xff\xff\x00\x00\
\x00\xff\xfe\x00\x00\x00\x00\x03\xff\xff\x00\x00\x00\xff\xfe\x00\
\x00\x00\x00\x07\xff\xff\x00\x00\x00\xff\xfe\x00\x00\x00\x00\x07\
\xff\xff\x00\x00\x00\xff\xfe\x00\x00\x00\x00\x07\xff\xff\x00\x00\
\x00\xff\xfe\x00\x00\x00\x00\x07\xff\xff\x00\x00\x00\xff\xff\x00\
\x00\x00\x00\x07\xff\xff\x00\x00\x00\xff\xff\x00\x00\x00\x00\x07\
\xff\xff\x00\x00\x00\xff\xff\x00\x00\x00\x00\x07\xff\xff\x00\x00\
\x00\xff\xff\x80\x00\x00\x00\x07\xff\xff\x00\x00\x00\xff\xff\x80\
\x00\x00\x00\x07\xff\xff\x00\x00\x00\xff\xff\xc0\x00\x00\x00\x07\
\xff\xff\x00\x00\x00\xff\xff\xe0\x00\x00\x00\x07\xff\xff\x00\x00\
\x00\xff\xff\xf0\x00\x00\x00\x07\xff\xff\x00\x00\x00\xff\xff\xf8\
\x00\x00\x00\x0f\xff\xff\x00\x00\x00\xff\xff\xf8\x00\x00\x00\x07\
\xff\xff\x00\x00\x00\xff\xff\xf0\x00\x00\x00\x0f\xff\xff\x00\x00\
\x00\xff\xff\xf0\x00\x00\x00\x0f\xff\xff\x00\x00\x00\xff\xff\xf0\
\x00\x00\x00\x0f\xff\xff\x00\x00\x00\xff\xff\xf0\x00\x00\x00\x0f\
\xff\xff\x00\x00\x00\xff\xff\xf0\x00\x00\x00\x0f\xff\xff\x00\x00\
\x00\xff\xff\xf0\x00\x00\x00\x1f\xff\xff\x00\x00\x00\xff\xff\xf8\
\x00\x00\x00?\xff\xff\x00\x00\x00\xff\xff\xf8\x00\x00\x01\xff\
\xff\xff\x00\x00\x00\xff\xff\xf8\x00\x00?\xff\xff\xff\x00\x00\
\x00\xff\xff\xfc\x00\x00\x7f\xff\xff\xff\x00\x00\x00\xff\xff\xfe\
\x00\x00\xff\xff\xff\xff\x00\x00\x00\xff\xff\xff\x00\x01\xff\xff\
\xff\xff\x00\x00\x00\xff\xff\xff\x80\x03\xff\xff\xff\xff\x00\x00\
\x00\xff\xff\xff\xe0\x0f\xff\xff\xff\xff\x00\x00\x00(\x00\x00\
\x00`\x00\x00\x00\xc0\x00\x00\x00\x01\x00 \x00\x00\x00\x00\
\x00\x00\x90\x00\x00\x00\x00\x00\x00\x00\x00\x00\x00\x00\x00\x00\
\x00\x00\x00\x00\x00\x00\x00\x00\x00\x00\x00\x00\x00\x00\x00\x00\
\x00\x00\x00\x00\x00\x00\x00\x00\x00\x00\x00\x00\x00\x00\x00\x00\
\x00\x00\x00\x00\x00\x00\x00\x00\x00\x00\x00\x00\x00\x00\x00\x00\
\x00\x00\x00\x00\x00\x00\x00\x00\x00\x00\x00\x00\x00\x00\x00\x00\
\x00\x00\x00\x00\x00\x00\x00\x00\x00\x00\x00\x00\x00\x00\x00\x00\
\x00\x00\x00\x00\x00\x00\x00\x00\x00\x00\x00\x00\x00\x00\x00\x00\
\x00\x00\x00\x00\x00\x00\x00\x00\x00\x00\x00\x00\x00\x00\x00\x00\
\x00\x00\x00\x00\x00\x00\x00\x00\x002\x06\x15\x002\x06\x15\
\x002\x06\x15\x002\x06\x15\x002\x06\x15\x00\x00\x00\x00\
\x00\x00\x00\x00\x00\x00\x00\x00\x00\x00\x00\x00\x00\x00\x00\x00\
\x00\x00\x00\x00\x00\x00\x00\x00\x00\x00\x00\x00\x00\x00\x00\x00\
\x00\x00\x00\x00\x00\x00\x00\x00\x00\x00\x00\x00\x00\x00\x00\x00\
\x00\x00\x00\x00\x00\x00\x00\x00\x00\x00\x00\x00\x00\x00\x00\x00\
\x00\x00\x00\x00\x00\x00\x00\x00\x00\x00\x00\x00\x00\x00\x00\x00\
\x00\x00\x00\x00\x00\x00\x00\x00\x00\x00\x00\x00\x00\x00\x00\x00\
\x00\x00\x00\x00\x00\x00\x00\x00\x00\x00\x00\x00\x00\x00\x00\x00\
\x00\x00\x00\x00\x00\x00\x00\x00\x00\x00\x00\x00\x00\x00\x00\x00\
\x00\x00\x00\x00\x00\x00\x00\x00\x00\x00\x00\x00\x00\x00\x00\x00\
\x00\x00\x00\x00\x00\x00\x00\x00\x00\x00\x00\x00\x00\x00\x00\x00\
\x00\x00\x00\x00\x00\x00\x00\x00\x00\x00\x00\x00\x00\x00\x00\x00\
\x00\x00\x00\x00\x00\x00\x00\x00\x00\x00\x00\x00\x00\x00\x00\x00\
\x00\x00\x00\x00\x00\x00\x00\x00\x00\x00\x00\x00\x00\x00\x00\x00\
\x00\x00\x00\x00\x00\x00\x00\x00\x00\x00\x00\x00\x00\x00\x00\x00\
\x00\x00\x00\x00\x00\x00\x00\x00\x00\x00\x00\x00\x00\x00\x00\x00\
\x00\x00\x00\x00\x00\x00\x00\x00\x00\x00\x00\x00\x00\x00\x00\x00\
\x00\x00\x00\x00\x00\x00\x00\x00\x00\x00\x00\x00\x00\x00\x00\x00\
\x00\x00\x00\x00\x00\x00\x00\x00\x00\x00\x00\x00\x00\x00\x00\x00\
\x00\x00\x00\x00\x00\x00\x00\x00\x00\x00\x00\x00\x00\x00\x00\x00\
\x00\x00\x00\x00\x00\x00\x00\x00\x00\x00\x00\x00\x00\x00\x00\x00\
\x00\x00\x00\x00\x00\x00\x00\x00\x00\x00\x00\x00\x00\x00\x00\x00\
\x00\x00\x00\x00\x00\x00\x00\x00\x00\x00\x00\x00\x00\x00\x00\x00\
\x002\x06\x15\x002\x06\x15\x002\x06\x15\x012\x06\x15\
\x012\x06\x15\x012\x06\x15\x012\x06\x15\x012\x06\x15\
\x012\x06\x15\x002\x06\x15\x002\x06\x15\x002\x06\x15\
\x002\x06\x15\x002\x06\x15\x002\x06\x15\x002\x06\x15\
\x002\x06\x15\x002\x06\x15\x002\x06\x15\x00\x00\x00\x00\
\x00\x00\x00\x00\x00\x00\x00\x00\x00\x00\x00\x00\x00\x00\x00\x00\
\x00\x00\x00\x00\x00\x00\x00\x00\x00\x00\x00\x00\x00\x00\x00\x00\
\x00\x00\x00\x00\x00\x00\x00\x00\x00\x00\x00\x00\x00\x00\x00\x00\
\x00\x00\x00\x00\x00\x00\x00\x00\x00\x00\x00\x00\x00\x00\x00\x00\
\x00\x00\x00\x00\x00\x00\x00\x00\x00\x00\x00\x00\x00\x00\x00\x00\
\x00\x00\x00\x00\x00\x00\x00\x00\x00\x00\x00\x00\x00\x00\x00\x00\
\x00\x00\x00\x00\x00\x00\x00\x00\x00\x00\x00\x00\x00\x00\x00\x00\
\x00\x00\x00\x00\x00\x00\x00\x00\x00\x00\x00\x00\x00\x00\x00\x00\
\x00\x00\x00\x00\x00\x00\x00\x00\x00\x00\x00\x00\x00\x00\x00\x00\
\x00\x00\x00\x00\x00\x00\x00\x00\x00\x00\x00\x00\x00\x00\x00\x00\
\x00\x00\x00\x00\x00\x00\x00\x00\x00\x00\x00\x00\x00\x00\x00\x00\
\x00\x00\x00\x00\x00\x00\x00\x00\x00\x00\x00\x00\x00\x00\x00\x00\
\x00\x00\x00\x00\x00\x00\x00\x00\x00\x00\x00\x00\x00\x00\x00\x00\
\x00\x00\x00\x00\x00\x00\x00\x00\x00\x00\x00\x00\x00\x00\x00\x00\
\x00\x00\x00\x00\x00\x00\x00\x00\x00\x00\x00\x00\x00\x00\x00\x00\
\x00\x00\x00\x00\x00\x00\x00\x00\x00\x00\x00\x00\x00\x00\x00\x00\
\x00\x00\x00\x00\x00\x00\x00\x00\x00\x00\x00\x00\x00\x00\x00\x00\
\x00\x00\x00\x00\x00\x00\x00\x00\x00\x00\x00\x00\x00\x00\x00\x00\
\x00\x00\x00\x00\x00\x00\x00\x00\x00\x00\x00\x00\x002\x06\x15\
\x002\x06\x15\x012\x06\x15\x012\x06\x15\x022\x06\x15\
\x032\x06\x15\x032\x06\x15\x032\x06\x15\x032\x06\x15\
\x022\x06\x15\x022\x06\x15\x012\x06\x15\x012\x06\x15\
\x012\x06\x15\x022\x06\x15\x022\x06\x15\x022\x06\x15\
\x022\x06\x15\x012\x06\x15\x012\x06\x15\x002\x06\x15\
\x00\x00\x00\x00\x00\x00\x00\x00\x00\x00\x00\x00\x00\x00\x00\x00\
\x00\x00\x00\x00\x00\x00\x00\x00\x00\x00\x00\x00\x00\x00\x00\x00\
\x00\x00\x00\x00\x00\x00\x00\x00\x00\x00\x00\x00\x00\x00\x00\x00\
\x00\x00\x00\x00\x00\x00\x00\x00\x00\x00\x00\x00\x00\x00\x00\x00\
\x00\x00\x00\x00\x00\x00\x00\x00\x00\x00\x00\x00\x00\x00\x00\x00\
\x00\x00\x00\x00\x00\x00\x00\x00\x00\x00\x00\x00\x00\x00\x00\x00\
\x00\x00\x00\x00\x00\x00\x00\x00\x00\x00\x00\x00\x00\x00\x00\x00\
\x00\x00\x00\x00\x00\x00\x00\x00\x00\x00\x00\x00\x00\x00\x00\x00\
\x00\x00\x00\x00\x00\x00\x00\x00\x00\x00\x00\x00\x00\x00\x00\x00\
\x00\x00\x00\x00\x00\x00\x00\x00\x00\x00\x00\x00\x00\x00\x00\x00\
\x00\x00\x00\x00\x00\x00\x00\x00\x00\x00\x00\x00\x00\x00\x00\x00\
\x00\x00\x00\x00\x00\x00\x00\x00\x00\x00\x00\x00\x00\x00\x00\x00\
\x00\x00\x00\x00\x00\x00\x00\x00\x00\x00\x00\x00\x00\x00\x00\x00\
\x00\x00\x00\x00\x00\x00\x00\x00\x00\x00\x00\x00\x00\x00\x00\x00\
\x00\x00\x00\x00\x00\x00\x00\x00\x00\x00\x00\x00\x00\x00\x00\x00\
\x00\x00\x00\x00\x00\x00\x00\x00\x00\x00\x00\x00\x00\x00\x00\x00\
\x00\x00\x00\x00\x00\x00\x00\x00\x00\x00\x00\x00\x00\x00\x00\x00\
\x00\x00\x00\x00\x00\x00\x00\x00\x00\x00\x00\x00\x00\x00\x00\x00\
\x00\x00\x00\x00\x00\x00\x00\x00\x002\x06\x15\x002\x06\x15\
\x012\x06\x15\x022\x06\x15\x032\x06\x15\x052\x06\x15\
\x072\x06\x15\x082\x06\x15\x082\x06\x15\x072\x06\x15\
\x062\x06\x15\x042\x06\x15\x042\x06\x15\x042\x06\x15\
\x042\x06\x15\x052\x06\x15\x052\x06\x15\x052\x06\x15\
\x052\x06\x15\x032\x06\x15\x022\x06\x15\x012\x06\x15\
\x012\x06\x15\x00\x00\x00\x00\x00\x00\x00\x00\x00\x00\x00\x00\
\x00\x00\x00\x00\x00\x00\x00\x00\x00\x00\x00\x00\x00\x00\x00\x00\
\x00\x00\x00\x00\x00\x00\x00\x00\x00\x00\x00\x00\x00\x00\x00\x00\
\x00\x00\x00\x00\x00\x00\x00\x00\x00\x00\x00\x00\x00\x00\x00\x00\
\x00\x00\x00\x00\x00\x00\x00\x00\x00\x00\x00\x00\x00\x00\x00\x00\
\x00\x00\x00\x00\x00\x00\x00\x00\x00\x00\x00\x00\x00\x00\x00\x00\
\x00\x00\x00\x00\x00\x00\x00\x00\x00\x00\x00\x00\x00\x00\x00\x00\
\x00\x00\x00\x00\x00\x00\x00\x00\x00\x00\x00\x00\x00\x00\x00\x00\
\x00\x00\x00\x00\x00\x00\x00\x00\x00\x00\x00\x00\x00\x00\x00\x00\
\x00\x00\x00\x00\x00\x00\x00\x00\x00\x00\x00\x00\x00\x00\x00\x00\
\x00\x00\x00\x00\x00\x00\x00\x00\x00\x00\x00\x00\x00\x00\x00\x00\
\x00\x00\x00\x00\x00\x00\x00\x00\x00\x00\x00\x00\x00\x00\x00\x00\
\x00\x00\x00\x00\x00\x00\x00\x00\x00\x00\x00\x00\x00\x00\x00\x00\
\x00\x00\x00\x00\x00\x00\x00\x00\x00\x00\x00\x00\x00\x00\x00\x00\
\x00\x00\x00\x00\x00\x00\x00\x00\x00\x00\x00\x00\x00\x00\x00\x00\
\x00\x00\x00\x00\x00\x00\x00\x00\x00\x00\x00\x00\x00\x00\x00\x00\
\x00\x00\x00\x00\x00\x00\x00\x00\x00\x00\x00\x00\x00\x00\x00\x00\
\x00\x00\x00\x00\x00\x00\x00\x00\x00\x00\x00\x00\x00\x00\x00\x00\
\x00\x00\x00\x00\x00\x00\x00\x00\x002\x06\x15\x002\x06\x15\
\x012\x06\x15\x032\x06\x15\x052\x06\x15\x082\x06\x15\
\x0b2\x06\x15\x0d2\x06\x15\x0e2\x06\x15\x0d2\x06\x15\
\x0b2\x06\x15\x092\x06\x15\x072\x06\x15\x072\x06\x15\
\x082\x06\x15\x092\x06\x15\x0a2\x06\x15\x0a2\x06\x15\
\x092\x06\x15\x072\x06\x15\x042\x06\x15\x032\x06\x15\
\x012\x06\x15\x00\x00\x00\x00\x00\x00\x00\x00\x00\x00\x00\x00\
\x00\x00\x00\x00\x00\x00\x00\x00\x00\x00\x00\x00\x00\x00\x00\x00\
\x00\x00\x00\x00\x00\x00\x00\x00\x00\x00\x00\x00\x00\x00\x00\x00\
\x00\x00\x00\x00\x00\x00\x00\x00\x00\x00\x00\x00\x00\x00\x00\x00\
\x00\x00\x00\x00\x00\x00\x00\x00\x00\x00\x00\x00\x00\x00\x00\x00\
\x00\x00\x00\x00\x00\x00\x00\x00\x00\x00\x00\x00\x00\x00\x00\x00\
\x00\x00\x00\x00\x00\x00\x00\x00\x00\x00\x00\x00\x00\x00\x00\x00\
\x00\x00\x00\x00\x00\x00\x00\x00\x00\x00\x00\x00\x00\x00\x00\x00\
\x00\x00\x00\x00\x00\x00\x00\x00\x00\x00\x00\x00\x00\x00\x00\x00\
\x00\x00\x00\x00\x00\x00\x00\x00\x00\x00\x00\x00\x00\x00\x00\x00\
\x00\x00\x00\x00\x00\x00\x00\x00\x00\x00\x00\x00\x00\x00\x00\x00\
\x00\x00\x00\x00\x00\x00\x00\x00\x00\x00\x00\x00\x00\x00\x00\x00\
\x00\x00\x00\x00\x00\x00\x00\x00\x00\x00\x00\x00\x00\x00\x00\x00\
\x00\x00\x00\x00\x00\x00\x00\x00\x00\x00\x00\x00\x00\x00\x00\x00\
\x00\x00\x00\x00\x00\x00\x00\x00\x00\x00\x00\x00\x00\x00\x00\x00\
\x00\x00\x00\x00\x00\x00\x00\x00\x00\x00\x00\x00\x00\x00\x00\x00\
\x00\x00\x00\x00\x00\x00\x00\x00\x00\x00\x00\x00\x00\x00\x00\x00\
\x00\x00\x00\x00\x00\x00\x00\x00\x00\x00\x00\x00\x00\x00\x00\x00\
\x00\x00\x00\x00\x00\x00\x00\x00\x002\x06\x15\x002\x06\x15\
\x022\x06\x15\x042\x06\x15\x083\x06\x15\x0d+\x04\x11\
\x11\x1a\x00\x08\x11\x1e\x00\x0a\x13*\x02\x11\x132\x06\x15\
\x122\x06\x15\x0f2\x06\x15\x0d2\x06\x15\x0c2\x06\x15\
\x0e2\x06\x15\x10,\x06\x13\x10-\x06\x13\x102\x06\x15\
\x0f2\x06\x15\x0b2\x06\x15\x072\x06\x15\x042\x06\x15\
\x022\x06\x15\x01\x00\x00\x00\x00\x00\x00\x00\x00\x00\x00\x00\
\x00\x00\x00\x00\x00\x00\x00\x00\x00\x00\x00\x00\x00\x00\x00\x00\
\x00\x00\x00\x00\x00\x00\x00\x00\x00\x00\x00\x00\x00\x00\x00\x00\
\x00\x00\x00\x00\x00\x00\x00\x00\x00\x00\x00\x00\x00\x00\x00\x00\
\x00\x00\x00\x00\x00\x00\x00\x00\x00\x00\x00\x00\x00\x00\x00\x00\
\x00\x00\x00\x00\x00\x00\x00\x00\x00\x00\x00\x00\x00\x00\x00\x00\
\x00\x00\x00\x00\x00\x00\x00\x00\x00\x00\x00\x00\x00\x00\x00\x00\
\x00\x00\x00\x00\x00\x00\x00\x00\x00\x00\x00\x00\x00\x00\x00\x00\
\x00\x00\x00\x00\x00\x00\x00\x00\x00\x00\x00\x00\x00\x00\x00\x00\
\x00\x00\x00\x00\x00\x00\x00\x00\x00\x00\x00\x00\x00\x00\x00\x00\
\x00\x00\x00\x00\x00\x00\x00\x00\x00\x00\x00\x00\x00\x00\x00\x00\
\x00\x00\x00\x00\x00\x00\x00\x00\x00\x00\x00\x00\x00\x00\x00\x00\
\x00\x00\x00\x00\x00\x00\x00\x00\x00\x00\x00\x00\x00\x00\x00\x00\
\x00\x00\x00\x00\x00\x00\x00\x00\x00\x00\x00\x00\x00\x00\x00\x00\
\x00\x00\x00\x00\x00\x00\x00\x00\x00\x00\x00\x00\x00\x00\x00\x00\
\x00\x00\x00\x00\x00\x00\x00\x00\x00\x00\x00\x00\x00\x00\x00\x00\
\x00\x00\x00\x00\x00\x00\x00\x00\x00\x00\x00\x00\x00\x00\x00\x00\
\x00\x00\x00\x00\x00\x00\x00\x00\x00\x00\x00\x00\x00\x00\x00\x00\
\x00\x00\x00\x00\x00\x00\x00\x00\x002\x06\x15\x012\x06\x15\
\x022\x06\x15\x062\x06\x15\x0b+\x01\x11\x10a'/\
(\x80<@Yy5;V`\x22-50\x05\x14\
\x1b2\x06\x15\x172\x06\x15\x142\x06\x15\x142\x06\x15\
\x161\x06\x15\x18R\x08\x220O\x08!+2\x06\x15\
\x162\x06\x15\x112\x06\x15\x0b2\x06\x15\x062\x06\x15\
\x032\x06\x15\x012\x06\x15\x00\x00\x00\x00\x00\x00\x00\x00\
\x00\x00\x00\x00\x00\x00\x00\x00\x00\x00\x00\x00\x00\x00\x00\x00\
\x00\x00\x00\x00\x00\x00\x00\x00\x00\x00\x00\x00\x00\x00\x00\x00\
\x00\x00\x00\x00\x00\x00\x00\x00\x00\x00\x00\x00\x00\x00\x00\x00\
\x00\x00\x00\x00\x00\x00\x00\x00\x00\x00\x00\x00\x00\x00\x00\x00\
\x00\x00\x00\x00\x00\x00\x00\x00\x00\x00\x00\x00\x00\x00\x00\x00\
\x00\x00\x00\x00\x00\x00\x00\x00\x00\x00\x00\x00\x00\x00\x00\x00\
\x00\x00\x00\x00\x00\x00\x00\x00\x00\x00\x00\x00\x00\x00\x00\x00\
\x00\x00\x00\x00\x00\x00\x00\x00\x00\x00\x00\x00\x00\x00\x00\x00\
\x00\x00\x00\x00\x00\x00\x00\x00\x00\x00\x00\x00\x00\x00\x00\x00\
\x00\x00\x00\x00\x00\x00\x00\x00\x00\x00\x00\x00\x00\x00\x00\x00\
\x00\x00\x00\x00\x00\x00\x00\x00\x00\x00\x00\x00\x00\x00\x00\x00\
\x00\x00\x00\x00\x00\x00\x00\x00\x00\x00\x00\x00\x00\x00\x00\x00\
\x00\x00\x00\x00\x00\x00\x00\x00\x00\x00\x00\x00\x00\x00\x00\x00\
\x00\x00\x00\x00\x00\x00\x00\x00\x00\x00\x00\x00\x00\x00\x00\x00\
\x00\x00\x00\x00\x00\x00\x00\x00\x00\x00\x00\x00\x00\x00\x00\x00\
\x00\x00\x00\x00\x00\x00\x00\x00\x00\x00\x00\x00\x00\x00\x00\x00\
\x00\x00\x00\x00\x00\x00\x00\x00\x00\x00\x00\x00\x00\x00\x00\x00\
\x00\x00\x00\x00\x00\x00\x00\x00\x002\x06\x15\x012\x06\x15\
\x032\x06\x15\x072\x06\x15\x0d\x22\x00\x0c\x12w8;\
E\x97LL\xe8\x93FI\xf8\x8b=C\xc8_!,\
>,\x02\x12\x1e2\x06\x15\x1c2\x06\x15\x1c.\x06\x14\
\x1dP\x09!8m\x0a-\xc4n\x0a-\xc8X\x08$\
A,\x06\x12\x162\x06\x15\x102\x06\x15\x0a2\x06\x15\
\x052\x06\x15\x022\x06\x15\x00\x00\x00\x00\x00\x00\x00\x00\
\x00\x00\x00\x00\x00\x00\x00\x00\x00\x00\x00\x00\x00\x00\x00\x00\
\x00\x00\x00\x00\x00\x00\x00\x00\x00\x00\x00\x00\x00\x00\x00\x00\
\x00\x00\x00\x00\x00\x00\x00\x00\x00\x00\x00\x00\x00\x00\x00\x00\
\x00\x00\x00\x00\x00\x00\x00\x00\x00\x00\x00\x00\x00\x00\x00\x00\
\x00\x00\x00\x00\x00\x00\x00\x00\x00\x00\x00\x00\x00\x00\x00\x00\
\x00\x00\x00\x00\x00\x00\x00\x00\x00\x00\x00\x00\x00\x00\x00\x00\
\x00\x00\x00\x00\x00\x00\x00\x00\x00\x00\x00\x00\x00\x00\x00\x00\
\x00\x00\x00\x00\x00\x00\x00\x00\x00\x00\x00\x00\x00\x00\x00\x00\
\x00\x00\x00\x00\x00\x00\x00\x00\x00\x00\x00\x00\x00\x00\x00\x00\
\x00\x00\x00\x00\x00\x00\x00\x00\x00\x00\x00\x00\x00\x00\x00\x00\
\x00\x00\x00\x00\x00\x00\x00\x00\x00\x00\x00\x00\x00\x00\x00\x00\
\x00\x00\x00\x00\x00\x00\x00\x00\x00\x00\x00\x00\x00\x00\x00\x00\
\x00\x00\x00\x00\x00\x00\x00\x00\x00\x00\x00\x00\x00\x00\x00\x00\
\x00\x00\x00\x00\x00\x00\x00\x00\x00\x00\x00\x00\x00\x00\x00\x00\
\x00\x00\x00\x00\x00\x00\x00\x00\x00\x00\x00\x00\x00\x00\x00\x00\
\x00\x00\x00\x00\x00\x00\x00\x00\x00\x00\x00\x00\x00\x00\x00\x00\
\x00\x00\x00\x00\x00\x00\x00\x00\x00\x00\x00\x00\x00\x00\x00\x00\
\x00\x00\x00\x00\x00\x00\x00\x00\x002\x06\x15\x012\x06\x15\
\x032\x06\x15\x082\x06\x15\x0e/\x04\x13\x16L\x19#\
*\x93JJ\xbd\x95IK\xff\x90AF\xff\x805=\
\x984\x07\x16)1\x06\x15%2\x06\x15$-\x05\x13\
$g\x0f+\x7fq\x0c/\xfdp\x0a.\xfcb\x09(\
m'\x05\x11\x1a2\x06\x15\x152\x06\x15\x0d2\x06\x15\
\x062\x06\x15\x032\x06\x15\x012\x06\x15\x00\x00\x00\x00\
\x00\x00\x00\x00\x00\x00\x00\x00\x00\x00\x00\x00\x00\x00\x00\x00\
\x00\x00\x00\x00\x002\x06\x15\x002\x06\x15\x002\x06\x15\
\x002\x06\x15\x002\x06\x15\x00\x00\x00\x00\x002\x06\x15\
\x002\x06\x15\x002\x06\x15\x002\x06\x15\x002\x06\x15\
\x002\x06\x15\x002\x06\x15\x002\x06\x15\x00\x00\x00\x00\
\x00\x00\x00\x00\x00\x00\x00\x00\x00\x00\x00\x00\x00\x00\x00\x00\
\x00\x00\x00\x00\x00\x00\x00\x00\x00\x00\x00\x00\x00\x00\x00\x00\
\x00\x00\x00\x00\x00\x00\x00\x00\x00\x00\x00\x00\x00\x00\x00\x00\
\x00\x00\x00\x00\x00\x00\x00\x00\x00\x00\x00\x00\x00\x00\x00\x00\
\x00\x00\x00\x00\x00\x00\x00\x00\x00\x00\x00\x00\x00\x00\x00\x00\
\x00\x00\x00\x00\x00\x00\x00\x00\x00\x00\x00\x00\x00\x00\x00\x00\
\x00\x00\x00\x00\x00\x00\x00\x00\x00\x00\x00\x00\x00\x00\x00\x00\
\x00\x00\x00\x00\x00\x00\x00\x00\x00\x00\x00\x00\x00\x00\x00\x00\
\x00\x00\x00\x00\x00\x00\x00\x00\x00\x00\x00\x00\x00\x00\x00\x00\
\x00\x00\x00\x00\x00\x00\x00\x00\x00\x00\x00\x00\x00\x00\x00\x00\
\x00\x00\x00\x00\x00\x00\x00\x00\x00\x00\x00\x00\x00\x00\x00\x00\
\x00\x00\x00\x00\x00\x00\x00\x00\x00\x00\x00\x00\x00\x00\x00\x00\
\x00\x00\x00\x00\x00\x00\x00\x00\x002\x06\x15\x012\x06\x15\
\x032\x06\x15\x082\x06\x15\x0f2\x06\x15\x18'\x00\x0f\
 \x88CD\x86\x97LL\xff\x92DH\xff\x8b<C\
\xe9f$/Z,\x03\x12+1\x06\x15,;\x09\x19\
4o\x14/\xbcr\x0f/\xffp\x0a.\xffd\x09)\
~(\x05\x11\x1f2\x06\x15\x192\x06\x15\x102\x06\x15\
\x092\x06\x15\x042\x06\x15\x022\x06\x15\x012\x06\x15\
\x012\x06\x15\x012\x06\x15\x012\x06\x15\x012\x06\x15\
\x012\x06\x15\x012\x06\x15\x012\x06\x15\x012\x06\x15\
\x012\x06\x15\x012\x06\x15\x012\x06\x15\x012\x06\x15\
\x012\x06\x15\x012\x06\x15\x012\x06\x15\x012\x06\x15\
\x012\x06\x15\x012\x06\x15\x012\x06\x15\x012\x06\x15\
\x012\x06\x15\x002\x06\x15\x00\x00\x00\x00\x00\x00\x00\x00\
\x00\x00\x00\x00\x00\x00\x00\x00\x00\x00\x00\x00\x00\x00\x00\x00\
\x00\x00\x00\x00\x00\x00\x00\x00\x00\x00\x00\x00\x00\x00\x00\x00\
\x00\x00\x00\x00\x00\x00\x00\x00\x00\x00\x00\x00\x00\x00\x00\x00\
\x00\x00\x00\x00\x00\x00\x00\x00\x00\x00\x00\x00\x00\x00\x00\x00\
\x00\x00\x00\x00\x00\x00\x00\x00\x00\x00\x00\x00\x00\x00\x00\x00\
\x00\x00\x00\x00\x00\x00\x00\x00\x00\x00\x00\x00\x00\x00\x00\x00\
\x00\x00\x00\x00\x00\x00\x00\x00\x00\x00\x00\x00\x00\x00\x00\x00\
\x00\x00\x00\x00\x00\x00\x00\x00\x00\x00\x00\x00\x00\x00\x00\x00\
\x00\x00\x00\x00\x00\x00\x00\x00\x00\x00\x00\x00\x00\x00\x00\x00\
\x00\x00\x00\x00\x00\x00\x00\x00\x00\x00\x00\x00\x00\x00\x00\x00\
\x00\x00\x00\x00\x00\x00\x00\x00\x00\x00\x00\x00\x00\x00\x00\x00\
\x00\x00\x00\x00\x00\x00\x00\x00\x002\x06\x15\x012\x06\x15\
\x032\x06\x15\x082\x06\x15\x102\x06\x15\x1a&\x00\x0e\
\x22\x89EF\x8a\x99ON\xff\x93GI\xff\x8f?E\
\xff\x814=\xb4<\x0c\x1a:.\x05\x131L\x0f!\
Kt\x182\xe1s\x120\xffp\x0b.\xffj\x0a,\
\xb4@\x07\x1b10\x06\x14\x1c2\x06\x15\x132\x06\x15\
\x0b2\x06\x15\x062\x06\x15\x032\x06\x15\x032\x06\x15\
\x032\x06\x15\x032\x06\x15\x032\x06\x15\x032\x06\x15\
\x032\x06\x15\x042\x06\x15\x042\x06\x15\x042\x06\x15\
\x042\x06\x15\x042\x06\x15\x042\x06\x15\x042\x06\x15\
\x042\x06\x15\x042\x06\x15\x042\x06\x15\x042\x06\x15\
\x052\x06\x15\x042\x06\x15\x042\x06\x15\x032\x06\x15\
\x022\x06\x15\x012\x06\x15\x012\x06\x15\x00\x00\x00\x00\
\x00\x00\x00\x00\x00\x00\x00\x00\x00\x00\x00\x00\x00\x00\x00\x00\
\x00\x00\x00\x00\x00\x00\x00\x00\x00\x00\x00\x00\x00\x00\x00\x00\
\x00\x00\x00\x00\x00\x00\x00\x00\x00\x00\x00\x00\x00\x00\x00\x00\
\x00\x00\x00\x00\x00\x00\x00\x00\x00\x00\x00\x00\x00\x00\x00\x00\
\x00\x00\x00\x00\x00\x00\x00\x00\x00\x00\x00\x00\x00\x00\x00\x00\
\x00\x00\x00\x00\x00\x00\x00\x00\x00\x00\x00\x00\x00\x00\x00\x00\
\x00\x00\x00\x00\x00\x00\x00\x00\x00\x00\x00\x00\x00\x00\x00\x00\
\x00\x00\x00\x00\x00\x00\x00\x00\x00\x00\x00\x00\x00\x00\x00\x00\
\x00\x00\x00\x00\x00\x00\x00\x00\x00\x00\x00\x00\x00\x00\x00\x00\
\x00\x00\x00\x00\x00\x00\x00\x00\x00\x00\x00\x00\x00\x00\x00\x00\
\x00\x00\x00\x00\x00\x00\x00\x00\x00\x00\x00\x00\x00\x00\x00\x00\
\x00\x00\x00\x00\x002\x06\x15\x002\x06\x15\x012\x06\x15\
\x042\x06\x15\x092\x06\x15\x111\x05\x14\x1a4\x08\x17\
'\x92NL\xa8\x9bQO\xff\x95JK\xff\x90BG\
\xff\x8a:B\xf4k&1t(\x01\x104Z\x15'\
ew\x1b3\xf2t\x141\xffq\x0d/\xffp\x0a.\
\xfag\x0a+\x94:\x07\x18%1\x06\x15\x162\x06\x15\
\x0e2\x06\x15\x082\x06\x15\x062\x06\x15\x052\x06\x15\
\x062\x06\x15\x072\x06\x15\x072\x06\x15\x072\x06\x15\
\x072\x06\x15\x082\x06\x15\x082\x06\x15\x082\x06\x15\
\x092\x06\x15\x082\x06\x15\x082\x06\x15\x082\x06\x15\
\x082\x06\x15\x092\x06\x15\x092\x06\x15\x0a2\x06\x15\
\x0a2\x06\x15\x0a2\x06\x15\x082\x06\x15\x072\x06\x15\
\x052\x06\x15\x032\x06\x15\x022\x06\x15\x012\x06\x15\
\x00\x00\x00\x00\x00\x00\x00\x00\x00\x00\x00\x00\x00\x00\x00\x00\
\x00\x00\x00\x00\x00\x00\x00\x00\x00\x00\x00\x00\x00\x00\x00\x00\
\x00\x00\x00\x00\x00\x00\x00\x00\x00\x00\x00\x00\x00\x00\x00\x00\
\x00\x00\x00\x00\x00\x00\x00\x00\x00\x00\x00\x00\x00\x00\x00\x00\
\x00\x00\x00\x00\x00\x00\x00\x00\x00\x00\x00\x00\x00\x00\x00\x00\
\x00\x00\x00\x00\x00\x00\x00\x00\x00\x00\x00\x00\x00\x00\x00\x00\
\x00\x00\x00\x00\x00\x00\x00\x00\x00\x00\x00\x00\x00\x00\x00\x00\
\x00\x00\x00\x00\x00\x00\x00\x00\x00\x00\x00\x00\x00\x00\x00\x00\
\x00\x00\x00\x00\x00\x00\x00\x00\x00\x00\x00\x00\x00\x00\x00\x00\
\x00\x00\x00\x00\x00\x00\x00\x00\x00\x00\x00\x00\x00\x00\x00\x00\
\x00\x00\x00\x00\x00\x00\x00\x00\x00\x00\x00\x00\x00\x00\x00\x00\
\x00\x00\x00\x00\x002\x06\x15\x002\x06\x15\x012\x06\x15\
\x042\x06\x15\x0a2\x06\x15\x12.\x03\x13\x1bP\x1e'\
2\x9bVQ\xcd\x9dTQ\xff\x97LL\xff\x92EH\
\xff\x8d=D\xff\x823=\xcbB\x0f\x1dGc\x19+\
zy\x1f5\xfbv\x172\xffr\x0f0\xffp\x0b.\
\xffn\x0a-\xddN\x08 :.\x06\x13\x182\x06\x15\
\x102\x06\x15\x0b2\x06\x15\x092\x06\x15\x092\x06\x15\
\x0b2\x06\x15\x0c2\x06\x15\x0d2\x06\x15\x0e2\x06\x15\
\x0e2\x06\x15\x0e2\x06\x15\x0f2\x06\x15\x102\x06\x15\
\x102\x06\x15\x102\x06\x15\x0f2\x06\x15\x0e2\x06\x15\
\x0e2\x06\x15\x102\x06\x15\x112\x06\x15\x122\x06\x15\
\x122\x06\x15\x112\x06\x15\x0f2\x06\x15\x0c2\x06\x15\
\x082\x06\x15\x052\x06\x15\x032\x06\x15\x012\x06\x15\
\x00\x00\x00\x00\x00\x00\x00\x00\x00\x00\x00\x00\x00\x00\x00\x00\
\x00\x00\x00\x00\x00\x00\x00\x00\x00\x00\x00\x00\x00\x00\x00\x00\
\x00\x00\x00\x00\x00\x00\x00\x00\x00\x00\x00\x00\x00\x00\x00\x00\
\x00\x00\x00\x00\x00\x00\x00\x00\x00\x00\x00\x00\x00\x00\x00\x00\
\x00\x00\x00\x00\x00\x00\x00\x00\x00\x00\x00\x00\x00\x00\x00\x00\
\x00\x00\x00\x00\x00\x00\x00\x00\x00\x00\x00\x00\x00\x00\x00\x00\
\x00\x00\x00\x00\x00\x00\x00\x00\x00\x00\x00\x00\x00\x00\x00\x00\
\x00\x00\x00\x00\x00\x00\x00\x00\x00\x00\x00\x00\x00\x00\x00\x00\
\x00\x00\x00\x00\x00\x00\x00\x00\x00\x00\x00\x00\x00\x00\x00\x00\
\x00\x00\x00\x00\x00\x00\x00\x00\x00\x00\x00\x00\x00\x00\x00\x00\
\x00\x00\x00\x00\x00\x00\x00\x00\x00\x00\x00\x00\x00\x00\x00\x00\
\x00\x00\x00\x00\x002\x06\x15\x002\x06\x15\x022\x06\x15\
\x052\x06\x15\x0b2\x06\x15\x14'\x00\x0f\x1ct:<\
N\xa1\x5cU\xea\x9fVS\xff\x99ON\xff\x94GJ\
\xff\x8f@F\xff\x898A\xfbo'3\x89h\x1d.\
\x89|\x226\xffw\x1a3\xffs\x120\xffq\x0c/\
\xffn\x0a-\xe0N\x08 =.\x06\x13\x1a2\x06\x15\
\x132\x06\x15\x0e2\x06\x15\x0c3\x06\x15\x0e'\x04\x0e\
\x10\x0b\x00\x00\x10\x19\x01\x05\x131\x06\x14\x162\x06\x15\
\x162\x06\x15\x17$\x02\x0b\x17\x16\x00\x00\x16\x17\x00\x00\
\x16\x1d\x01\x04\x160\x05\x13\x172\x06\x15\x172\x06\x15\
\x17(\x02\x0d\x17\x1b\x00\x03\x17\x1d\x00\x05\x19\x1d\x00\x05\
\x19\x1c\x00\x04\x18\x1b\x00\x04\x14-\x04\x11\x122\x06\x15\
\x0d2\x06\x15\x082\x06\x15\x052\x06\x15\x022\x06\x15\
\x01\x00\x00\x00\x00\x00\x00\x00\x00\x00\x00\x00\x00\x00\x00\x00\
\x00\x00\x00\x00\x00\x00\x00\x00\x00\x00\x00\x00\x00\x00\x00\x00\
\x00\x00\x00\x00\x00\x00\x00\x00\x00\x00\x00\x00\x00\x00\x00\x00\
\x00\x00\x00\x00\x00\x00\x00\x00\x00\x00\x00\x00\x00\x00\x00\x00\
\x00\x00\x00\x00\x00\x00\x00\x00\x00\x00\x00\x00\x00\x00\x00\x00\
\x00\x00\x00\x00\x00\x00\x00\x00\x00\x00\x00\x00\x00\x00\x00\x00\
\x00\x00\x00\x00\x00\x00\x00\x00\x00\x00\x00\x00\x00\x00\x00\x00\
\x00\x00\x00\x00\x00\x00\x00\x00\x00\x00\x00\x00\x00\x00\x00\x00\
\x00\x00\x00\x00\x00\x00\x00\x00\x00\x00\x00\x00\x00\x00\x00\x00\
\x00\x00\x00\x00\x00\x00\x00\x00\x00\x00\x00\x00\x00\x00\x00\x00\
\x00\x00\x00\x00\x00\x00\x00\x00\x00\x00\x00\x00\x00\x00\x00\x00\
\x00\x00\x00\x00\x002\x06\x15\x012\x06\x15\x032\x06\x15\
\x072\x06\x15\x0d2\x06\x15\x16$\x00\x0d\x1e\x8fQM\
z\xa5aX\xfd\xa0YT\xff\x9bRO\xff\x96JK\
\xff\x91CG\xff\x8b;B\xfaq)4\x8dm 0\
\x92}%7\xffy\x1d4\xffu\x151\xffq\x0e/\
\xffn\x0a-\xe0N\x08 >.\x06\x13\x1b2\x06\x15\
\x142\x06\x15\x102\x06\x15\x10)\x00\x0d\x12\x84aX\
&\xc2\xa6\x8bQ\xaf\x90|G@\x15 !1\x05\x14\
 /\x03\x12 \x8cg^=\xaf\x8czZ\xad\x88x\
Z\x9fymND\x1a$%0\x04\x14 .\x02\x12\
 ~SQ;\x9ftj[\x9cpg\x5c\x9bme\
\x5c\x9bme[\x9akdRa49$,\x01\x11\
\x122\x06\x15\x0c2\x06\x15\x062\x06\x15\x032\x06\x15\
\x01\x00\x00\x00\x00\x00\x00\x00\x00\x00\x00\x00\x00\x00\x00\x00\
\x00\x00\x00\x00\x00\x00\x00\x00\x00\x00\x00\x00\x00\x00\x00\x00\
\x00\x00\x00\x00\x00\x00\x00\x00\x00\x00\x00\x00\x00\x00\x00\x00\
\x00\x00\x00\x00\x00\x00\x00\x00\x00\x00\x00\x00\x00\x00\x00\x00\
\x00\x00\x00\x00\x00\x00\x00\x00\x00\x00\x00\x00\x00\x00\x00\x00\
\x00\x00\x00\x00\x00\x00\x00\x00\x00\x00\x00\x00\x00\x00\x00\x00\
\x00\x00\x00\x00\x00\x00\x00\x00\x00\x00\x00\x00\x00\x00\x00\x00\
\x00\x00\x00\x00\x00\x00\x00\x00\x00\x00\x00\x00\x00\x00\x00\x00\
\x00\x00\x00\x00\x00\x00\x00\x00\x00\x00\x00\x00\x00\x00\x00\x00\
\x00\x00\x00\x00\x00\x00\x00\x00\x00\x00\x00\x00\x00\x00\x00\x00\
\x00\x00\x00\x00\x00\x00\x00\x00\x00\x00\x00\x00\x00\x00\x00\x00\
\x002\x06\x15\x002\x06\x15\x012\x06\x15\x032\x06\x15\
\x082\x06\x15\x0f1\x05\x14\x19:\x0d\x1a&\xa0`W\
\xae\xa8d[\xff\xa2\x5cV\xff\x9dTQ\xff\x98MM\
\xff\x93EH\xff\x828?\xb7=\x0d\x1bEo#2\
\x94\x7f(9\xffz 5\xffv\x183\xffr\x100\
\xffn\x0b.\xe0N\x08 ?.\x06\x13\x1c2\x06\x15\
\x162\x06\x15\x122\x06\x15\x13\x13\x00\x00\x15\xbf\xa3\x89\
S\xee\xd7\xb0\xea\xe2\xc9\xa6\xbeV.30/\x02\x12\
(8\x0d\x1a+\xcf\xaf\x95\xa6\xdf\xbf\xa1\xf6\xdc\xba\x9e\
\xf5\xd5\xb2\x98\xdb\x81YTF)\x00\x0e('\x00\x0c\
'\xb1\x87y\x85\xcb\xa0\x8c\xf4\xc9\x9c\x8a\xf4\xc7\x99\x87\
\xf4\xc5\x95\x85\xf5\xc1\x91\x82\xe2\x8e_[F \x00\x07\
\x142\x06\x15\x0e2\x06\x15\x082\x06\x15\x042\x06\x15\
\x01\x00\x00\x00\x00\x00\x00\x00\x00\x00\x00\x00\x00\x00\x00\x00\
\x00\x00\x00\x00\x00\x00\x00\x00\x00\x00\x00\x00\x00\x00\x00\x00\
\x00\x00\x00\x00\x00\x00\x00\x00\x00\x00\x00\x00\x00\x00\x00\x00\
\x00\x00\x00\x00\x00\x00\x00\x00\x00\x00\x00\x00\x00\x00\x00\x00\
\x00\x00\x00\x00\x00\x00\x00\x00\x00\x00\x00\x00\x00\x00\x00\x00\
\x00\x00\x00\x00\x00\x00\x00\x00\x00\x00\x00\x00\x00\x00\x00\x00\
\x00\x00\x00\x00\x00\x00\x00\x00\x00\x00\x00\x00\x00\x00\x00\x00\
\x00\x00\x00\x00\x00\x00\x00\x00\x00\x00\x00\x00\x00\x00\x00\x00\
\x00\x00\x00\x00\x00\x00\x00\x00\x00\x00\x00\x00\x00\x00\x00\x00\
\x00\x00\x00\x00\x00\x00\x00\x00\x00\x00\x00\x00\x00\x00\x00\x00\
\x00\x00\x00\x00\x00\x00\x00\x00\x00\x00\x00\x00\x00\x00\x00\x00\
\x002\x06\x15\x002\x06\x15\x012\x06\x15\x042\x06\x15\
\x0a2\x06\x15\x12*\x00\x10\x1bg35;\xaaj^\
\xda\xaag\x5c\xff\xa4_W\xff\x9fWS\xff\x9aPO\
\xff\x91FI\xe5[ +\x5c'\x00\x108o$2\
\x8e\x81*:\xff|#7\xffx\x1b3\xfft\x131\
\xffo\x0c.\xe4P\x08!D.\x06\x13\x1d2\x06\x15\
\x172\x06\x15\x142\x06\x15\x16\x16\x00\x00\x18\xbc\xa0\x87\
Y\xef\xd8\xb1\xf6\xe3\xca\xa7\xc9S+07*\x00\x0e\
/nGFD\xdb\xbc\x9f\xd9\xe1\xc1\xa3\xff\xde\xbc\x9f\
\xff\xd9\xb7\x9b\xf9\xa7\x81st$\x00\x0a.(\x00\x0d\
/\xb0\x86w\x8e\xcd\xa2\x8e\xff\xcb\x9e\x8b\xff\xc8\x9a\x89\
\xff\xc6\x97\x87\xff\xc2\x92\x83\xed\x8c]YK!\x00\x08\
\x182\x06\x15\x112\x06\x15\x092\x06\x15\x042\x06\x15\
\x012\x06\x15\x00\x00\x00\x00\x00\x00\x00\x00\x00\x00\x00\x00\
\x00\x00\x00\x00\x00\x00\x00\x00\x00\x00\x00\x00\x00\x00\x00\x00\
\x00\x00\x00\x00\x00\x00\x00\x00\x00\x00\x00\x00\x00\x00\x00\x00\
\x00\x00\x00\x00\x00\x00\x00\x00\x00\x00\x00\x00\x00\x00\x00\x00\
\x00\x00\x00\x00\x00\x00\x00\x00\x00\x00\x00\x00\x00\x00\x00\x00\
\x00\x00\x00\x00\x00\x00\x00\x00\x00\x00\x00\x00\x00\x00\x00\x00\
\x00\x00\x00\x00\x00\x00\x00\x00\x00\x00\x00\x00\x00\x00\x00\x00\
\x00\x00\x00\x00\x00\x00\x00\x00\x00\x00\x00\x00\x00\x00\x00\x00\
\x00\x00\x00\x00\x00\x00\x00\x00\x00\x00\x00\x00\x00\x00\x00\x00\
\x00\x00\x00\x00\x00\x00\x00\x00\x00\x00\x00\x00\x00\x00\x00\x00\
\x00\x00\x00\x00\x00\x00\x00\x00\x00\x00\x00\x00\x00\x00\x00\x00\
\x002\x06\x15\x002\x06\x15\x022\x06\x15\x062\x06\x15\
\x0c2\x06\x15\x15\x22\x00\x0b\x1c\x8cSMa\xafoa\
\xf5\xabi^\xff\xa6bY\xff\xa1ZU\xff\x9cSP\
\xff\x90GI\xd2G\x14 H)\x01\x117k$1\
\x7f\x82-;\xfc~%8\xffy\x1e5\xffu\x162\
\xffp\x0f/\xeaU\x08#M,\x06\x13\x1d2\x06\x15\
\x182\x06\x15\x152\x06\x15\x18\x19\x00\x00\x1b\xb8\x9c\x84\
\x5c\xef\xd8\xb1\xf6\xe1\xc9\xa5\xcaP'.=$\x00\x0a\
3\xa1~ol\xe1\xc3\xa3\xf6\xe0\xc1\xa2\xff\xdd\xbc\x9f\
\xff\xdb\xb8\x9d\xff\xc0\x9a\x86\xa6/\x03\x136)\x00\x0e\
5\xad\x83u\x91\xcd\xa2\x8e\xff\xcb\x9e\x8b\xff\xc8\x9b\x89\
\xff\xc6\x97\x87\xff\xc2\x92\x83\xed\x89ZWN#\x00\x09\
\x1a2\x06\x15\x122\x06\x15\x0a2\x06\x15\x042\x06\x15\
\x012\x06\x15\x00\x00\x00\x00\x00\x00\x00\x00\x00\x00\x00\x00\
\x00\x00\x00\x00\x00\x00\x00\x00\x00\x00\x00\x00\x00\x00\x00\x00\
\x00\x00\x00\x00\x00\x00\x00\x00\x00\x00\x00\x00\x00\x00\x00\x00\
\x00\x00\x00\x00\x00\x00\x00\x00\x00\x00\x00\x00\x00\x00\x00\x00\
\x00\x00\x00\x00\x00\x00\x00\x00\x00\x00\x00\x00\x00\x00\x00\x00\
\x00\x00\x00\x00\x00\x00\x00\x00\x00\x00\x00\x00\x00\x00\x00\x00\
\x00\x00\x00\x00\x00\x00\x00\x00\x00\x00\x00\x00\x00\x00\x00\x00\
\x00\x00\x00\x00\x00\x00\x00\x00\x00\x00\x00\x00\x00\x00\x00\x00\
\x00\x00\x00\x00\x00\x00\x00\x00\x00\x00\x00\x00\x00\x00\x00\x00\
\x00\x00\x00\x00\x00\x00\x00\x00\x00\x00\x00\x00\x00\x00\x00\x00\
\x00\x00\x00\x00\x00\x00\x00\x00\x00\x00\x00\x00\x00\x00\x00\x00\
\x002\x06\x15\x012\x06\x15\x032\x06\x15\x072\x06\x15\
\x0e2\x06\x15\x17)\x00\x0f \xa2h[\x90\xb2sd\
\xff\xadl_\xff\xa8d[\xff\xa3]V\xff\x9eUR\
\xff\x92IJ\xccD\x13\x1fC+\x02\x116c!.\
j\x83/<\xf4\x80(9\xff{ 6\xffw\x193\
\xffr\x110\xf0Y\x0a%U+\x05\x12\x1d2\x06\x15\
\x192\x06\x15\x162\x06\x15\x19\x1b\x00\x02\x1c\xb6\x9a\x82\
]\xef\xd8\xb1\xf6\xe1\xc8\xa5\xcbN%,A*\x00\x0e\
9\xc3\xa3\x8b\x9d\xe3\xc6\xa5\xff\xe0\xc1\xa2\xff\xdd\xbc\x9f\
\xff\xdb\xb8\x9d\xff\xce\xa9\x91\xd3V+2G'\x00\x0c\
8\xac\x81t\x94\xcd\xa2\x8e\xff\xcb\x9e\x8b\xff\xc8\x9b\x89\
\xff\xc7\x97\x87\xff\xc2\x92\x83\xed\x87YVO#\x00\x0a\
\x1b2\x06\x15\x132\x06\x15\x0b2\x06\x15\x052\x06\x15\
\x012\x06\x15\x00\x00\x00\x00\x00\x00\x00\x00\x00\x00\x00\x00\
\x00\x00\x00\x00\x00\x00\x00\x00\x00\x00\x00\x00\x00\x00\x00\x00\
\x00\x00\x00\x00\x00\x00\x00\x00\x00\x00\x00\x00\x00\x00\x00\x00\
\x00\x00\x00\x00\x00\x00\x00\x00\x00\x00\x00\x00\x00\x00\x00\x00\
\x00\x00\x00\x00\x00\x00\x00\x00\x00\x00\x00\x00\x00\x00\x00\x00\
\x00\x00\x00\x00\x00\x00\x00\x00\x00\x00\x00\x00\x00\x00\x00\x00\
\x00\x00\x00\x00\x00\x00\x00\x00\x00\x00\x00\x00\x00\x00\x00\x00\
\x00\x00\x00\x00\x00\x00\x00\x00\x00\x00\x00\x00\x00\x00\x00\x00\
\x00\x00\x00\x00\x00\x00\x00\x00\x00\x00\x00\x00\x00\x00\x00\x00\
\x00\x00\x00\x00\x00\x00\x00\x00\x00\x00\x00\x00\x00\x00\x00\x00\
\x00\x00\x00\x00\x00\x00\x00\x00\x00\x00\x00\x00\x002\x06\x15\
\x002\x06\x15\x012\x06\x15\x032\x06\x15\x082\x06\x15\
\x0f0\x04\x14\x19G\x19#*\xaftd\xbe\xb4vf\
\xff\xafna\xff\xaag\x5c\xff\xa5`X\xff\xa0XS\
\xff\x92KK\xc2>\x0e\x1b=-\x03\x134W\x1b(\
T\x831=\xea\x81+;\xff|#7\xffx\x1c4\
\xffs\x141\xf6]\x0d']*\x05\x12\x1d2\x06\x15\
\x192\x06\x15\x172\x06\x15\x19\x1b\x00\x02\x1d\xb5\x99\x81\
^\xef\xd9\xb1\xf6\xe1\xc7\xa4\xcbK\x22*CN$,\
E\xd7\xb9\x9c\xcc\xe4\xc6\xa6\xff\xe0\xc1\xa2\xff\xdd\xbd\x9f\
\xff\xdb\xb8\x9d\xff\xd5\xb0\x97\xf1\x87^Yf!\x00\x08\
9\xab\x80t\x95\xce\xa2\x8e\xff\xcb\x9e\x8c\xff\xc8\x9b\x89\
\xff\xc7\x97\x87\xff\xc2\x92\x83\xee\x87XVP#\x00\x0a\
\x1b2\x06\x15\x132\x06\x15\x0b2\x06\x15\x052\x06\x15\
\x012\x06\x15\x00\x00\x00\x00\x00\x00\x00\x00\x00\x00\x00\x00\
\x00\x00\x00\x00\x00\x00\x00\x00\x00\x00\x00\x00\x00\x00\x00\x00\
\x00\x00\x00\x00\x00\x00\x00\x00\x00\x00\x00\x00\x00\x00\x00\x00\
\x00\x00\x00\x00\x00\x00\x00\x00\x00\x00\x00\x00\x00\x00\x00\x00\
\x00\x00\x00\x00\x00\x00\x00\x00\x00\x00\x00\x00\x00\x00\x00\x00\
\x00\x00\x00\x00\x00\x00\x00\x00\x00\x00\x00\x00\x00\x00\x00\x00\
\x00\x00\x00\x00\x00\x00\x00\x00\x00\x00\x00\x00\x00\x00\x00\x00\
\x00\x00\x00\x00\x00\x00\x00\x00\x00\x00\x00\x00\x00\x00\x00\x00\
\x00\x00\x00\x00\x00\x00\x00\x00\x00\x00\x00\x00\x00\x00\x00\x00\
\x00\x00\x00\x00\x00\x00\x00\x00\x00\x00\x00\x00\x00\x00\x00\x00\
\x00\x00\x00\x00\x00\x00\x00\x00\x00\x00\x00\x00\x00\x00\x00\x00\
\x002\x06\x15\x012\x06\x15\x042\x06\x15\x092\x06\x15\
\x11)\x00\x0f\x1aq?=>\xb6{i\xde\xb6yh\
\xff\xb1qc\xff\xacj^\xff\xa7bZ\xff\xa2[U\
\xff\x90KJ\xae0\x05\x145/\x04\x143L\x15\x22\
G\x832=\xdb\x83.<\xff~&8\xffz\x1f5\
\xffu\x172\xfba\x0f)g)\x04\x11\x1e2\x06\x15\
\x1a2\x06\x15\x172\x06\x15\x19\x1b\x00\x02\x1d\xb5\x98\x81\
^\xef\xd9\xb1\xf6\xe0\xc8\xa4\xccF\x1c%C\x87c[\
a\xe2\xc5\xa5\xed\xe4\xc6\xa6\xff\xe1\xc1\xa3\xff\xde\xbc\xa0\
\xff\xdb\xb8\x9d\xff\xd8\xb4\x9a\xfe\xac\x85v\x8f \x00\x07\
:\xaa\x80s\x95\xce\xa3\x8f\xff\xcb\x9f\x8c\xff\xc8\x9b\x89\
\xff\xc7\x98\x87\xff\xc2\x92\x83\xee\x87XVO#\x00\x0a\
\x1b2\x06\x15\x132\x06\x15\x0b2\x06\x15\x052\x06\x15\
\x012\x06\x15\x00\x00\x00\x00\x00\x00\x00\x00\x00\x00\x00\x00\
\x00\x00\x00\x00\x00\x00\x00\x00\x00\x00\x00\x00\x00\x00\x00\x00\
\x00\x00\x00\x00\x00\x00\x00\x00\x00\x00\x00\x00\x00\x00\x00\x00\
\x00\x00\x00\x00\x00\x00\x00\x00\x00\x00\x00\x00\x00\x00\x00\x00\
\x00\x00\x00\x00\x00\x00\x00\x00\x00\x00\x00\x00\x00\x00\x00\x00\
\x00\x00\x00\x00\x00\x00\x00\x00\x00\x00\x00\x00\x00\x00\x00\x00\
\x00\x00\x00\x00\x00\x00\x00\x00\x00\x00\x00\x00\x00\x00\x00\x00\
\x00\x00\x00\x00\x00\x00\x00\x00\x00\x00\x00\x00\x00\x00\x00\x00\
\x00\x00\x00\x00\x00\x00\x00\x00\x00\x00\x00\x00\x00\x00\x00\x00\
\x00\x00\x00\x00\x00\x00\x00\x00\x00\x00\x00\x00\x00\x00\x00\x00\
\x00\x00\x00\x00\x00\x00\x00\x00\x00\x00\x00\x00\x002\x06\x15\
\x002\x06\x15\x012\x06\x15\x052\x06\x15\x0a2\x06\x15\
\x13\x22\x00\x0b\x1b\x8cXOU\xba\x81l\xf2\xb7{i\
\xff\xb2td\xff\xaem`\xff\xa9e[\xff\xa3^W\
\xff\x8bIH\x95+\x01\x1100\x05\x141C\x10\x1e\
=\x823=\xc9\x851=\xff\x80):\xff{!6\
\xffw\x1a3\xfde\x11*r*\x04\x11\x1f2\x06\x15\
\x1a2\x06\x15\x182\x06\x15\x1a\x1c\x00\x03\x1e\xb5\x98\x80\
^\xf0\xd9\xb1\xf6\xe0\xc7\xa4\xccD\x1a$C\xb6\x96\x81\
\x8c\xe6\xca\xa8\xfe\xe4\xc6\xa6\xff\xe1\xc1\xa3\xff\xde\xbd\xa0\
\xff\xdb\xb8\x9d\xff\xd9\xb4\x9b\xff\xc3\x9c\x88\xbd7\x0b\x19\
B\xaa\x7fs\x96\xce\xa3\x8f\xff\xcb\x9f\x8c\xff\xc8\x9b\x89\
\xff\xc7\x98\x87\xff\xc2\x92\x83\xee\x87XVO#\x00\x0a\
\x1b2\x06\x15\x132\x06\x15\x0b2\x06\x15\x052\x06\x15\
\x012\x06\x15\x00\x00\x00\x00\x00\x00\x00\x00\x00\x00\x00\x00\
\x00\x00\x00\x00\x00\x00\x00\x00\x00\x00\x00\x00\x00\x00\x00\x00\
\x00\x00\x00\x00\x00\x00\x00\x00\x00\x00\x00\x00\x00\x00\x00\x00\
\x00\x00\x00\x00\x00\x00\x00\x00\x00\x00\x00\x00\x00\x00\x00\x00\
\x00\x00\x00\x00\x00\x00\x00\x00\x00\x00\x00\x00\x00\x00\x00\x00\
\x00\x00\x00\x00\x00\x00\x00\x00\x00\x00\x00\x00\x00\x00\x00\x00\
\x00\x00\x00\x00\x00\x00\x00\x00\x00\x00\x00\x00\x00\x00\x00\x00\
\x00\x00\x00\x00\x00\x00\x00\x00\x00\x00\x00\x00\x00\x00\x00\x00\
\x00\x00\x00\x00\x00\x00\x00\x00\x00\x00\x00\x00\x00\x00\x00\x00\
\x00\x00\x00\x00\x00\x00\x00\x00\x00\x00\x00\x00\x00\x00\x00\x00\
\x00\x00\x00\x00\x00\x00\x00\x00\x00\x00\x00\x00\x002\x06\x15\
\x002\x06\x15\x012\x06\x15\x052\x06\x15\x0b2\x06\x15\
\x14 \x00\x09\x1c\x9ei[m\xbd\x84o\xfa\xb9~j\
\xff\xb4wf\xff\xafoa\xff\xaah]\xff\xa5`X\
\xfd\x84ED{)\x00\x10-1\x06\x15/7\x0a\x18\
4\x814=\xb9\x874?\xff\x82,;\xff}$7\
\xffx\x1c4\xfeh\x14,~+\x04\x12 2\x06\x15\
\x1b2\x06\x15\x182\x06\x15\x1a\x1c\x00\x03\x1e\xb4\x97\x80\
_\xf0\xd9\xb1\xf6\xe0\xc7\xa4\xccT,1I\xd1\xb5\x98\
\xba\xe7\xcb\xa9\xff\xe4\xc6\xa6\xff\xe1\xc2\xa3\xff\xde\xbd\xa0\
\xff\xda\xb8\x9c\xfb\xd8\xb4\x9a\xff\xcf\xa9\x92\xe3e:=\
U\xa9\x7fr\x95\xce\xa3\x8f\xff\xcb\x9f\x8c\xff\xc9\x9b\x89\
\xff\xc7\x98\x87\xff\xc2\x92\x83\xee\x87YVO#\x00\x0a\
\x1b2\x06\x15\x132\x06\x15\x0b2\x06\x15\x052\x06\x15\
\x012\x06\x15\x00\x00\x00\x00\x00\x00\x00\x00\x00\x00\x00\x00\
\x00\x00\x00\x00\x00\x00\x00\x00\x00\x00\x00\x00\x00\x00\x00\x00\
\x00\x00\x00\x00\x00\x00\x00\x00\x00\x00\x00\x00\x00\x00\x00\x00\
\x00\x00\x00\x00\x00\x00\x00\x00\x00\x00\x00\x00\x00\x00\x00\x00\
\x00\x00\x00\x00\x00\x00\x00\x00\x00\x00\x00\x00\x00\x00\x00\x00\
\x00\x00\x00\x00\x00\x00\x00\x00\x00\x00\x00\x00\x00\x00\x00\x00\
\x00\x00\x00\x00\x00\x00\x00\x00\x00\x00\x00\x00\x00\x00\x00\x00\
\x00\x00\x00\x00\x00\x00\x00\x00\x00\x00\x00\x00\x00\x00\x00\x00\
\x00\x00\x00\x00\x00\x00\x00\x00\x00\x00\x00\x00\x00\x00\x00\x00\
\x00\x00\x00\x00\x00\x00\x00\x00\x00\x00\x00\x00\x00\x00\x00\x00\
\x00\x00\x00\x00\x00\x00\x00\x00\x00\x00\x00\x00\x002\x06\x15\
\x002\x06\x15\x022\x06\x15\x062\x06\x15\x0c2\x06\x15\
\x15\x1e\x00\x08\x1c\xa7sb~\xbf\x87q\xfe\xbb\x80l\
\xff\xb6yh\xff\xb1rc\xff\xack_\xff\xa6cY\
\xf6z>?d(\x00\x0f+2\x06\x15-/\x04\x13\
.\x805=\xa9\x896@\xff\x83.<\xff~'8\
\xffz\x1f5\xffl\x17.\x8a,\x04\x12!2\x06\x15\
\x1c2\x06\x15\x192\x06\x15\x1a\x1c\x00\x03\x1e\xb4\x97\x80\
_\xf0\xd9\xb1\xf6\xe0\xc7\xa4\xcb\x80\x5cU\x5c\xe1\xc6\xa4\
\xe1\xe7\xcb\xa9\xff\xe4\xc6\xa6\xff\xe1\xc2\xa3\xff\xdf\xbe\xa1\
\xff\xcf\xac\x93\xd2\xd0\xac\x94\xe0\xd5\xaf\x97\xfa\x93jb\
u\xa8~q\x94\xce\xa3\x8f\xff\xcc\x9f\x8c\xff\xc9\x9c\x8a\
\xff\xc7\x98\x88\xff\xc2\x93\x83\xee\x87YVO#\x00\x0a\
\x1b2\x06\x15\x132\x06\x15\x0b2\x06\x15\x052\x06\x15\
\x012\x06\x15\x00\x00\x00\x00\x00\x00\x00\x00\x00\x00\x00\x00\
\x00\x00\x00\x00\x00\x00\x00\x00\x00\x00\x00\x00\x00\x00\x00\x00\
\x00\x00\x00\x00\x00\x00\x00\x00\x00\x00\x00\x00\x00\x00\x00\x00\
\x00\x00\x00\x00\x00\x00\x00\x00\x00\x00\x00\x00\x00\x00\x00\x00\
\x00\x00\x00\x00\x00\x00\x00\x00\x00\x00\x00\x00\x00\x00\x00\x00\
\x00\x00\x00\x00\x00\x00\x00\x00\x00\x00\x00\x00\x00\x00\x00\x00\
\x00\x00\x00\x00\x00\x00\x00\x00\x00\x00\x00\x00\x00\x00\x00\x00\
\x00\x00\x00\x00\x00\x00\x00\x00\x00\x00\x00\x00\x00\x00\x00\x00\
\x00\x00\x00\x00\x00\x00\x00\x00\x00\x00\x00\x00\x00\x00\x00\x00\
\x00\x00\x00\x00\x00\x00\x00\x00\x00\x00\x00\x00\x00\x00\x00\x00\
\x00\x00\x00\x00\x00\x00\x00\x00\x00\x00\x00\x00\x002\x06\x15\
\x002\x06\x15\x022\x06\x15\x062\x06\x15\x0c2\x06\x15\
\x15\x1e\x00\x08\x1c\xacwe\x85\xc2\x8ar\xff\xbd\x83n\
\xff\xb8|i\xff\xb3ue\xff\xaem`\xff\xa6dZ\
\xe9l47R+\x01\x11+2\x06\x15+-\x03\x12\
,\x7f5=\x99\x8a9B\xff\x851>\xff\x80*:\
\xff|\x226\xffo\x1a0\x96-\x04\x13\x222\x06\x15\
\x1c2\x06\x15\x192\x06\x15\x1b\x1c\x00\x03\x1e\xb4\x98\x80\
_\xf0\xda\xb2\xf6\xdf\xc6\xa4\xc9\xae\x8f{\x7f\xe8\xcd\xaa\
\xf8\xe7\xcb\xa9\xff\xe4\xc7\xa6\xff\xe1\xc2\xa3\xff\xdf\xbe\xa0\
\xff\xb4\x8f}\x95\xbf\x9a\x86\xb2\xd7\xb1\x98\xff\xb4\x8d}\
\xa2\xa9\x7fr\x95\xce\xa4\x8f\xff\xcc\x9f\x8c\xff\xc9\x9c\x8a\
\xff\xc7\x98\x88\xff\xc3\x93\x83\xee\x87YWO#\x00\x0a\
\x1b2\x06\x15\x132\x06\x15\x0b2\x06\x15\x052\x06\x15\
\x012\x06\x15\x00\x00\x00\x00\x00\x00\x00\x00\x00\x00\x00\x00\
\x00\x00\x00\x00\x00\x00\x00\x00\x00\x00\x00\x00\x00\x00\x00\x00\
\x00\x00\x00\x00\x00\x00\x00\x00\x00\x00\x00\x00\x00\x00\x00\x00\
\x00\x00\x00\x00\x00\x00\x00\x00\x00\x00\x00\x00\x00\x00\x00\x00\
\x00\x00\x00\x00\x00\x00\x00\x00\x00\x00\x00\x00\x00\x00\x00\x00\
\x00\x00\x00\x00\x00\x00\x00\x00\x00\x00\x00\x00\x00\x00\x00\x00\
\x00\x00\x00\x00\x00\x00\x00\x00\x00\x00\x00\x00\x00\x00\x00\x00\
\x00\x00\x00\x00\x00\x00\x00\x00\x00\x00\x00\x00\x00\x00\x00\x00\
\x00\x00\x00\x00\x00\x00\x00\x00\x00\x00\x00\x00\x00\x00\x00\x00\
\x00\x00\x00\x00\x00\x00\x00\x00\x00\x00\x00\x00\x00\x00\x00\x00\
\x00\x00\x00\x00\x00\x00\x00\x00\x00\x00\x00\x00\x002\x06\x15\
\x002\x06\x15\x022\x06\x15\x062\x06\x15\x0c2\x06\x15\
\x14\x1e\x00\x08\x1c\xabxe\x80\xc4\x8dt\xfe\xbe\x86o\
\xff\xba~k\xff\xb5wg\xff\xb0pb\xff\xa6e[\
\xdaV#*A/\x03\x13,2\x06\x15++\x02\x12\
+}5<\x8c\x8c;C\xff\x874?\xff\x82-;\
\xff~%8\xffr\x1c1\xa2-\x04\x13#2\x06\x15\
\x1d2\x06\x15\x1a2\x06\x15\x1b\x1c\x00\x03\x1f\xb4\x97\x80\
_\xf0\xda\xb2\xf6\xe1\xc7\xa4\xcc\xd0\xb4\x97\xad\xea\xd0\xac\
\xff\xe7\xcb\xa9\xff\xe4\xc7\xa6\xff\xe1\xc3\xa3\xff\xdc\xbb\x9e\
\xf2\x8ac\x5cg\xa4}p\x84\xd6\xb0\x98\xff\xc6\x9e\x8a\
\xcc\xb0\x86x\x9f\xce\xa4\x8f\xff\xcc\xa0\x8c\xff\xc9\x9c\x8a\
\xff\xc7\x99\x88\xff\xc3\x93\x83\xee\x87YWO#\x00\x0a\
\x1b2\x06\x15\x132\x06\x15\x0b2\x06\x15\x052\x06\x15\
\x012\x06\x15\x00\x00\x00\x00\x00\x00\x00\x00\x00\x00\x00\x00\
\x00\x00\x00\x00\x00\x00\x00\x00\x00\x00\x00\x00\x00\x00\x00\x00\
\x00\x00\x00\x00\x00\x00\x00\x00\x00\x00\x00\x00\x00\x00\x00\x00\
\x00\x00\x00\x00\x00\x00\x00\x00\x00\x00\x00\x00\x00\x00\x00\x00\
\x00\x00\x00\x00\x00\x00\x00\x00\x00\x00\x00\x00\x00\x00\x00\x00\
\x00\x00\x00\x00\x00\x00\x00\x00\x00\x00\x00\x00\x00\x00\x00\x00\
\x00\x00\x00\x00\x00\x00\x00\x00\x00\x00\x00\x00\x00\x00\x00\x00\
\x00\x00\x00\x00\x00\x00\x00\x00\x00\x00\x00\x00\x00\x00\x00\x00\
\x00\x00\x00\x00\x00\x00\x00\x00\x00\x00\x00\x00\x00\x00\x00\x00\
\x00\x00\x00\x00\x00\x00\x00\x00\x00\x00\x00\x00\x00\x00\x00\x00\
\x00\x00\x00\x00\x00\x00\x00\x00\x00\x00\x00\x00\x002\x06\x15\
\x002\x06\x15\x012\x06\x15\x052\x06\x15\x0b2\x06\x15\
\x13\x1f\x00\x08\x1b\xa1p_j\xc4\x8fv\xf9\xc0\x88q\
\xff\xbc\x81l\xff\xb7zh\xff\xb2sd\xff\xa7g\x5c\
\xd4Q\x1f'>/\x04\x13-2\x06\x15,*\x01\x11\
+{4;\x81\x8e>D\xfe\x896@\xff\x84/<\
\xff\x7f'9\xffu\x1f3\xae1\x05\x14%2\x06\x15\
\x1e2\x06\x15\x1a2\x06\x15\x1c\x1c\x00\x03\x1f\xb3\x97\x80\
_\xf0\xda\xb1\xf6\xe5\xcc\xa8\xd8\xe2\xc8\xa6\xd9\xeb\xd0\xad\
\xff\xe7\xcb\xa9\xff\xe4\xc7\xa6\xff\xe2\xc3\xa4\xff\xd4\xb3\x98\
\xd5U+1H|TP]\xd2\xac\x94\xec\xd0\xa8\x92\
\xec\xbc\x93\x82\xb8\xce\xa3\x8f\xfd\xcc\xa0\x8d\xff\xc9\x9c\x8a\
\xff\xc7\x99\x88\xff\xc3\x93\x83\xee\x87YWO#\x00\x0a\
\x1b2\x06\x15\x132\x06\x15\x0b2\x06\x15\x052\x06\x15\
\x012\x06\x15\x00\x00\x00\x00\x00\x00\x00\x00\x00\x00\x00\x00\
\x00\x00\x00\x00\x00\x00\x00\x00\x00\x00\x00\x00\x00\x00\x00\x00\
\x00\x00\x00\x00\x00\x00\x00\x00\x00\x00\x00\x00\x00\x00\x00\x00\
\x00\x00\x00\x00\x00\x00\x00\x00\x00\x00\x00\x00\x00\x00\x00\x00\
\x00\x00\x00\x00\x00\x00\x00\x00\x00\x00\x00\x00\x00\x00\x00\x00\
\x00\x00\x00\x00\x00\x00\x00\x00\x00\x00\x00\x00\x00\x00\x00\x00\
\x00\x00\x00\x00\x00\x00\x00\x00\x00\x00\x00\x00\x00\x00\x00\x00\
\x00\x00\x00\x00\x00\x00\x00\x00\x00\x00\x00\x00\x00\x00\x00\x00\
\x00\x00\x00\x00\x00\x00\x00\x00\x00\x00\x00\x00\x00\x00\x00\x00\
\x00\x00\x00\x00\x00\x00\x00\x00\x00\x00\x00\x00\x00\x00\x00\x00\
\x00\x00\x00\x00\x00\x00\x00\x00\x00\x00\x00\x00\x002\x06\x15\
\x002\x06\x15\x012\x06\x15\x042\x06\x15\x0a2\x06\x15\
\x12$\x00\x0b\x1b\x87WNJ\xc4\x90v\xea\xc2\x8bs\
\xff\xbd\x84n\xff\xb8|j\xff\xb3ue\xff\xadm`\
\xf5\x86KHq*\x00\x10-2\x06\x15-*\x00\x11\
,x4:x\x90AF\xfd\x8b9B\xff\x852>\
\xff\x81*:\xffw\x225\xb89\x08\x18*1\x06\x15\
\x1e2\x06\x15\x1b2\x06\x15\x1c\x1c\x00\x03\x1f\xb3\x97\x80\
_\xef\xda\xb1\xf4\xed\xd5\xae\xf3\xeb\xd2\xad\xf8\xea\xd0\xac\
\xff\xe8\xcc\xaa\xff\xe5\xc7\xa7\xff\xe2\xc3\xa4\xff\xc5\xa3\x8c\
\xa90\x03\x139J\x1f(B\xc9\xa2\x8d\xc8\xd4\xad\x95\
\xfe\xca\xa0\x8c\xdf\xce\xa3\x8f\xfd\xcc\xa0\x8d\xff\xc9\x9c\x8a\
\xff\xc7\x99\x88\xff\xc3\x93\x83\xee\x88YWO#\x00\x0a\
\x1b2\x06\x15\x132\x06\x15\x0b2\x06\x15\x052\x06\x15\
\x012\x06\x15\x00\x00\x00\x00\x00\x00\x00\x00\x00\x00\x00\x00\
\x00\x00\x00\x00\x00\x00\x00\x00\x00\x00\x00\x00\x00\x00\x00\x00\
\x00\x00\x00\x00\x00\x00\x00\x00\x00\x00\x00\x00\x00\x00\x00\x00\
\x00\x00\x00\x00\x00\x00\x00\x00\x00\x00\x00\x00\x00\x00\x00\x00\
\x00\x00\x00\x00\x00\x00\x00\x00\x00\x00\x00\x00\x00\x00\x00\x00\
\x00\x00\x00\x00\x00\x00\x00\x00\x00\x00\x00\x00\x00\x00\x00\x00\
\x00\x00\x00\x00\x00\x00\x00\x00\x00\x00\x00\x00\x00\x00\x00\x00\
\x00\x00\x00\x00\x00\x00\x00\x00\x00\x00\x00\x00\x00\x00\x00\x00\
\x00\x00\x00\x00\x00\x00\x00\x00\x00\x00\x00\x00\x00\x00\x00\x00\
\x00\x00\x00\x00\x00\x00\x00\x00\x00\x00\x00\x00\x00\x00\x00\x00\
\x00\x00\x00\x00\x00\x00\x00\x00\x00\x00\x00\x00\x00\x00\x00\x00\
\x002\x06\x15\x012\x06\x15\x042\x06\x15\x092\x06\x15\
\x11-\x01\x12\x1a_132\xc1\x8et\xce\xc4\x8eu\
\xff\xbf\x86p\xff\xba\x7fk\xff\xb5xg\xff\xb1qc\
\xff\xa3cY\xc4J\x19#;0\x04\x14/)\x00\x10\
.v39s\x91DG\xfd\x8c<C\xff\x875?\
\xff\x82-<\xffy$6\xc2@\x0b\x1c/0\x05\x14\
\x1f2\x06\x15\x1c2\x06\x15\x1d\x1d\x00\x03 \xb4\x98\x80\
_\xf0\xda\xb1\xf4\xf0\xd9\xb1\xff\xed\xd4\xaf\xff\xea\xd0\xac\
\xff\xe8\xcc\xa9\xff\xe5\xc8\xa7\xff\xe1\xc2\xa3\xfa\xaa\x86v\
x%\x00\x0b3+\x00\x105\xb8\x91\x80\x9b\xd4\xad\x95\
\xff\xd1\xa8\x92\xfd\xce\xa4\x8f\xff\xcc\xa0\x8d\xff\xc9\x9c\x8a\
\xff\xc7\x99\x88\xff\xc3\x93\x84\xee\x88YWO#\x00\x0a\
\x1b2\x06\x15\x132\x06\x15\x0b2\x06\x15\x052\x06\x15\
\x012\x06\x15\x00\x00\x00\x00\x00\x00\x00\x00\x00\x00\x00\x00\
\x00\x00\x00\x00\x00\x00\x00\x00\x00\x00\x00\x00\x00\x00\x00\x00\
\x00\x00\x00\x00\x00\x00\x00\x00\x00\x00\x00\x00\x00\x00\x00\x00\
\x00\x00\x00\x00\x00\x00\x00\x00\x00\x00\x00\x00\x00\x00\x00\x00\
\x00\x00\x00\x00\x00\x00\x00\x00\x00\x00\x00\x00\x00\x00\x00\x00\
\x00\x00\x00\x00\x00\x00\x00\x00\x00\x00\x00\x00\x00\x00\x00\x00\
\x00\x00\x00\x00\x00\x00\x00\x00\x00\x00\x00\x00\x00\x00\x00\x00\
\x00\x00\x00\x00\x00\x00\x00\x00\x00\x00\x00\x00\x00\x00\x00\x00\
\x00\x00\x00\x00\x00\x00\x00\x00\x00\x00\x00\x00\x00\x00\x00\x00\
\x00\x00\x00\x00\x00\x00\x00\x00\x00\x00\x00\x00\x00\x00\x00\x00\
\x00\x00\x00\x00\x00\x00\x00\x00\x00\x00\x00\x00\x00\x00\x00\x00\
\x002\x06\x15\x012\x06\x15\x032\x06\x15\x082\x06\x15\
\x0f2\x06\x15\x186\x0a\x17$\xba\x88p\xaa\xc6\x91w\
\xff\xc1\x89r\xff\xbc\x82m\xff\xb7zi\xff\xb2sd\
\xff\xabk_\xefv==]*\x00\x100)\x00\x10\
0t39o\x93FI\xfc\x8e?E\xff\x897A\
\xff\x840=\xff|'8\xcfI\x0f 6/\x05\x14\
 2\x06\x15\x1d2\x06\x15\x1d\x1d\x00\x04 \xb4\x97\x80\
_\xf0\xda\xb1\xf4\xf0\xd9\xb1\xff\xed\xd5\xaf\xff\xea\xd1\xac\
\xff\xe7\xcc\xa9\xff\xe5\xc8\xa7\xff\xdd\xbe\xa0\xe4}VR\
N*\x00\x0f/&\x00\x0c/\x9csij\xd2\xab\x94\
\xf6\xd1\xa9\x92\xff\xcf\xa5\x90\xff\xcc\xa1\x8d\xff\xca\x9d\x8a\
\xff\xc8\x99\x88\xff\xc3\x94\x84\xee\x88YWP#\x00\x0a\
\x1b2\x06\x15\x132\x06\x15\x0b2\x06\x15\x052\x06\x15\
\x012\x06\x15\x00\x00\x00\x00\x00\x00\x00\x00\x00\x00\x00\x00\
\x00\x00\x00\x00\x00\x00\x00\x00\x00\x00\x00\x00\x00\x00\x00\x00\
\x00\x00\x00\x00\x00\x00\x00\x00\x00\x00\x00\x00\x00\x00\x00\x00\
\x00\x00\x00\x00\x00\x00\x00\x00\x00\x00\x00\x00\x00\x00\x00\x00\
\x00\x00\x00\x00\x00\x00\x00\x00\x00\x00\x00\x00\x00\x00\x00\x00\
\x00\x00\x00\x00\x00\x00\x00\x00\x00\x00\x00\x00\x00\x00\x00\x00\
\x00\x00\x00\x00\x00\x00\x00\x00\x00\x00\x00\x00\x00\x00\x00\x00\
\x00\x00\x00\x00\x00\x00\x00\x00\x00\x00\x00\x00\x00\x00\x00\x00\
\x00\x00\x00\x00\x00\x00\x00\x00\x00\x00\x00\x00\x00\x00\x00\x00\
\x00\x00\x00\x00\x00\x00\x00\x00\x00\x00\x00\x00\x00\x00\x00\x00\
\x00\x00\x00\x00\x00\x00\x00\x00\x00\x00\x00\x00\x00\x00\x00\x00\
\x002\x06\x15\x002\x06\x15\x022\x06\x15\x072\x06\x15\
\x0d2\x06\x15\x16 \x00\x09\x1e\xad|h\x81\xc7\x93x\
\xff\xc2\x8cs\xff\xbd\x85o\xff\xb9}j\xff\xb4vf\
\xff\xafna\xfe\x8eRM\x87)\x00\x102)\x00\x10\
2t49p\x95IJ\xfc\x90BF\xff\x8b:B\
\xff\x863>\xff\x7f*:\xe3T\x15%B-\x04\x13\
 2\x06\x15\x1d2\x06\x15\x1e\x1d\x00\x04 \xb4\x97\x80\
`\xf0\xda\xb1\xf4\xf0\xd9\xb1\xff\xed\xd5\xaf\xff\xea\xd1\xac\
\xff\xe8\xcc\xaa\xff\xe5\xc8\xa7\xff\xd4\xb4\x99\xbdE\x1b%\
31\x05\x14+,\x00\x10+mDDC\xcd\xa6\x90\
\xdb\xd2\xa9\x93\xff\xce\xa5\x90\xff\xcc\xa1\x8d\xff\xca\x9d\x8a\
\xff\xc8\x99\x88\xff\xc3\x94\x84\xee\x88ZWO#\x00\x0a\
\x1b2\x06\x15\x132\x06\x15\x0b2\x06\x15\x052\x06\x15\
\x012\x06\x15\x00\x00\x00\x00\x00\x00\x00\x00\x00\x00\x00\x00\
\x00\x00\x00\x00\x00\x00\x00\x00\x00\x00\x00\x00\x00\x00\x00\x00\
\x00\x00\x00\x00\x00\x00\x00\x00\x00\x00\x00\x00\x00\x00\x00\x00\
\x00\x00\x00\x00\x00\x00\x00\x00\x00\x00\x00\x00\x00\x00\x00\x00\
\x00\x00\x00\x00\x00\x00\x00\x00\x00\x00\x00\x00\x00\x00\x00\x00\
\x00\x00\x00\x00\x00\x00\x00\x00\x00\x00\x00\x00\x00\x00\x00\x00\
\x00\x00\x00\x00\x00\x00\x00\x00\x00\x00\x00\x00\x00\x00\x00\x00\
\x00\x00\x00\x00\x00\x00\x00\x00\x00\x00\x00\x00\x00\x00\x00\x00\
\x00\x00\x00\x00\x00\x00\x00\x00\x00\x00\x00\x00\x00\x00\x00\x00\
\x00\x00\x00\x00\x00\x00\x00\x00\x00\x00\x00\x00\x00\x00\x00\x00\
\x00\x00\x00\x00\x00\x00\x00\x00\x00\x00\x00\x00\x00\x00\x00\x00\
\x002\x06\x15\x002\x06\x15\x022\x06\x15\x052\x06\x15\
\x0c2\x06\x15\x14\x1f\x00\x08\x1c\x98hZ[\xc7\x94y\
\xf3\xc5\x8fu\xff\xbf\x87p\xff\xbb\x80l\xff\xb6yg\
\xff\xb1qc\xff\x9d_V\xaf3\x07\x158)\x00\x10\
5u6:s\x97LL\xfc\x92DH\xff\x8d=D\
\xff\x885@\xff\x82-<\xefa\x1c+T+\x03\x12\
 2\x06\x15\x1e2\x06\x15\x1e\x1d\x00\x03 \xb5\x99\x81\
_\xf0\xdb\xb2\xf4\xf0\xd9\xb2\xff\xed\xd5\xaf\xff\xeb\xd1\xac\
\xff\xe8\xcd\xaa\xff\xe5\xc8\xa7\xff\xc3\xa3\x8b\x8b$\x00\x0a\
'2\x06\x15&1\x05\x15&:\x0e\x1b,\xc3\x9c\x88\
\xb0\xd2\xaa\x93\xff\xcf\xa5\x90\xff\xcc\xa1\x8d\xff\xca\x9d\x8a\
\xff\xc8\x9a\x89\xff\xc4\x94\x84\xed\x89[XN#\x00\x09\
\x1a2\x06\x15\x122\x06\x15\x0a2\x06\x15\x042\x06\x15\
\x012\x06\x15\x00\x00\x00\x00\x00\x00\x00\x00\x00\x00\x00\x00\
\x00\x00\x00\x00\x00\x00\x00\x00\x00\x00\x00\x00\x00\x00\x00\x00\
\x00\x00\x00\x00\x00\x00\x00\x00\x00\x00\x00\x00\x00\x00\x00\x00\
\x00\x00\x00\x00\x00\x00\x00\x00\x00\x00\x00\x00\x00\x00\x00\x00\
\x00\x00\x00\x00\x00\x00\x00\x00\x00\x00\x00\x00\x00\x00\x00\x00\
\x00\x00\x00\x00\x00\x00\x00\x00\x00\x00\x00\x00\x00\x00\x00\x00\
\x00\x00\x00\x00\x00\x00\x00\x00\x00\x00\x00\x00\x00\x00\x00\x00\
\x00\x00\x00\x00\x00\x00\x00\x00\x00\x00\x00\x00\x00\x00\x00\x00\
\x00\x00\x00\x00\x00\x00\x00\x00\x00\x00\x00\x00\x00\x00\x00\x00\
\x00\x00\x00\x00\x00\x00\x00\x00\x00\x00\x00\x00\x00\x00\x00\x00\
\x00\x00\x00\x00\x00\x00\x00\x00\x00\x00\x00\x00\x00\x00\x00\x00\
\x002\x06\x15\x002\x06\x15\x012\x06\x15\x042\x06\x15\
\x0a2\x06\x15\x12(\x00\x0e\x1bvGC=\xc6\x94x\
\xde\xc7\x92w\xff\xc1\x8ar\xff\xbc\x82m\xff\xb7{i\
\xff\xb3te\xff\xa6g[\xcfI\x19#D(\x00\x10\
7x8<x\x99NM\xfd\x94GI\xff\x8f@E\
\xff\x8a8A\xff\x840=\xf7k!0f(\x01\x10\
 2\x06\x15\x1e2\x06\x15\x1d\x1c\x00\x02\x1e\xb8\x9c\x83\
]\xf0\xdb\xb2\xf4\xf0\xd9\xb2\xff\xed\xd5\xaf\xff\xeb\xd1\xad\
\xff\xe8\xcd\xaa\xff\xe3\xc6\xa6\xf1\xa4\x82rZ!\x00\x07\
\x222\x06\x15!2\x06\x15! \x00\x07\x22\xb1\x89z\
{\xd1\xa9\x93\xfd\xcf\xa5\x90\xff\xcc\xa1\x8d\xff\xca\x9d\x8b\
\xff\xc8\x9a\x89\xff\xc4\x94\x84\xed\x8b]ZL\x22\x00\x08\
\x182\x06\x15\x112\x06\x15\x092\x06\x15\x042\x06\x15\
\x012\x06\x15\x00\x00\x00\x00\x00\x00\x00\x00\x00\x00\x00\x00\
\x00\x00\x00\x00\x00\x00\x00\x00\x00\x00\x00\x00\x00\x00\x00\x00\
\x00\x00\x00\x00\x00\x00\x00\x00\x00\x00\x00\x00\x00\x00\x00\x00\
\x00\x00\x00\x00\x00\x00\x00\x00\x00\x00\x00\x00\x00\x00\x00\x00\
\x00\x00\x00\x00\x00\x00\x00\x00\x00\x00\x00\x00\x00\x00\x00\x00\
\x00\x00\x00\x00\x00\x00\x00\x00\x00\x00\x00\x00\x00\x00\x00\x00\
\x00\x00\x00\x00\x00\x00\x00\x00\x00\x00\x00\x00\x00\x00\x00\x00\
\x00\x00\x00\x00\x00\x00\x00\x00\x00\x00\x00\x00\x00\x00\x00\x00\
\x00\x00\x00\x00\x00\x00\x00\x00\x00\x00\x00\x00\x00\x00\x00\x00\
\x00\x00\x00\x00\x00\x00\x00\x00\x00\x00\x00\x00\x00\x00\x00\x00\
\x00\x00\x00\x00\x00\x00\x00\x00\x00\x00\x00\x00\x00\x00\x00\x00\
\x00\x00\x00\x00\x002\x06\x15\x012\x06\x15\x042\x06\x15\
\x092\x06\x15\x10.\x03\x13\x19L\x1f'+\xc1\x90v\
\xbd\xc9\x95y\xff\xc3\x8dt\xff\xbe\x85o\xff\xb9~j\
\xff\xb4wf\xff\xacm`\xe8e04X&\x00\x0e\
8}=?\x81\x9bQO\xfd\x96JK\xff\x91BG\
\xff\x8b;C\xff\x863>\xfeq&3w&\x00\x0f\
!2\x06\x15\x1e2\x06\x15\x1c\x19\x00\x01\x1b\xbc\xa1\x87\
Z\xf0\xdb\xb2\xf3\xf0\xd9\xb1\xff\xee\xd5\xaf\xff\xeb\xd1\xad\
\xff\xe9\xcd\xab\xff\xde\xc1\xa2\xd2pIG6+\x00\x0f\
 2\x06\x15\x1e2\x06\x15\x1e$\x00\x0a\x1f\x91g`\
M\xcf\xa6\x91\xea\xd0\xa6\x90\xff\xcd\xa1\x8e\xff\xca\x9d\x8b\
\xff\xc8\x9a\x88\xff\xc4\x95\x84\xec\x8fa\x5cI\x1f\x00\x07\
\x152\x06\x15\x0f2\x06\x15\x082\x06\x15\x042\x06\x15\
\x01\x00\x00\x00\x00\x00\x00\x00\x00\x00\x00\x00\x00\x00\x00\x00\
\x00\x00\x00\x00\x00\x00\x00\x00\x00\x00\x00\x00\x00\x00\x00\x00\
\x00\x00\x00\x00\x00\x00\x00\x00\x00\x00\x00\x00\x00\x00\x00\x00\
\x00\x00\x00\x00\x00\x00\x00\x00\x00\x00\x00\x00\x00\x00\x00\x00\
\x00\x00\x00\x00\x00\x00\x00\x00\x00\x00\x00\x00\x00\x00\x00\x00\
\x00\x00\x00\x00\x00\x00\x00\x00\x00\x00\x00\x00\x00\x00\x00\x00\
\x00\x00\x00\x00\x00\x00\x00\x00\x00\x00\x00\x00\x00\x00\x00\x00\
\x00\x00\x00\x00\x00\x00\x00\x00\x00\x00\x00\x00\x00\x00\x00\x00\
\x00\x00\x00\x00\x00\x00\x00\x00\x00\x00\x00\x00\x00\x00\x00\x00\
\x00\x00\x00\x00\x00\x00\x00\x00\x00\x00\x00\x00\x00\x00\x00\x00\
\x00\x00\x00\x00\x00\x00\x00\x00\x00\x00\x00\x00\x00\x00\x00\x00\
\x00\x00\x00\x00\x002\x06\x15\x012\x06\x15\x032\x06\x15\
\x072\x06\x15\x0e2\x06\x15\x17'\x00\x0d!\xb8\x87o\
\x97\xca\x97{\xff\xc5\x8fv\xff\xc0\x88q\xff\xbb\x81l\
\xff\xb6yh\xff\xb0qc\xf8~ECs$\x00\x0d\
9\x83CC\x8c\x9dTQ\xfe\x98MM\xff\x93EH\
\xff\x8d>D\xff\x886@\xffv)6\x88)\x01\x10\
\x222\x06\x15\x1d2\x06\x15\x1a'\x00\x0c\x19\x93se\
6\xd2\xb9\x99{\xcf\xb4\x96\x83\xca\xae\x92\x86\xc7\xa9\x8f\
\x86\xc6\xa8\x8e\x87\xb2\x91~e9\x0e\x1b&1\x05\x14\
 2\x06\x15\x1d2\x06\x15\x1d/\x03\x12 S'/\
,\xac\x83ut\xb1\x87y\x87\xae\x82u\x87\xac\x80t\
\x86\xad\x7ft\x85\xac}rxqDE.)\x00\x0e\
\x132\x06\x15\x0c2\x06\x15\x072\x06\x15\x032\x06\x15\
\x01\x00\x00\x00\x00\x00\x00\x00\x00\x00\x00\x00\x00\x00\x00\x00\
\x00\x00\x00\x00\x00\x00\x00\x00\x00\x00\x00\x00\x00\x00\x00\x00\
\x00\x00\x00\x00\x00\x00\x00\x00\x00\x00\x00\x00\x00\x00\x00\x00\
\x00\x00\x00\x00\x00\x00\x00\x00\x00\x00\x00\x00\x00\x00\x00\x00\
\x00\x00\x00\x00\x00\x00\x00\x00\x00\x00\x00\x00\x00\x00\x00\x00\
\x00\x00\x00\x00\x00\x00\x00\x00\x00\x00\x00\x00\x00\x00\x00\x00\
\x00\x00\x00\x00\x00\x00\x00\x00\x00\x00\x00\x00\x00\x00\x00\x00\
\x00\x00\x00\x00\x00\x00\x00\x00\x00\x00\x00\x00\x00\x00\x00\x00\
\x00\x00\x00\x00\x00\x00\x00\x00\x00\x00\x00\x00\x00\x00\x00\x00\
\x00\x00\x00\x00\x00\x00\x00\x00\x00\x00\x00\x00\x00\x00\x00\x00\
\x00\x00\x00\x00\x00\x00\x00\x00\x00\x00\x00\x00\x00\x00\x00\x00\
\x00\x00\x00\x00\x002\x06\x15\x002\x06\x15\x022\x06\x15\
\x062\x06\x15\x0c2\x06\x15\x15\x1e\x00\x07\x1d\xa7xd\
n\xcb\x99|\xfb\xc7\x92x\xff\xc2\x8as\xff\xbd\x83n\
\xff\xb8|i\xff\xb3ue\xff\x92WO\x95%\x00\x0d\
;\x8aJH\x9a\x9fWS\xff\x9aPN\xff\x94HJ\
\xff\x8f@F\xff\x8a9A\xff{-9\x97.\x03\x13\
#2\x06\x15\x1c2\x06\x15\x172\x06\x15\x17*\x04\x0f\
\x18\x17\x00\x01\x1a\x1a\x00\x02 \x1e\x00\x04$\x1f\x00\x06\
'\x1f\x00\x06'%\x01\x0a&1\x05\x15%2\x06\x15\
\x222\x06\x15\x1f2\x06\x15\x1f2\x06\x15!0\x05\x14\
$$\x01\x0a&\x22\x00\x09(#\x00\x09)#\x00\x09\
'!\x00\x08\x22\x1f\x00\x06\x1c-\x04\x11\x172\x06\x15\
\x102\x06\x15\x0a2\x06\x15\x052\x06\x15\x022\x06\x15\
\x01\x00\x00\x00\x00\x00\x00\x00\x00\x00\x00\x00\x00\x00\x00\x00\
\x00\x00\x00\x00\x00\x00\x00\x00\x00\x00\x00\x00\x00\x00\x00\x00\
\x00\x00\x00\x00\x00\x00\x00\x00\x00\x00\x00\x00\x00\x00\x00\x00\
\x00\x00\x00\x00\x00\x00\x00\x00\x00\x00\x00\x00\x00\x00\x00\x00\
\x00\x00\x00\x00\x00\x00\x00\x00\x00\x00\x00\x00\x00\x00\x00\x00\
\x00\x00\x00\x00\x00\x00\x00\x00\x00\x00\x00\x00\x00\x00\x00\x00\
\x00\x00\x00\x00\x00\x00\x00\x00\x00\x00\x00\x00\x00\x00\x00\x00\
\x00\x00\x00\x00\x00\x00\x00\x00\x00\x00\x00\x00\x00\x00\x00\x00\
\x00\x00\x00\x00\x00\x00\x00\x00\x00\x00\x00\x00\x00\x00\x00\x00\
\x00\x00\x00\x00\x00\x00\x00\x00\x00\x00\x00\x00\x00\x00\x00\x00\
\x00\x00\x00\x00\x00\x00\x00\x00\x00\x00\x00\x00\x00\x00\x00\x00\
\x00\x00\x00\x00\x002\x06\x15\x002\x06\x15\x022\x06\x15\
\x052\x06\x15\x0b2\x06\x15\x13#\x00\x0b\x1b\x8d^R\
L\xca\x99|\xea\xc9\x95y\xff\xc4\x8dt\xff\xbf\x86p\
\xff\xba\x7fk\xff\xb5xg\xff\xa1dY\xba6\x09\x17\
B\x92QM\xad\xa1ZU\xff\x9cRP\xff\x96KL\
\xff\x91CG\xff\x8c;C\xff~0;\xa52\x06\x15\
%2\x06\x15\x1c2\x06\x15\x152\x06\x15\x132\x06\x15\
\x152\x06\x15\x192\x06\x15\x1e2\x06\x15$2\x06\x15\
'1\x05\x14)+\x01\x0f($\x00\x0a%!\x00\x07\
#!\x00\x07!$\x00\x0a\x22-\x02\x11$2\x06\x15\
'2\x06\x15)1\x05\x14*/\x03\x12(0\x04\x13\
&2\x06\x15!2\x06\x15\x1a2\x06\x15\x132\x06\x15\
\x0c2\x06\x15\x072\x06\x15\x032\x06\x15\x012\x06\x15\
\x00\x00\x00\x00\x00\x00\x00\x00\x00\x00\x00\x00\x00\x00\x00\x00\
\x00\x00\x00\x00\x00\x00\x00\x00\x00\x00\x00\x00\x00\x00\x00\x00\
\x00\x00\x00\x00\x00\x00\x00\x00\x00\x00\x00\x00\x00\x00\x00\x00\
\x00\x00\x00\x00\x00\x00\x00\x00\x00\x00\x00\x00\x00\x00\x00\x00\
\x00\x00\x00\x00\x00\x00\x00\x00\x00\x00\x00\x00\x00\x00\x00\x00\
\x00\x00\x00\x00\x00\x00\x00\x00\x00\x00\x00\x00\x00\x00\x00\x00\
\x00\x00\x00\x00\x00\x00\x00\x00\x00\x00\x00\x00\x00\x00\x00\x00\
\x00\x00\x00\x00\x00\x00\x00\x00\x00\x00\x00\x00\x00\x00\x00\x00\
\x00\x00\x00\x00\x00\x00\x00\x00\x00\x00\x00\x00\x00\x00\x00\x00\
\x00\x00\x00\x00\x00\x00\x00\x00\x00\x00\x00\x00\x00\x00\x00\x00\
\x00\x00\x00\x00\x00\x00\x00\x00\x00\x00\x00\x00\x00\x00\x00\x00\
\x00\x00\x00\x00\x002\x06\x15\x002\x06\x15\x012\x06\x15\
\x042\x06\x15\x092\x06\x15\x11,\x00\x11\x1ab56\
3\xc7\x97z\xd0\xcb\x98|\xff\xc5\x90v\xff\xc0\x88q\
\xff\xbb\x81m\xff\xb7zh\xff\xacn`\xdf]+0\
X\x9aXR\xc1\xa3]W\xff\x9eUR\xff\x98MM\
\xff\x93FI\xff\x8e>E\xff\x824=\xb05\x07\x16\
&2\x06\x15\x1b2\x06\x15\x152\x06\x15\x122\x06\x15\
\x132\x06\x15\x182\x06\x15\x1e/\x04\x13##\x00\x09\
&;\x13\x1d.vPMA\x96rgS\xa7\x84t\
b\xa7\x82ta\x93lcQi?A;.\x06\x12\
,(\x00\x0d+A\x15 0\x5c167R&.\
.2\x06\x15\x1f2\x06\x15\x172\x06\x15\x102\x06\x15\
\x0a2\x06\x15\x052\x06\x15\x022\x06\x15\x012\x06\x15\
\x00\x00\x00\x00\x00\x00\x00\x00\x00\x00\x00\x00\x00\x00\x00\x00\
\x00\x00\x00\x00\x00\x00\x00\x00\x00\x00\x00\x00\x00\x00\x00\x00\
\x00\x00\x00\x00\x00\x00\x00\x00\x00\x00\x00\x00\x00\x00\x00\x00\
\x00\x00\x00\x00\x00\x00\x00\x00\x00\x00\x00\x00\x00\x00\x00\x00\
\x00\x00\x00\x00\x00\x00\x00\x00\x00\x00\x00\x00\x00\x00\x00\x00\
\x00\x00\x00\x00\x00\x00\x00\x00\x00\x00\x00\x00\x00\x00\x00\x00\
\x00\x00\x00\x00\x00\x00\x00\x00\x00\x00\x00\x00\x00\x00\x00\x00\
\x00\x00\x00\x00\x00\x00\x00\x00\x00\x00\x00\x00\x00\x00\x00\x00\
\x00\x00\x00\x00\x00\x00\x00\x00\x00\x00\x00\x00\x00\x00\x00\x00\
\x00\x00\x00\x00\x00\x00\x00\x00\x00\x00\x00\x00\x00\x00\x00\x00\
\x00\x00\x00\x00\x00\x00\x00\x00\x00\x00\x00\x00\x00\x00\x00\x00\
\x00\x00\x00\x00\x00\x00\x00\x00\x002\x06\x15\x012\x06\x15\
\x032\x06\x15\x082\x06\x15\x0f0\x04\x14\x18:\x0e\x1b\
&\xc0\x91v\xab\xcd\x9b}\xff\xc7\x93x\xff\xc2\x8bs\
\xff\xbd\x84n\xff\xb8}j\xff\xb2ue\xf9\x94XQ\
\x9d\xa2aX\xdb\xa5`X\xff\x9fXS\xff\x9aPO\
\xff\x95IJ\xff\x90AF\xff\x857?\xb97\x09\x18\
(2\x06\x15\x1c2\x06\x15\x152\x06\x15\x132\x06\x15\
\x142\x06\x15\x19'\x00\x0c\x1fI%(,\xb0\x91|\
d\xd6\xba\x9b\xae\xdf\xc2\xa2\xda\xe1\xc3\xa3\xf1\xe0\xc0\xa2\
\xfa\xdd\xbc\x9f\xfa\xd9\xb6\x9b\xf1\xd0\xac\x94\xd4\xbc\x95\x83\
\x99}TQP\xad\x83u\x85\xc6\x9c\x89\xd3\xb7\x8b|\
\x918\x0c\x1a 2\x06\x15\x162\x06\x15\x0e2\x06\x15\
\x082\x06\x15\x042\x06\x15\x012\x06\x15\x00\x00\x00\x00\
\x00\x00\x00\x00\x00\x00\x00\x00\x00\x00\x00\x00\x00\x00\x00\x00\
\x00\x00\x00\x00\x00\x00\x00\x00\x00\x00\x00\x00\x00\x00\x00\x00\
\x00\x00\x00\x00\x00\x00\x00\x00\x00\x00\x00\x00\x00\x00\x00\x00\
\x00\x00\x00\x00\x00\x00\x00\x00\x00\x00\x00\x00\x00\x00\x00\x00\
\x00\x00\x00\x00\x00\x00\x00\x00\x00\x00\x00\x00\x00\x00\x00\x00\
\x00\x00\x00\x00\x00\x00\x00\x00\x00\x00\x00\x00\x00\x00\x00\x00\
\x00\x00\x00\x00\x00\x00\x00\x00\x00\x00\x00\x00\x00\x00\x00\x00\
\x00\x00\x00\x00\x00\x00\x00\x00\x00\x00\x00\x00\x00\x00\x00\x00\
\x00\x00\x00\x00\x00\x00\x00\x00\x00\x00\x00\x00\x00\x00\x00\x00\
\x00\x00\x00\x00\x00\x00\x00\x00\x00\x00\x00\x00\x00\x00\x00\x00\
\x00\x00\x00\x00\x00\x00\x00\x00\x00\x00\x00\x00\x00\x00\x00\x00\
\x00\x00\x00\x00\x00\x00\x00\x00\x002\x06\x15\x002\x06\x15\
\x022\x06\x15\x072\x06\x15\x0d2\x06\x15\x16\x1f\x00\x08\
\x1e\xb4\x86n\x82\xce\x9d\x7f\xfe\xc9\x96z\xff\xc4\x8eu\
\xff\xbf\x87p\xff\xba\x7fl\xff\xb6xg\xff\xafpb\
\xf8\xabi^\xfc\xa6bZ\xff\xa1[U\xff\x9cSP\
\xff\x97KL\xff\x92DH\xff\x87:A\xc1:\x0a\x19\
)2\x06\x15\x1d2\x06\x15\x172\x06\x15\x162\x06\x15\
\x18'\x00\x0c\x1dzWP7\xd9\xbf\x9e\xa1\xea\xd0\xac\
\xf2\xe9\xcf\xab\xff\xe7\xcb\xa9\xff\xe1\xc4\xa4\xf4\xd4\xb4\x98\
\xc6\xcd\xaa\x92\xb8\xd5\xb2\x98\xe1\xd9\xb4\x9a\xff\xd6\xaf\x97\
\xfe\xcd\xa5\x90\xe1\xcc\xa3\x8e\xe9\xce\xa3\x8f\xff\xc0\x93\x83\
\xb1:\x0e\x1b\x221\x05\x15\x162\x06\x15\x0e2\x06\x15\
\x072\x06\x15\x032\x06\x15\x012\x06\x15\x00\x00\x00\x00\
\x00\x00\x00\x00\x00\x00\x00\x00\x00\x00\x00\x00\x00\x00\x00\x00\
\x00\x00\x00\x00\x00\x00\x00\x00\x00\x00\x00\x00\x00\x00\x00\x00\
\x00\x00\x00\x00\x00\x00\x00\x00\x00\x00\x00\x00\x00\x00\x00\x00\
\x00\x00\x00\x00\x00\x00\x00\x00\x00\x00\x00\x00\x00\x00\x00\x00\
\x00\x00\x00\x00\x00\x00\x00\x00\x00\x00\x00\x00\x00\x00\x00\x00\
\x00\x00\x00\x00\x00\x00\x00\x00\x00\x00\x00\x00\x00\x00\x00\x00\
\x00\x00\x00\x00\x00\x00\x00\x00\x00\x00\x00\x00\x00\x00\x00\x00\
\x00\x00\x00\x00\x00\x00\x00\x00\x00\x00\x00\x00\x00\x00\x00\x00\
\x00\x00\x00\x00\x00\x00\x00\x00\x00\x00\x00\x00\x00\x00\x00\x00\
\x00\x00\x00\x00\x00\x00\x00\x00\x00\x00\x00\x00\x00\x00\x00\x00\
\x00\x00\x00\x00\x00\x00\x00\x00\x00\x00\x00\x00\x00\x00\x00\x00\
\x00\x00\x00\x00\x00\x00\x00\x00\x002\x06\x15\x002\x06\x15\
\x022\x06\x15\x062\x06\x15\x0c2\x06\x15\x14 \x00\x09\
\x1c\x9do_\x5c\xce\x9e\x7f\xf4\xcb\x99|\xff\xc6\x91w\
\xff\xc1\x89r\xff\xbc\x82m\xff\xb7{i\xff\xb2td\
\xff\xadl`\xff\xa8e[\xff\xa3^W\xff\x9eVR\
\xff\x99NN\xff\x94GI\xff\x8a=C\xc6>\x0d\x1b\
,1\x06\x15\x1f2\x06\x15\x1a2\x06\x15\x1a*\x00\x0e\
\x1dlHE0\xe1\xc8\xa5\xb0\xef\xd7\xb0\xfe\xec\xd3\xae\
\xff\xe9\xcf\xab\xff\xe5\xc9\xa8\xf8\xbd\x9d\x87\x8bK )\
:3\x08\x164\x90ia_\xd4\xaf\x96\xe7\xd6\xb0\x97\
\xff\xd3\xab\x94\xff\xd1\xa7\x92\xff\xce\xa3\x8f\xff\xbf\x93\x83\
\xb19\x0d\x1a#1\x05\x15\x172\x06\x15\x0e2\x06\x15\
\x072\x06\x15\x032\x06\x15\x00\x00\x00\x00\x00\x00\x00\x00\
\x00\x00\x00\x00\x00\x00\x00\x00\x00\x00\x00\x00\x00\x00\x00\x00\
\x00\x00\x00\x00\x00\x00\x00\x00\x00\x00\x00\x00\x00\x00\x00\x00\
\x00\x00\x00\x00\x00\x00\x00\x00\x00\x00\x00\x00\x00\x00\x00\x00\
\x00\x00\x00\x00\x00\x00\x00\x00\x00\x00\x00\x00\x00\x00\x00\x00\
\x00\x00\x00\x00\x00\x00\x00\x00\x00\x00\x00\x00\x00\x00\x00\x00\
\x00\x00\x00\x00\x00\x00\x00\x00\x00\x00\x00\x00\x00\x00\x00\x00\
\x00\x00\x00\x00\x00\x00\x00\x00\x00\x00\x00\x00\x00\x00\x00\x00\
\x00\x00\x00\x00\x00\x00\x00\x00\x00\x00\x00\x00\x00\x00\x00\x00\
\x00\x00\x00\x00\x00\x00\x00\x00\x00\x00\x00\x00\x00\x00\x00\x00\
\x00\x00\x00\x00\x00\x00\x00\x00\x00\x00\x00\x00\x00\x00\x00\x00\
\x00\x00\x00\x00\x00\x00\x00\x00\x00\x00\x00\x00\x00\x00\x00\x00\
\x00\x00\x00\x00\x00\x00\x00\x00\x002\x06\x15\x002\x06\x15\
\x012\x06\x15\x052\x06\x15\x0a2\x06\x15\x13(\x00\x0e\
\x1czMG@\xcd\x9d\x7f\xde\xcd\x9c~\xff\xc8\x94x\
\xff\xc3\x8ct\xff\xbe\x85o\xff\xb9~j\xff\xb4vf\
\xff\xafoa\xff\xaah]\xff\xa5`X\xff\xa0YT\
\xff\x9bQO\xff\x95IK\xff\x8b?D\xc9B\x10\x1d\
01\x05\x14\x222\x06\x15\x1e1\x05\x14\x1f/\x05\x13\
#\xd4\xbb\x9a\x89\xf1\xda\xb2\xfb\xef\xd7\xb0\xff\xec\xd3\xae\
\xff\xea\xcf\xac\xff\xdc\xbf\xa0\xcf]68@+\x00\x10\
00\x04\x132D\x19$9\xca\xa5\x8e\xc1\xd6\xb0\x98\
\xff\xd3\xab\x94\xff\xd0\xa7\x91\xff\xce\xa3\x8f\xff\xbf\x93\x82\
\xb29\x0d\x1a%1\x05\x15\x182\x06\x15\x0f2\x06\x15\
\x082\x06\x15\x032\x06\x15\x00\x00\x00\x00\x00\x00\x00\x00\
\x00\x00\x00\x00\x00\x00\x00\x00\x00\x00\x00\x00\x00\x00\x00\x00\
\x00\x00\x00\x00\x00\x00\x00\x00\x00\x00\x00\x00\x00\x00\x00\x00\
\x00\x00\x00\x00\x00\x00\x00\x00\x00\x00\x00\x00\x00\x00\x00\x00\
\x00\x00\x00\x00\x00\x00\x00\x00\x00\x00\x00\x00\x00\x00\x00\x00\
\x00\x00\x00\x00\x00\x00\x00\x00\x00\x00\x00\x00\x00\x00\x00\x00\
\x00\x00\x00\x00\x00\x00\x00\x00\x00\x00\x00\x00\x00\x00\x00\x00\
\x00\x00\x00\x00\x00\x00\x00\x00\x00\x00\x00\x00\x00\x00\x00\x00\
\x00\x00\x00\x00\x00\x00\x00\x00\x00\x00\x00\x00\x00\x00\x00\x00\
\x00\x00\x00\x00\x00\x00\x00\x00\x00\x00\x00\x00\x00\x00\x00\x00\
\x00\x00\x00\x00\x00\x00\x00\x00\x00\x00\x00\x00\x00\x00\x00\x00\
\x00\x00\x00\x00\x00\x00\x00\x00\x00\x00\x00\x00\x00\x00\x00\x00\
\x00\x00\x00\x00\x00\x00\x00\x00\x002\x06\x15\x002\x06\x15\
\x012\x06\x15\x042\x06\x15\x0a2\x06\x15\x120\x04\x14\
\x1cJ\x1e%-\xc7\x99|\xc0\xcf\x9f\x80\xff\xca\x96z\
\xff\xc5\x8fu\xff\xbf\x87q\xff\xbb\x80l\xff\xb6yg\
\xff\xb1rc\xff\xacj^\xff\xa7cZ\xff\xa2[U\
\xff\x9dTQ\xff\x97LM\xff\x8dBF\xcbD\x11\x1e\
31\x05\x14%2\x06\x15#&\x00\x0b#\x91qc\
F\xee\xd8\xaf\xdf\xf2\xdc\xb3\xff\xef\xd7\xb0\xff\xec\xd3\xae\
\xff\xea\xd0\xac\xff\xcf\xb1\x96\xa8,\x00\x1012\x06\x15\
00\x04\x140A\x16!7\xc7\xa2\x8d\xb9\xd6\xb1\x98\
\xff\xd3\xac\x94\xff\xd1\xa7\x91\xff\xce\xa3\x8f\xff\xbe\x93\x82\
\xb29\x0d\x1a&1\x05\x15\x192\x06\x15\x0f2\x06\x15\
\x082\x06\x15\x032\x06\x15\x00\x00\x00\x00\x00\x00\x00\x00\
\x00\x00\x00\x00\x00\x00\x00\x00\x00\x00\x00\x00\x00\x00\x00\x00\
\x00\x00\x00\x00\x00\x00\x00\x00\x00\x00\x00\x00\x00\x00\x00\x00\
\x00\x00\x00\x00\x00\x00\x00\x00\x00\x00\x00\x00\x00\x00\x00\x00\
\x00\x00\x00\x00\x00\x00\x00\x00\x00\x00\x00\x00\x00\x00\x00\x00\
\x00\x00\x00\x00\x00\x00\x00\x00\x00\x00\x00\x00\x00\x00\x00\x00\
\x00\x00\x00\x00\x00\x00\x00\x00\x00\x00\x00\x00\x00\x00\x00\x00\
\x00\x00\x00\x00\x00\x00\x00\x00\x00\x00\x00\x00\x00\x00\x00\x00\
\x00\x00\x00\x00\x00\x00\x00\x00\x00\x00\x00\x00\x00\x00\x00\x00\
\x00\x00\x00\x00\x00\x00\x00\x00\x00\x00\x00\x00\x00\x00\x00\x00\
\x00\x00\x00\x00\x00\x00\x00\x00\x00\x00\x00\x00\x00\x00\x00\x00\
\x00\x00\x00\x00\x00\x00\x00\x00\x00\x00\x00\x00\x00\x00\x00\x00\
\x00\x00\x00\x00\x00\x00\x00\x00\x002\x06\x15\x002\x06\x15\
\x012\x06\x15\x052\x06\x15\x0a2\x06\x15\x122\x06\x15\
\x1d+\x00\x10'\xbc\x8ft\x99\xd1\xa1\x82\xff\xcb\x99|\
\xff\xc6\x92w\xff\xc1\x8ar\xff\xbc\x82n\xff\xb8{i\
\xff\xb3te\xff\xaem`\xff\xa9e\x5c\xff\xa4^W\
\xff\x9eVR\xff\x99ON\xff\x8fEG\xcdF\x13 \
81\x05\x14)2\x06\x15(\x22\x00\x08'\xcb\xb2\x93\
\x80\xf4\xdf\xb4\xfd\xf2\xdb\xb2\xff\xef\xd8\xb0\xff\xec\xd4\xae\
\xff\xea\xd0\xac\xff\xc3\xa5\x8c\x90&\x00\x0b/2\x06\x15\
/0\x04\x14/B\x17\x227\xc8\xa3\x8d\xba\xd6\xb1\x98\
\xff\xd3\xac\x94\xff\xd1\xa7\x91\xff\xce\xa4\x8f\xff\xbe\x92\x82\
\xb29\x0d\x1a&1\x05\x15\x192\x06\x15\x0f2\x06\x15\
\x082\x06\x15\x032\x06\x15\x00\x00\x00\x00\x00\x00\x00\x00\
\x00\x00\x00\x00\x00\x00\x00\x00\x00\x00\x00\x00\x00\x00\x00\x00\
\x00\x00\x00\x00\x00\x00\x00\x00\x00\x00\x00\x00\x00\x00\x00\x00\
\x00\x00\x00\x00\x00\x00\x00\x00\x00\x00\x00\x00\x00\x00\x00\x00\
\x00\x00\x00\x00\x00\x00\x00\x00\x00\x00\x00\x00\x00\x00\x00\x00\
\x00\x00\x00\x00\x00\x00\x00\x00\x00\x00\x00\x00\x00\x00\x00\x00\
\x00\x00\x00\x00\x00\x00\x00\x00\x00\x00\x00\x00\x00\x00\x00\x00\
\x00\x00\x00\x00\x00\x00\x00\x00\x00\x00\x00\x00\x00\x00\x00\x00\
\x00\x00\x00\x00\x00\x00\x00\x00\x00\x00\x00\x00\x00\x00\x00\x00\
\x00\x00\x00\x00\x00\x00\x00\x00\x00\x00\x00\x00\x00\x00\x00\x00\
\x00\x00\x00\x00\x00\x00\x00\x00\x00\x00\x00\x00\x00\x00\x00\x00\
\x00\x00\x00\x00\x00\x00\x00\x00\x00\x00\x00\x00\x00\x00\x00\x00\
\x00\x00\x00\x00\x002\x06\x15\x002\x06\x15\x012\x06\x15\
\x022\x06\x15\x062\x06\x15\x0c2\x06\x15\x142\x06\x15\
\x1e\x1c\x00\x06%\xad\x81j|\xd2\xa4\x83\xfd\xcd\x9c~\
\xff\xc8\x94y\xff\xc3\x8dt\xff\xbe\x85o\xff\xb9~k\
\xff\xb5wf\xff\xb0pb\xff\xabh]\xff\xa6aY\
\xff\xa0YT\xff\x9bRP\xff\x90GH\xcdD\x12\x1f\
;1\x05\x14-2\x06\x15-8\x0d\x1a0\xe2\xcb\xa5\
\xb2\xf5\xe0\xb5\xff\xf1\xdc\xb3\xff\xef\xd8\xb1\xff\xec\xd4\xae\
\xff\xe9\xcf\xab\xfe\xb8\x99\x83\x80$\x00\x0a/2\x06\x15\
00\x04\x140B\x17\x228\xc8\xa3\x8d\xba\xd6\xb1\x98\
\xff\xd3\xac\x95\xff\xd0\xa8\x92\xff\xce\xa4\x8f\xff\xbe\x93\x82\
\xb29\x0d\x1a&1\x05\x15\x192\x06\x15\x0f2\x06\x15\
\x082\x06\x15\x032\x06\x15\x00\x00\x00\x00\x00\x00\x00\x00\
\x00\x00\x00\x00\x00\x00\x00\x00\x00\x00\x00\x00\x00\x00\x00\x00\
\x00\x00\x00\x00\x00\x00\x00\x00\x00\x00\x00\x00\x00\x00\x00\x00\
\x00\x00\x00\x00\x00\x00\x00\x00\x00\x00\x00\x00\x00\x00\x00\x00\
\x00\x00\x00\x00\x00\x00\x00\x00\x00\x00\x00\x00\x00\x00\x00\x00\
\x00\x00\x00\x00\x00\x00\x00\x00\x00\x00\x00\x00\x00\x00\x00\x00\
\x00\x00\x00\x00\x00\x00\x00\x00\x00\x00\x00\x00\x00\x00\x00\x00\
\x00\x00\x00\x00\x00\x00\x00\x00\x00\x00\x00\x00\x00\x00\x00\x00\
\x00\x00\x00\x00\x00\x00\x00\x00\x00\x00\x00\x00\x00\x00\x00\x00\
\x00\x00\x00\x00\x00\x00\x00\x00\x00\x00\x00\x00\x00\x00\x00\x00\
\x00\x00\x00\x00\x00\x00\x00\x00\x00\x00\x00\x00\x00\x00\x00\x00\
\x00\x00\x00\x00\x00\x00\x00\x00\x00\x00\x00\x00\x00\x00\x00\x00\
\x00\x00\x00\x00\x002\x06\x15\x002\x06\x15\x012\x06\x15\
\x032\x06\x15\x082\x06\x15\x0e2\x06\x15\x17)\x00\x0f\
 j@<;\xcb\xa0\x80\xbe\xd5\xa7\x85\xff\xcf\x9f\x80\
\xff\xca\x97{\xff\xc5\x90v\xff\xc0\x88q\xff\xbb\x81m\
\xff\xb6zh\xff\xb1rc\xff\xack_\xff\xa7cZ\
\xff\xa2\x5cV\xff\x9dUQ\xff\x92IJ\xcfE\x13\x1f\
?.\x03\x131/\x03\x131\x5c58?\xea\xd5\xac\
\xd0\xf5\xe0\xb5\xff\xf1\xdc\xb3\xff\xef\xd8\xb1\xff\xed\xd4\xae\
\xff\xe9\xcf\xab\xfd\xad\x8cyu#\x00\x091+\x03\x10\
1#\x00\x09/7\x11\x196\xc7\xa2\x8c\xb9\xd7\xb1\x98\
\xff\xd3\xac\x95\xff\xd1\xa8\x92\xff\xce\xa4\x8f\xff\xbf\x93\x82\
\xb29\x0d\x1a%1\x05\x15\x182\x06\x15\x0f2\x06\x15\
\x082\x06\x15\x032\x06\x15\x00\x00\x00\x00\x00\x00\x00\x00\
\x00\x00\x00\x00\x00\x00\x00\x00\x00\x00\x00\x00\x00\x00\x00\x00\
\x00\x00\x00\x00\x00\x00\x00\x00\x00\x00\x00\x00\x00\x00\x00\x00\
\x00\x00\x00\x00\x00\x00\x00\x00\x00\x00\x00\x00\x00\x00\x00\x00\
\x00\x00\x00\x00\x00\x00\x00\x00\x00\x00\x00\x00\x00\x00\x00\x00\
\x00\x00\x00\x00\x00\x00\x00\x00\x00\x00\x00\x00\x00\x00\x00\x00\
\x00\x00\x00\x00\x00\x00\x00\x00\x00\x00\x00\x00\x00\x00\x00\x00\
\x00\x00\x00\x00\x00\x00\x00\x00\x00\x00\x00\x00\x00\x00\x00\x00\
\x00\x00\x00\x00\x00\x00\x00\x00\x00\x00\x00\x00\x00\x00\x00\x00\
\x00\x00\x00\x00\x00\x00\x00\x00\x00\x00\x00\x00\x00\x00\x00\x00\
\x00\x00\x00\x00\x00\x00\x00\x00\x00\x00\x00\x00\x00\x00\x00\x00\
\x00\x00\x00\x00\x00\x00\x00\x00\x00\x00\x00\x00\x00\x00\x00\x00\
\x00\x00\x00\x00\x002\x06\x15\x002\x06\x15\x022\x06\x15\
\x052\x06\x15\x0a2\x06\x15\x12-\x01\x11\x1bO'*\
,\xca\xa3\x81\xa1\xdb\xb1\x8c\xfd\xd6\xaa\x87\xff\xd1\xa2\x82\
\xff\xcc\x9a}\xff\xc7\x92x\xff\xc2\x8bs\xff\xbd\x83n\
\xff\xb8|j\xff\xb3ue\xff\xaena\xff\xa9f\x5c\
\xff\xa4_W\xff\x9fWS\xff\x99ON\xf4\x88AD\
\xae[!+S(\x00\x0e4sPKL\xed\xd9\xaf\
\xdd\xf5\xe0\xb5\xff\xf2\xdc\xb3\xff\xef\xd8\xb1\xff\xed\xd4\xae\
\xff\xe9\xcf\xab\xfc\xa6\x86tp\x1d\x00\x042\x8ae\x5c\
W\xaf\x8cz{\xae\x88x~\xcf\xaa\x93\xd2\xd7\xb1\x98\
\xff\xd4\xac\x95\xff\xd1\xa8\x92\xff\xce\xa4\x8f\xff\xbf\x94\x83\
\xb19\x0d\x1a#1\x05\x15\x172\x06\x15\x0e2\x06\x15\
\x072\x06\x15\x032\x06\x15\x00\x00\x00\x00\x00\x00\x00\x00\
\x00\x00\x00\x00\x00\x00\x00\x00\x00\x00\x00\x00\x00\x00\x00\x00\
\x00\x00\x00\x00\x00\x00\x00\x00\x00\x00\x00\x00\x00\x00\x00\x00\
\x00\x00\x00\x00\x00\x00\x00\x00\x00\x00\x00\x00\x00\x00\x00\x00\
\x00\x00\x00\x00\x00\x00\x00\x00\x00\x00\x00\x00\x00\x00\x00\x00\
\x00\x00\x00\x00\x00\x00\x00\x00\x00\x00\x00\x00\x00\x00\x00\x00\
\x00\x00\x00\x00\x00\x00\x00\x00\x00\x00\x00\x00\x00\x00\x00\x00\
\x00\x00\x00\x00\x00\x00\x00\x00\x00\x00\x00\x00\x00\x00\x00\x00\
\x00\x00\x00\x00\x00\x00\x00\x00\x00\x00\x00\x00\x00\x00\x00\x00\
\x00\x00\x00\x00\x00\x00\x00\x00\x00\x00\x00\x00\x00\x00\x00\x00\
\x00\x00\x00\x00\x00\x00\x00\x00\x00\x00\x00\x00\x00\x00\x00\x00\
\x00\x00\x00\x00\x00\x00\x00\x00\x00\x00\x00\x00\x00\x00\x00\x00\
\x00\x00\x00\x00\x002\x06\x15\x012\x06\x15\x032\x06\x15\
\x072\x06\x15\x0d1\x05\x15\x15*\x00\x10\x1f\xc3\x9e~\
|\xe1\xbb\x92\xf7\xdd\xb5\x8e\xff\xd8\xad\x89\xff\xd3\xa5\x83\
\xff\xce\x9d\x7f\xff\xc9\x95z\xff\xc4\x8eu\xff\xbf\x86p\
\xff\xba\x7fk\xff\xb5xg\xff\xb0pb\xff\xabi^\
\xff\xa6aY\xff\xa1ZT\xff\x9cSP\xff\x96KL\
\xff\x8a@D\xcaM\x15\x22MrOJO\xed\xd8\xaf\
\xde\xf5\xe0\xb5\xff\xf2\xdc\xb3\xff\xf0\xd8\xb1\xff\xed\xd4\xaf\
\xff\xea\xcf\xac\xfc\xa6\x85tq\x12\x00\x000\xc2\xa1\x8a\
\x9a\xdf\xbf\xa1\xff\xdc\xba\x9e\xff\xda\xb6\x9b\xff\xd7\xb2\x98\
\xff\xd4\xad\x96\xff\xd2\xa9\x93\xff\xcf\xa5\x90\xff\xc1\x95\x84\
\xb1:\x0e\x1b!1\x05\x15\x152\x06\x15\x0d2\x06\x15\
\x072\x06\x15\x022\x06\x15\x00\x00\x00\x00\x00\x00\x00\x00\
\x00\x00\x00\x00\x00\x00\x00\x00\x00\x00\x00\x00\x00\x00\x00\x00\
\x00\x00\x00\x00\x00\x00\x00\x00\x00\x00\x00\x00\x00\x00\x00\x00\
\x00\x00\x00\x00\x00\x00\x00\x00\x00\x00\x00\x00\x00\x00\x00\x00\
\x00\x00\x00\x00\x00\x00\x00\x00\x00\x00\x00\x00\x00\x00\x00\x00\
\x00\x00\x00\x00\x00\x00\x00\x00\x00\x00\x00\x00\x00\x00\x00\x00\
\x00\x00\x00\x00\x00\x00\x00\x00\x00\x00\x00\x00\x00\x00\x00\x00\
\x00\x00\x00\x00\x00\x00\x00\x00\x00\x00\x00\x00\x00\x00\x00\x00\
\x00\x00\x00\x00\x00\x00\x00\x00\x00\x00\x00\x00\x00\x00\x00\x00\
\x00\x00\x00\x00\x00\x00\x00\x00\x00\x00\x00\x00\x00\x00\x00\x00\
\x00\x00\x00\x00\x00\x00\x00\x00\x00\x00\x00\x00\x00\x00\x00\x00\
\x00\x00\x00\x00\x00\x00\x00\x00\x00\x00\x00\x00\x00\x00\x00\x00\
\x002\x06\x15\x002\x06\x15\x012\x06\x15\x042\x06\x15\
\x092\x06\x15\x10*\x00\x0f\x19jA>0\xdf\xbd\x93\
\xcb\xe5\xc0\x95\xff\xdf\xb8\x90\xff\xda\xaf\x8a\xff\xd5\xa8\x85\
\xff\xd0\xa0\x80\xff\xca\x98{\xff\xc5\x90v\xff\xc1\x89r\
\xff\xbc\x81m\xff\xb7zh\xff\xb2sd\xff\xadl_\
\xff\xa8d[\xff\xa3]V\xff\x9dUR\xff\x98NM\
\xff\x93FI\xfe|4;\x9fqMIS\xed\xd8\xaf\
\xde\xf5\xe0\xb5\xff\xf2\xdc\xb3\xff\xf0\xd9\xb1\xff\xed\xd5\xaf\
\xff\xea\xd0\xac\xfc\xa7\x86up\x16\x00\x000\xb3\x91~\
|\xd4\xb3\x98\xc7\xd0\xae\x95\xc5\xce\xa9\x92\xc5\xcb\xa5\x8e\
\xc6\xc8\xa0\x8c\xc6\xc6\x9d\x89\xc5\xc5\x9a\x88\xc6\xb6\x8a|\
\x888\x0c\x1a\x1e2\x06\x15\x132\x06\x15\x0b2\x06\x15\
\x062\x06\x15\x022\x06\x15\x00\x00\x00\x00\x00\x00\x00\x00\
\x00\x00\x00\x00\x00\x00\x00\x00\x00\x00\x00\x00\x00\x00\x00\x00\
\x00\x00\x00\x00\x00\x00\x00\x00\x00\x00\x00\x00\x00\x00\x00\x00\
\x00\x00\x00\x00\x00\x00\x00\x00\x00\x00\x00\x00\x00\x00\x00\x00\
\x00\x00\x00\x00\x00\x00\x00\x00\x00\x00\x00\x00\x00\x00\x00\x00\
\x00\x00\x00\x00\x00\x00\x00\x00\x00\x00\x00\x00\x00\x00\x00\x00\
\x00\x00\x00\x00\x00\x00\x00\x00\x00\x00\x00\x00\x00\x00\x00\x00\
\x00\x00\x00\x00\x00\x00\x00\x00\x00\x00\x00\x00\x00\x00\x00\x00\
\x00\x00\x00\x00\x00\x00\x00\x00\x00\x00\x00\x00\x00\x00\x00\x00\
\x00\x00\x00\x00\x00\x00\x00\x00\x00\x00\x00\x00\x00\x00\x00\x00\
\x00\x00\x00\x00\x00\x00\x00\x00\x00\x00\x00\x00\x00\x00\x00\x00\
\x00\x00\x00\x00\x00\x00\x00\x00\x00\x00\x00\x00\x00\x00\x00\x00\
\x002\x06\x15\x002\x06\x15\x022\x06\x15\x062\x06\x15\
\x0b2\x06\x15\x14\x1e\x00\x06\x1b\xa5\x81iQ\xe8\xc6\x99\
\xee\xe6\xc2\x97\xff\xe1\xbb\x92\xff\xdc\xb3\x8d\xff\xd7\xaa\x87\
\xff\xd2\xa3\x82\xff\xcc\x9b}\xff\xc7\x93x\xff\xc2\x8cs\
\xff\xbd\x84n\xff\xb9}j\xff\xb4ve\xff\xafoa\
\xff\xaag\x5c\xff\xa5_X\xff\xa0XS\xff\x9aQO\
\xff\x95IK\xff\x8d?E\xeb|CDy\xeb\xd7\xae\
\xd5\xf5\xe1\xb6\xff\xf2\xdc\xb3\xff\xf0\xd9\xb1\xff\xed\xd5\xaf\
\xff\xea\xd0\xac\xfc\xad\x8dzt\x22\x00\x08/9\x0e\x1b\
0@\x15!0@\x15 0?\x14 2>\x13\x1f\
4=\x12\x1e5>\x12\x1e3?\x13\x1f/<\x10\x1d\
&2\x06\x15\x1a2\x06\x15\x112\x06\x15\x0a2\x06\x15\
\x052\x06\x15\x022\x06\x15\x00\x00\x00\x00\x00\x00\x00\x00\
\x00\x00\x00\x00\x00\x00\x00\x00\x00\x00\x00\x00\x00\x00\x00\x00\
\x00\x00\x00\x00\x00\x00\x00\x00\x00\x00\x00\x00\x00\x00\x00\x00\
\x00\x00\x00\x00\x00\x00\x00\x00\x00\x00\x00\x00\x00\x00\x00\x00\
\x00\x00\x00\x00\x00\x00\x00\x00\x00\x00\x00\x00\x00\x00\x00\x00\
\x00\x00\x00\x00\x00\x00\x00\x00\x00\x00\x00\x00\x00\x00\x00\x00\
\x00\x00\x00\x00\x00\x00\x00\x00\x00\x00\x00\x00\x00\x00\x00\x00\
\x00\x00\x00\x00\x00\x00\x00\x00\x00\x00\x00\x00\x00\x00\x00\x00\
\x00\x00\x00\x00\x00\x00\x00\x00\x00\x00\x00\x00\x00\x00\x00\x00\
\x00\x00\x00\x00\x00\x00\x00\x00\x00\x00\x00\x00\x00\x00\x00\x00\
\x00\x00\x00\x00\x00\x00\x00\x00\x00\x00\x00\x00\x00\x00\x00\x00\
\x00\x00\x00\x00\x00\x00\x00\x00\x00\x00\x00\x00\x002\x06\x15\
\x002\x06\x15\x012\x06\x15\x032\x06\x15\x072\x06\x15\
\x0e2\x06\x15\x17\x1c\x00\x05\x1f\xcb\xaa\x86\x80\xec\xcc\x9d\
\xfe\xe7\xc5\x98\xfe\xd9\xb3\x8c\xd9\xd6\xad\x89\xe3\xd9\xad\x89\
\xff\xd3\xa6\x84\xff\xce\x9e\x7f\xff\xc9\x96z\xff\xc4\x8eu\
\xff\xbf\x87p\xff\xba\x80l\xff\xb6xg\xff\xb1qc\
\xff\xabj^\xff\xa6bY\xfa\x92OL\xb2\x88DE\
\xa6\x96KK\xf7\x92DH\xff\x89=C\xd0\xd9\xba\x9a\
\xd9\xf6\xe3\xb7\xff\xf3\xdd\xb3\xff\xf0\xd9\xb1\xff\xed\xd5\xaf\
\xff\xea\xd1\xac\xfe\xb9\x9a\x84~#\x00\x09,2\x06\x15\
*1\x05\x15'1\x05\x15'1\x05\x14)5\x09\x18\
.6\x0c\x190&\x00\x0c+.\x03\x12(2\x06\x15\
!2\x06\x15\x182\x06\x15\x0f2\x06\x15\x082\x06\x15\
\x042\x06\x15\x012\x06\x15\x00\x00\x00\x00\x00\x00\x00\x00\
\x00\x00\x00\x00\x00\x00\x00\x00\x00\x00\x00\x00\x00\x00\x00\x00\
\x00\x00\x00\x00\x00\x00\x00\x00\x00\x00\x00\x00\x00\x00\x00\x00\
\x00\x00\x00\x00\x00\x00\x00\x00\x00\x00\x00\x00\x00\x00\x00\x00\
\x00\x00\x00\x00\x00\x00\x00\x00\x00\x00\x00\x00\x00\x00\x00\x00\
\x00\x00\x00\x00\x00\x00\x00\x00\x00\x00\x00\x00\x00\x00\x00\x00\
\x00\x00\x00\x00\x00\x00\x00\x00\x00\x00\x00\x00\x00\x00\x00\x00\
\x00\x00\x00\x00\x00\x00\x00\x00\x00\x00\x00\x00\x00\x00\x00\x00\
\x00\x00\x00\x00\x00\x00\x00\x00\x00\x00\x00\x00\x00\x00\x00\x00\
\x00\x00\x00\x00\x00\x00\x00\x00\x00\x00\x00\x00\x00\x00\x00\x00\
\x00\x00\x00\x00\x00\x00\x00\x00\x00\x00\x00\x00\x00\x00\x00\x00\
\x00\x00\x00\x00\x00\x00\x00\x00\x002\x06\x15\x002\x06\x15\
\x012\x06\x15\x022\x06\x15\x052\x06\x15\x0a2\x06\x15\
\x121\x04\x14\x1bB\x18!)\xe1\xc3\x97\xb3\xef\xd0\xa0\
\xff\xe4\xc2\x96\xe8\x87_Rb\xb6\x8cr\x96\xdb\xb1\x8b\
\xff\xd6\xa8\x86\xff\xd0\xa1\x81\xff\xcb\x99|\xff\xc6\x91w\
\xff\xc1\x8ar\xff\xbc\x82m\xff\xb7{i\xff\xb2td\
\xff\xadm`\xff\xa4bY\xe4Z%,UB\x11\x1e\
G\x90GH\xcb\x94GJ\xff\x8e?E\xfe\x9cUU\
\xfa\xc8\x99\x85\xff\xef\xd7\xaf\xff\xf0\xd9\xb2\xff\xed\xd5\xaf\
\xff\xea\xd1\xac\xff\xc4\xa6\x8c\x8b$\x00\x0a*2\x06\x15\
'2\x06\x15$2\x06\x15$-\x01\x11&a7;\
9\xba\x92\x81\x92\xa0wlfW+211\x05\x14\
\x1f2\x06\x15\x162\x06\x15\x0d2\x06\x15\x072\x06\x15\
\x032\x06\x15\x012\x06\x15\x00\x00\x00\x00\x00\x00\x00\x00\
\x00\x00\x00\x00\x00\x00\x00\x00\x00\x00\x00\x00\x00\x00\x00\x00\
\x00\x00\x00\x00\x00\x00\x00\x00\x00\x00\x00\x00\x00\x00\x00\x00\
\x00\x00\x00\x00\x00\x00\x00\x00\x00\x00\x00\x00\x00\x00\x00\x00\
\x00\x00\x00\x00\x00\x00\x00\x00\x00\x00\x00\x00\x00\x00\x00\x00\
\x00\x00\x00\x00\x00\x00\x00\x00\x00\x00\x00\x00\x00\x00\x00\x00\
\x00\x00\x00\x00\x00\x00\x00\x00\x00\x00\x00\x00\x00\x00\x00\x00\
\x00\x00\x00\x00\x00\x00\x00\x00\x00\x00\x00\x00\x00\x00\x00\x00\
\x00\x00\x00\x00\x00\x00\x00\x00\x00\x00\x00\x00\x00\x00\x00\x00\
\x00\x00\x00\x00\x00\x00\x00\x00\x00\x00\x00\x00\x00\x00\x00\x00\
\x00\x00\x00\x00\x00\x00\x00\x00\x00\x00\x00\x00\x00\x00\x00\x00\
\x00\x00\x00\x00\x00\x00\x00\x00\x002\x06\x15\x002\x06\x15\
\x012\x06\x15\x032\x06\x15\x072\x06\x15\x0d2\x06\x15\
\x16&\x00\x0c\x1e\x85bS?\xed\xd1\xa0\xdd\xf1\xd3\xa2\
\xff\xd2\xb0\x8a\xb0.\x01\x12=\xa5|g\x7f\xdc\xb3\x8d\
\xfd\xd7\xab\x88\xff\xd2\xa3\x83\xff\xcd\x9c~\xff\xc8\x94y\
\xff\xc3\x8ct\xff\xbe\x85o\xff\xb9~j\xff\xb4wf\
\xff\xb0ob\xff\xa3bY\xd3L\x1b$I)\x00\x10\
9~;?\x8b\x95IK\xfd\x90BG\xff\x8a8A\
\xff\x90CI\xff\xe0\xc0\xa0\xff\xf1\xdb\xb3\xff\xed\xd6\xaf\
\xff\xeb\xd2\xad\xff\xd0\xb3\x96\xa3)\x00\x0e+2\x06\x15\
'2\x06\x15$2\x06\x15$+\x00\x0f%pFF\
>\xcf\xa8\x92\xdd\xd0\xa9\x92\xf7\xbf\x95\x84\x9eL )\
#.\x02\x12\x142\x06\x15\x0c2\x06\x15\x062\x06\x15\
\x022\x06\x15\x01\x00\x00\x00\x00\x00\x00\x00\x00\x00\x00\x00\
\x00\x00\x00\x00\x00\x00\x00\x00\x00\x00\x00\x00\x00\x00\x00\x00\
\x00\x00\x00\x00\x00\x00\x00\x00\x00\x00\x00\x00\x00\x00\x00\x00\
\x00\x00\x00\x00\x00\x00\x00\x00\x00\x00\x00\x00\x00\x00\x00\x00\
\x00\x00\x00\x00\x00\x00\x00\x00\x00\x00\x00\x00\x00\x00\x00\x00\
\x00\x00\x00\x00\x00\x00\x00\x00\x00\x00\x00\x00\x00\x00\x00\x00\
\x00\x00\x00\x00\x00\x00\x00\x00\x00\x00\x00\x00\x00\x00\x00\x00\
\x00\x00\x00\x00\x00\x00\x00\x00\x00\x00\x00\x00\x00\x00\x00\x00\
\x00\x00\x00\x00\x00\x00\x00\x00\x00\x00\x00\x00\x00\x00\x00\x00\
\x00\x00\x00\x00\x00\x00\x00\x00\x00\x00\x00\x00\x00\x00\x00\x00\
\x00\x00\x00\x00\x00\x00\x00\x00\x00\x00\x00\x00\x00\x00\x00\x00\
\x00\x00\x00\x00\x00\x00\x00\x00\x002\x06\x15\x002\x06\x15\
\x012\x06\x15\x042\x06\x15\x092\x06\x15\x100\x04\x14\
\x1a$\x00\x0a\x22\xcc\xaf\x89y\xf5\xda\xa6\xfa\xef\xd2\xa1\
\xf3\xa1}fn\x1c\x00\x058\x94l[m\xdc\xb4\x8d\
\xf6\xd9\xae\x8a\xff\xd4\xa6\x85\xff\xcf\x9e\x80\xff\xca\x97z\
\xff\xc5\x8fv\xff\xc0\x88q\xff\xbb\x80l\xff\xb6yh\
\xff\xb1rc\xff\xa6f[\xd7P\x1f'J*\x00\x10\
7g,2`\x96KK\xf0\x93EH\xff\x8c<C\
\xff\x9aRS\xff\xe7\xcb\xa7\xff\xf1\xdb\xb3\xff\xee\xd6\xaf\
\xff\xec\xd2\xad\xff\xdb\xc0\xa0\xc5Q*.6.\x02\x12\
)2\x06\x15&2\x06\x15&'\x00\x0c'\x89aZ\
N\xd2\xab\x94\xec\xd2\xaa\x94\xff\xc1\x98\x86\xa03\x07\x15\
\x1d1\x05\x14\x132\x06\x15\x0b2\x06\x15\x052\x06\x15\
\x022\x06\x15\x00\x00\x00\x00\x00\x00\x00\x00\x00\x00\x00\x00\
\x00\x00\x00\x00\x00\x00\x00\x00\x00\x00\x00\x00\x00\x00\x00\x00\
\x00\x00\x00\x00\x00\x00\x00\x00\x00\x00\x00\x00\x00\x00\x00\x00\
\x00\x00\x00\x00\x00\x00\x00\x00\x00\x00\x00\x00\x00\x00\x00\x00\
\x00\x00\x00\x00\x00\x00\x00\x00\x00\x00\x00\x00\x00\x00\x00\x00\
\x00\x00\x00\x00\x00\x00\x00\x00\x00\x00\x00\x00\x00\x00\x00\x00\
\x00\x00\x00\x00\x00\x00\x00\x00\x00\x00\x00\x00\x00\x00\x00\x00\
\x00\x00\x00\x00\x00\x00\x00\x00\x00\x00\x00\x00\x00\x00\x00\x00\
\x00\x00\x00\x00\x00\x00\x00\x00\x00\x00\x00\x00\x00\x00\x00\x00\
\x00\x00\x00\x00\x00\x00\x00\x00\x00\x00\x00\x00\x00\x00\x00\x00\
\x00\x00\x00\x00\x00\x00\x00\x00\x00\x00\x00\x00\x00\x00\x00\x00\
\x00\x00\x00\x00\x00\x00\x00\x00\x002\x06\x15\x002\x06\x15\
\x022\x06\x15\x062\x06\x15\x0b1\x05\x15\x13*\x00\x0f\
\x1d\xc5\xa9\x85c\xf6\xde\xa9\xe5\xf8\xde\xa9\xff\xe7\xcb\x9c\
\xd3]54H'\x00\x0d9\x81WM\x5c\xdb\xb3\x8d\
\xea\xdb\xb1\x8c\xff\xd6\xa9\x86\xff\xd1\xa1\x81\xff\xcc\x9a|\
\xff\xc6\x92w\xff\xc1\x8ar\xff\xbd\x83n\xff\xb8|i\
\xff\xb3ue\xff\xabk^\xe8c.2T*\x00\x10\
6R\x1d'J\x91II\xca\x93GI\xf9\x8f?E\
\xff\x94HL\xf9\xde\xbe\x9e\xf2\xf2\xdc\xb3\xff\xee\xd6\xaf\
\xff\xec\xd2\xae\xff\xe6\xca\xa8\xef\xa1\x7foa\x1b\x00\x03\
)-\x02\x11*,\x01\x10) \x00\x06)\xb4\x8d}\
\x82\xd5\xae\x96\xfd\xd0\xa8\x92\xf1\xa4zoY\x1d\x00\x04\
\x172\x06\x15\x112\x06\x15\x0a2\x06\x15\x052\x06\x15\
\x022\x06\x15\x00\x00\x00\x00\x00\x00\x00\x00\x00\x00\x00\x00\
\x00\x00\x00\x00\x00\x00\x00\x00\x00\x00\x00\x00\x00\x00\x00\x00\
\x00\x00\x00\x00\x00\x00\x00\x00\x00\x00\x00\x00\x00\x00\x00\x00\
\x00\x00\x00\x00\x00\x00\x00\x00\x00\x00\x00\x00\x00\x00\x00\x00\
\x00\x00\x00\x00\x00\x00\x00\x00\x00\x00\x00\x00\x00\x00\x00\x00\
\x00\x00\x00\x00\x00\x00\x00\x00\x00\x00\x00\x00\x00\x00\x00\x00\
\x00\x00\x00\x00\x00\x00\x00\x00\x00\x00\x00\x00\x00\x00\x00\x00\
\x00\x00\x00\x00\x00\x00\x00\x00\x00\x00\x00\x00\x00\x00\x00\x00\
\x00\x00\x00\x00\x00\x00\x00\x00\x00\x00\x00\x00\x00\x00\x00\x00\
\x00\x00\x00\x00\x00\x00\x00\x00\x00\x00\x00\x00\x00\x00\x00\x00\
\x00\x00\x00\x00\x00\x00\x00\x00\x00\x00\x00\x00\x00\x00\x00\x00\
\x00\x00\x00\x00\x00\x00\x00\x00\x002\x06\x15\x012\x06\x15\
\x032\x06\x15\x072\x06\x15\x0d,\x00\x11\x16X12\
'\xf1\xda\xa6\xba\xfd\xe7\xaf\xff\xf9\xe0\xab\xff\xf1\xd6\xa4\
\xf2\xaf\x8dqu#\x00\x0a7e;:L\xd9\xb3\x8c\
\xde\xdd\xb4\x8e\xff\xd8\xac\x89\xff\xd3\xa4\x83\xff\xce\x9d~\
\xff\xc8\x94y\xff\xc3\x8dt\xff\xbe\x86o\xff\xb9~k\
\xff\xb5wf\xff\xafoa\xf7\x80GDp)\x00\x0f\
45\x08\x178S\x1e'J\x89@D\xb5\x91CG\
\xff\x8b:B\xfd\xa4jc\xca\xe9\xd2\xac\xe3\xef\xd7\xb0\
\xff\xec\xd2\xae\xff\xe9\xce\xab\xff\xdc\xbe\xa0\xce\xa0}o\
bd;=>jBB@\xaa\x84uo\xd3\xae\x95\
\xe0\xd6\xaf\x97\xff\xc4\x9c\x88\xa4M\x22*%.\x02\x12\
\x162\x06\x15\x0e2\x06\x15\x082\x06\x15\x032\x06\x15\
\x012\x06\x15\x00\x00\x00\x00\x00\x00\x00\x00\x00\x00\x00\x00\
\x00\x00\x00\x00\x00\x00\x00\x00\x00\x00\x00\x00\x00\x00\x00\x00\
\x00\x00\x00\x00\x00\x00\x00\x00\x00\x00\x00\x00\x00\x00\x00\x00\
\x00\x00\x00\x00\x00\x00\x00\x00\x00\x00\x00\x00\x00\x00\x00\x00\
\x00\x00\x00\x00\x00\x00\x00\x00\x00\x00\x00\x00\x00\x00\x00\x00\
\x00\x00\x00\x00\x00\x00\x00\x00\x00\x00\x00\x00\x00\x00\x00\x00\
\x00\x00\x00\x00\x00\x00\x00\x00\x00\x00\x00\x00\x00\x00\x00\x00\
\x00\x00\x00\x00\x00\x00\x00\x00\x00\x00\x00\x00\x00\x00\x00\x00\
\x00\x00\x00\x00\x00\x00\x00\x00\x00\x00\x00\x00\x00\x00\x00\x00\
\x00\x00\x00\x00\x00\x00\x00\x00\x00\x00\x00\x00\x00\x00\x00\x00\
\x00\x00\x00\x00\x00\x00\x00\x00\x00\x00\x00\x00\x00\x00\x00\x00\
\x00\x00\x00\x00\x00\x00\x00\x00\x002\x06\x15\x012\x06\x15\
\x032\x06\x15\x082\x06\x15\x0f*\x00\x0f\x18iC?\
.\xf4\xdd\xa8\xc7\xfe\xe8\xb0\xff\xfa\xe2\xac\xff\xf5\xdb\xa7\
\xfa\xb8\x97xz\x22\x00\x095O%*A\xd6\xb0\x8a\
\xcd\xe0\xb8\x90\xff\xda\xaf\x8a\xff\xd4\xa7\x85\xff\xcf\x9f\x80\
\xff\xca\x97{\xff\xc5\x90v\xff\xc0\x89q\xff\xbb\x81m\
\xff\xb6zh\xff\xb2sd\xff\x97[R\x9a-\x01\x12\
52\x06\x155(\x00\x103y7<\x80\x92EH\
\xfc\x8e>D\xff\x844>\xda\x98mc}\xde\xc5\xa2\
\xc7\xea\xd1\xad\xfa\xe9\xcf\xab\xff\xe7\xca\xa9\xff\xe1\xc3\xa4\
\xf1\xd8\xb8\x9c\xd6\xd7\xb5\x9a\xda\xd9\xb6\x9b\xf7\xd7\xb3\x99\
\xfa\xc9\xa3\x8d\xb0wOK5(\x00\x0d\x192\x06\x15\
\x122\x06\x15\x0b2\x06\x15\x062\x06\x15\x032\x06\x15\
\x012\x06\x15\x00\x00\x00\x00\x00\x00\x00\x00\x00\x00\x00\x00\
\x00\x00\x00\x00\x00\x00\x00\x00\x00\x00\x00\x00\x00\x00\x00\x00\
\x00\x00\x00\x00\x00\x00\x00\x00\x00\x00\x00\x00\x00\x00\x00\x00\
\x00\x00\x00\x00\x00\x00\x00\x00\x00\x00\x00\x00\x00\x00\x00\x00\
\x00\x00\x00\x00\x00\x00\x00\x00\x00\x00\x00\x00\x00\x00\x00\x00\
\x00\x00\x00\x00\x00\x00\x00\x00\x00\x00\x00\x00\x00\x00\x00\x00\
\x00\x00\x00\x00\x00\x00\x00\x00\x00\x00\x00\x00\x00\x00\x00\x00\
\x00\x00\x00\x00\x00\x00\x00\x00\x00\x00\x00\x00\x00\x00\x00\x00\
\x00\x00\x00\x00\x00\x00\x00\x00\x00\x00\x00\x00\x00\x00\x00\x00\
\x00\x00\x00\x00\x00\x00\x00\x00\x00\x00\x00\x00\x00\x00\x00\x00\
\x00\x00\x00\x00\x00\x00\x00\x00\x00\x00\x00\x00\x00\x00\x00\x00\
\x00\x00\x00\x00\x00\x00\x00\x00\x002\x06\x15\x012\x06\x15\
\x042\x06\x15\x092\x06\x15\x10)\x00\x0e\x19qLE\
2\xf5\xdf\xa9\xcd\xff\xe9\xb1\xff\xfc\xe5\xad\xff\xf2\xd8\xa5\
\xe6\x86aTS(\x00\x0e4B\x17!;\xd2\xad\x88\
\xbb\xe1\xba\x92\xff\xdc\xb2\x8c\xff\xd6\xaa\x87\xff\xd1\xa2\x82\
\xff\xcc\x9a}\xff\xc7\x93x\xff\xc2\x8bs\xff\xbd\x83n\
\xff\xb8}j\xff\xb4ve\xff\xa6h\x5c\xcbI\x19#\
A0\x05\x145+\x01\x114r38p\x94HJ\
\xf8\x8fAF\xff\x8a9B\xfbi#/|Z57\
F\xb2\x93\x7f}\xd4\xb7\x9a\xb5\xdd\xc0\xa0\xd6\xde\xc0\xa1\
\xe5\xdd\xbd\x9f\xea\xd7\xb6\x9b\xdc\xce\xab\x93\xbc\xb6\x90~\
wf>>/'\x00\x0c\x1a2\x06\x15\x142\x06\x15\
\x0d2\x06\x15\x082\x06\x15\x042\x06\x15\x022\x06\x15\
\x00\x00\x00\x00\x00\x00\x00\x00\x00\x00\x00\x00\x00\x00\x00\x00\
\x00\x00\x00\x00\x00\x00\x00\x00\x00\x00\x00\x00\x00\x00\x00\x00\
\x00\x00\x00\x00\x00\x00\x00\x00\x00\x00\x00\x00\x00\x00\x00\x00\
\x00\x00\x00\x00\x00\x00\x00\x00\x00\x00\x00\x00\x00\x00\x00\x00\
\x00\x00\x00\x00\x00\x00\x00\x00\x00\x00\x00\x00\x00\x00\x00\x00\
\x00\x00\x00\x00\x00\x00\x00\x00\x00\x00\x00\x00\x00\x00\x00\x00\
\x00\x00\x00\x00\x00\x00\x00\x00\x00\x00\x00\x00\x00\x00\x00\x00\
\x00\x00\x00\x00\x00\x00\x00\x00\x00\x00\x00\x00\x00\x00\x00\x00\
\x00\x00\x00\x00\x00\x00\x00\x00\x00\x00\x00\x00\x00\x00\x00\x00\
\x00\x00\x00\x00\x00\x00\x00\x00\x00\x00\x00\x00\x00\x00\x00\x00\
\x00\x00\x00\x00\x00\x00\x00\x00\x00\x00\x00\x00\x00\x00\x00\x00\
\x00\x00\x00\x00\x00\x00\x00\x00\x002\x06\x15\x012\x06\x15\
\x042\x06\x15\x092\x06\x15\x11(\x00\x0d\x1ayUK\
6\xf6\xe0\xaa\xd3\xff\xea\xb1\xff\xfd\xe7\xaf\xff\xe9\xcf\x9f\
\xc2I\x1f&<0\x04\x1343\x07\x166\xcd\xa8\x85\
\xaa\xe3\xbd\x94\xff\xdd\xb5\x8e\xff\xd8\xad\x89\xff\xd3\xa5\x84\
\xff\xce\x9d\x7f\xff\xc9\x96z\xff\xc4\x8eu\xff\xbf\x86p\
\xff\xba\x7fk\xff\xb5xg\xff\xaeoa\xf0v>>\
c+\x00\x115+\x01\x115z:=}\x96KK\
\xfb\x91DH\xff\x8c<C\xffs+5\x8d)\x00\x0f\
7&\x00\x0b69\x0f\x1b9c<=E|VQ\
O\x82\x5cVOpHGCF\x1b%/$\x00\x0a\
\x22,\x03\x10\x1c2\x06\x15\x162\x06\x15\x0f2\x06\x15\
\x092\x06\x15\x052\x06\x15\x022\x06\x15\x012\x06\x15\
\x00\x00\x00\x00\x00\x00\x00\x00\x00\x00\x00\x00\x00\x00\x00\x00\
\x00\x00\x00\x00\x00\x00\x00\x00\x00\x00\x00\x00\x00\x00\x00\x00\
\x00\x00\x00\x00\x00\x00\x00\x00\x00\x00\x00\x00\x00\x00\x00\x00\
\x00\x00\x00\x00\x00\x00\x00\x00\x00\x00\x00\x00\x00\x00\x00\x00\
\x00\x00\x00\x00\x00\x00\x00\x00\x00\x00\x00\x00\x00\x00\x00\x00\
\x00\x00\x00\x00\x00\x00\x00\x00\x00\x00\x00\x00\x00\x00\x00\x00\
\x00\x00\x00\x00\x00\x00\x00\x00\x00\x00\x00\x00\x00\x00\x00\x00\
\x00\x00\x00\x00\x00\x00\x00\x00\x00\x00\x00\x00\x00\x00\x00\x00\
\x00\x00\x00\x00\x00\x00\x00\x00\x00\x00\x00\x00\x00\x00\x00\x00\
\x00\x00\x00\x00\x00\x00\x00\x00\x00\x00\x00\x00\x00\x00\x00\x00\
\x00\x00\x00\x00\x00\x00\x00\x00\x00\x00\x00\x00\x00\x00\x00\x00\
\x00\x00\x00\x00\x00\x00\x00\x00\x002\x06\x15\x012\x06\x15\
\x042\x06\x15\x092\x06\x15\x11&\x00\x0c\x1a\x81^Q\
9\xf8\xe2\xab\xd9\xff\xea\xb1\xff\xfe\xe8\xb0\xff\xd3\xb7\x8f\
\x93'\x00\x0d42\x06\x154&\x00\x0c3\xc8\xa3\x81\
\x9d\xe5\xc0\x95\xff\xdf\xb8\x90\xff\xda\xb0\x8b\xff\xd5\xa8\x85\
\xff\xd0\xa0\x81\xff\xcb\x98{\xff\xc6\x91v\xff\xc1\x89r\
\xff\xbc\x82m\xff\xb7{h\xff\xb2sd\xff\x96ZR\
\x9a.\x02\x1291\x05\x14:\x8bGG\xa6\x99NM\
\xff\x93FI\xff\x8e>E\xfdp*4\x80*\x00\x10\
6/\x02\x127,\x00\x105(\x00\x0d3&\x00\x0b\
1'\x00\x0c/,\x01\x10,1\x05\x14(2\x06\x15\
!2\x06\x15\x1a2\x06\x15\x122\x06\x15\x0c2\x06\x15\
\x072\x06\x15\x032\x06\x15\x012\x06\x15\x00\x00\x00\x00\
\x00\x00\x00\x00\x00\x00\x00\x00\x00\x00\x00\x00\x00\x00\x00\x00\
\x00\x00\x00\x00\x00\x00\x00\x00\x00\x00\x00\x00\x00\x00\x00\x00\
\x00\x00\x00\x00\x00\x00\x00\x00\x00\x00\x00\x00\x00\x00\x00\x00\
\x00\x00\x00\x00\x00\x00\x00\x00\x00\x00\x00\x00\x00\x00\x00\x00\
\x00\x00\x00\x00\x00\x00\x00\x00\x00\x00\x00\x00\x00\x00\x00\x00\
\x00\x00\x00\x00\x00\x00\x00\x00\x00\x00\x00\x00\x00\x00\x00\x00\
\x00\x00\x00\x00\x00\x00\x00\x00\x00\x00\x00\x00\x00\x00\x00\x00\
\x00\x00\x00\x00\x00\x00\x00\x00\x00\x00\x00\x00\x00\x00\x00\x00\
\x00\x00\x00\x00\x00\x00\x00\x00\x00\x00\x00\x00\x00\x00\x00\x00\
\x00\x00\x00\x00\x00\x00\x00\x00\x00\x00\x00\x00\x00\x00\x00\x00\
\x00\x00\x00\x00\x00\x00\x00\x00\x00\x00\x00\x00\x00\x00\x00\x00\
\x00\x00\x00\x00\x00\x00\x00\x00\x002\x06\x15\x012\x06\x15\
\x042\x06\x15\x092\x06\x15\x11$\x00\x0a\x19\x89gW\
;\xf9\xe3\xac\xdf\xff\xea\xb1\xff\xfd\xe7\xaf\xf7\xb5\x98x\
q\x1f\x00\x0732\x06\x155#\x00\x0a3\xc3\x9f~\
\x92\xe6\xc3\x97\xff\xe1\xbb\x92\xff\xdc\xb3\x8d\xff\xd7\xab\x88\
\xff\xd2\xa3\x82\xff\xcd\x9b}\xff\xc8\x93x\xff\xc2\x8ct\
\xff\xbe\x84o\xff\xb9}j\xff\xb4vf\xff\xa8i]\
\xd2L\x1c%HY$+S\x9aTP\xdd\x9bQO\
\xff\x95IJ\xff\x8e@E\xf0^ +c@\x18\x22\
;]69DtOKKwQMLg@A\
DL!*8*\x04\x0f,(\x01\x0d'2\x05\x15\
!2\x06\x15\x1a2\x06\x15\x122\x06\x15\x0b2\x06\x15\
\x062\x06\x15\x032\x06\x15\x012\x06\x15\x00\x00\x00\x00\
\x00\x00\x00\x00\x00\x00\x00\x00\x00\x00\x00\x00\x00\x00\x00\x00\
\x00\x00\x00\x00\x00\x00\x00\x00\x00\x00\x00\x00\x00\x00\x00\x00\
\x00\x00\x00\x00\x00\x00\x00\x00\x00\x00\x00\x00\x00\x00\x00\x00\
\x00\x00\x00\x00\x00\x00\x00\x00\x00\x00\x00\x00\x00\x00\x00\x00\
\x00\x00\x00\x00\x00\x00\x00\x00\x00\x00\x00\x00\x00\x00\x00\x00\
\x00\x00\x00\x00\x00\x00\x00\x00\x00\x00\x00\x00\x00\x00\x00\x00\
\x00\x00\x00\x00\x00\x00\x00\x00\x00\x00\x00\x00\x00\x00\x00\x00\
\x00\x00\x00\x00\x00\x00\x00\x00\x00\x00\x00\x00\x00\x00\x00\x00\
\x00\x00\x00\x00\x00\x00\x00\x00\x00\x00\x00\x00\x00\x00\x00\x00\
\x00\x00\x00\x00\x00\x00\x00\x00\x00\x00\x00\x00\x00\x00\x00\x00\
\x00\x00\x00\x00\x00\x00\x00\x00\x00\x00\x00\x00\x00\x00\x00\x00\
\x00\x00\x00\x00\x00\x00\x00\x00\x002\x06\x15\x012\x06\x15\
\x042\x06\x15\x092\x06\x15\x10!\x00\x08\x18\x93r_\
=\xfb\xe5\xae\xe6\xff\xea\xb1\xff\xff\xea\xb1\xfe\xe7\xcf\x9e\
\xb8fA<F+\x00\x106$\x00\x0b5\xc0\x9d}\
\x8e\xe8\xc5\x99\xff\xe3\xbd\x94\xff\xde\xb6\x8f\xff\xd9\xae\x8a\
\xff\xd4\xa6\x84\xff\xce\x9e\x7f\xff\xc9\x96z\xff\xc4\x8fu\
\xff\xbf\x87p\xff\xba\x80l\xff\xb6yg\xff\xafpb\
\xf4|DBr\x8eNJ\x9c\xa1[U\xfe\x9cSQ\
\xff\x96KL\xff\x99SR\xe5\xc4\xa4\x8a\x9f\xdd\xc3\xa2\
\xbf\xe4\xca\xa7\xdb\xe4\xc9\xa7\xe4\xe1\xc5\xa5\xe5\xdd\xbf\xa0\
\xdd\xd4\xb4\x99\xc4\xc0\x9e\x88\x90\x8ad\x5cK.\x07\x11\
$/\x04\x12\x1c2\x06\x15\x142\x06\x15\x0d2\x06\x15\
\x072\x06\x15\x032\x06\x15\x012\x06\x15\x00\x00\x00\x00\
\x00\x00\x00\x00\x00\x00\x00\x00\x00\x00\x00\x00\x00\x00\x00\x00\
\x00\x00\x00\x00\x00\x00\x00\x00\x00\x00\x00\x00\x00\x00\x00\x00\
\x00\x00\x00\x00\x00\x00\x00\x00\x00\x00\x00\x00\x00\x00\x00\x00\
\x00\x00\x00\x00\x00\x00\x00\x00\x00\x00\x00\x00\x00\x00\x00\x00\
\x00\x00\x00\x00\x00\x00\x00\x00\x00\x00\x00\x00\x00\x00\x00\x00\
\x00\x00\x00\x00\x00\x00\x00\x00\x00\x00\x00\x00\x00\x00\x00\x00\
\x00\x00\x00\x00\x00\x00\x00\x00\x00\x00\x00\x00\x00\x00\x00\x00\
\x00\x00\x00\x00\x00\x00\x00\x00\x00\x00\x00\x00\x00\x00\x00\x00\
\x00\x00\x00\x00\x00\x00\x00\x00\x00\x00\x00\x00\x00\x00\x00\x00\
\x00\x00\x00\x00\x00\x00\x00\x00\x00\x00\x00\x00\x00\x00\x00\x00\
\x00\x00\x00\x00\x00\x00\x00\x00\x00\x00\x00\x00\x00\x00\x00\x00\
\x00\x00\x00\x00\x00\x00\x00\x00\x002\x06\x15\x012\x06\x15\
\x032\x06\x15\x082\x06\x15\x0f#\x00\x0a\x17\x8bhX\
7\xf9\xe3\xac\xda\xff\xea\xb1\xff\xff\xea\xb1\xff\xfe\xe8\xb0\
\xfd\xe1\xc7\x99\xaeY22D\x1e\x00\x066\xc2\x9f~\
\x92\xea\xc8\x9b\xff\xe5\xc0\x96\xff\xe0\xb9\x90\xff\xdb\xb1\x8b\
\xff\xd6\xa9\x86\xff\xd0\xa1\x81\xff\xcb\x99|\xff\xc6\x92w\
\xff\xc1\x8ar\xff\xbc\x82m\xff\xb7{i\xff\xb3td\
\xfe\xa6g[\xd5\xa5cY\xee\xa3^W\xff\x9eVR\
\xff\x98NM\xff\xc4\x95\x80\xfd\xf2\xdc\xb3\xfd\xec\xd4\xad\
\xec\xe1\xc7\xa5\xca\xdb\xbf\xa0\xbe\xda\xbd\x9f\xc4\xdf\xc1\xa2\
\xe6\xe1\xc2\xa4\xfe\xde\xbe\xa0\xfe\xd7\xb4\x9a\xe1\xb7\x91\x7f\
x?\x17 $.\x03\x12\x182\x06\x15\x102\x06\x15\
\x0a2\x06\x15\x052\x06\x15\x022\x06\x15\x01\x00\x00\x00\
\x00\x00\x00\x00\x00\x00\x00\x00\x00\x00\x00\x00\x00\x00\x00\x00\
\x00\x00\x00\x00\x00\x00\x00\x00\x00\x00\x00\x00\x00\x00\x00\x00\
\x00\x00\x00\x00\x00\x00\x00\x00\x00\x00\x00\x00\x00\x00\x00\x00\
\x00\x00\x00\x00\x00\x00\x00\x00\x00\x00\x00\x00\x00\x00\x00\x00\
\x00\x00\x00\x00\x00\x00\x00\x00\x00\x00\x00\x00\x00\x00\x00\x00\
\x00\x00\x00\x00\x00\x00\x00\x00\x00\x00\x00\x00\x00\x00\x00\x00\
\x00\x00\x00\x00\x00\x00\x00\x00\x00\x00\x00\x00\x00\x00\x00\x00\
\x00\x00\x00\x00\x00\x00\x00\x00\x00\x00\x00\x00\x00\x00\x00\x00\
\x00\x00\x00\x00\x00\x00\x00\x00\x00\x00\x00\x00\x00\x00\x00\x00\
\x00\x00\x00\x00\x00\x00\x00\x00\x00\x00\x00\x00\x00\x00\x00\x00\
\x00\x00\x00\x00\x00\x00\x00\x00\x00\x00\x00\x00\x00\x00\x00\x00\
\x00\x00\x00\x00\x00\x00\x00\x00\x002\x06\x15\x012\x06\x15\
\x022\x06\x15\x062\x06\x15\x0d0\x04\x13\x156\x0b\x18\
 \xe3\xca\x9b\x90\xff\xea\xb1\xfd\xff\xea\xb1\xff\xff\xea\xb1\
\xff\xfc\xe5\xae\xfc\xd8\xbd\x92\xa6G %C\xcd\xad\x87\
\xa4\xec\xcb\x9d\xff\xe6\xc3\x97\xff\xe1\xbb\x92\xff\xdd\xb3\x8d\
\xff\xd7\xac\x88\xff\xd2\xa4\x83\xff\xcd\x9c~\xff\xc8\x94y\
\xff\xc3\x8ct\xff\xbe\x85o\xff\xb9~k\xff\xb4wf\
\xff\xb0pb\xff\xaah]\xff\xa5aY\xff\x9fXS\
\xff\xa6c\x5c\xff\xe3\xc6\xa2\xfe\xe0\xc9\xa5\xba\x96ug\
VU-28F\x1c&3M#+6\x84^W\
O\xd0\xb0\x96\xba\xdf\xbe\xa1\xff\xdc\xb9\x9e\xff\xd7\xb3\x99\
\xf2\xb5\x8f}t*\x00\x0f\x1d2\x06\x15\x152\x06\x15\
\x0d2\x06\x15\x072\x06\x15\x032\x06\x15\x012\x06\x15\
\x00\x00\x00\x00\x00\x00\x00\x00\x00\x00\x00\x00\x00\x00\x00\x00\
\x00\x00\x00\x00\x00\x00\x00\x00\x00\x00\x00\x00\x00\x00\x00\x00\
\x00\x00\x00\x00\x00\x00\x00\x00\x00\x00\x00\x00\x00\x00\x00\x00\
\x00\x00\x00\x00\x00\x00\x00\x00\x00\x00\x00\x00\x00\x00\x00\x00\
\x00\x00\x00\x00\x00\x00\x00\x00\x00\x00\x00\x00\x00\x00\x00\x00\
\x00\x00\x00\x00\x00\x00\x00\x00\x00\x00\x00\x00\x00\x00\x00\x00\
\x00\x00\x00\x00\x00\x00\x00\x00\x00\x00\x00\x00\x00\x00\x00\x00\
\x00\x00\x00\x00\x00\x00\x00\x00\x00\x00\x00\x00\x00\x00\x00\x00\
\x00\x00\x00\x00\x00\x00\x00\x00\x00\x00\x00\x00\x00\x00\x00\x00\
\x00\x00\x00\x00\x00\x00\x00\x00\x00\x00\x00\x00\x00\x00\x00\x00\
\x00\x00\x00\x00\x00\x00\x00\x00\x00\x00\x00\x00\x00\x00\x00\x00\
\x00\x00\x00\x00\x00\x00\x00\x00\x002\x06\x15\x002\x06\x15\
\x022\x06\x15\x052\x06\x15\x0a2\x06\x15\x11%\x00\x0b\
\x1a\x84bS7\xf3\xdd\xa8\xc4\xff\xea\xb1\xff\xff\xea\xb1\
\xff\xfe\xe8\xb0\xff\xf9\xe0\xab\xf8\xdd\xc0\x94\xb5\xe8\xca\x9c\
\xde\xee\xce\x9e\xff\xe8\xc6\x99\xff\xe4\xbe\x94\xff\xde\xb6\x8f\
\xff\xd9\xaf\x8a\xff\xd4\xa7\x85\xff\xcf\x9f\x80\xff\xca\x97{\
\xff\xc5\x8fu\xff\xc0\x88q\xff\xbb\x80l\xff\xb6yh\
\xff\xb1rc\xff\xack_\xff\xa7cZ\xff\xa1ZU\
\xff\xc6\x96\x80\xff\xeb\xd5\xad\xdc\x82bWL \x00\x06\
,.\x02\x12+0\x04\x13+/\x03\x13-\x1d\x00\x04\
-\x9cxkf\xdc\xbc\x9f\xf4\xdc\xba\x9e\xff\xd9\xb5\x9b\
\xff\xd1\xab\x94\xd8\x81XT<&\x00\x0c\x182\x06\x15\
\x102\x06\x15\x092\x06\x15\x042\x06\x15\x012\x06\x15\
\x00\x00\x00\x00\x00\x00\x00\x00\x00\x00\x00\x00\x00\x00\x00\x00\
\x00\x00\x00\x00\x00\x00\x00\x00\x00\x00\x00\x00\x00\x00\x00\x00\
\x00\x00\x00\x00\x00\x00\x00\x00\x00\x00\x00\x00\x00\x00\x00\x00\
\x00\x00\x00\x00\x00\x00\x00\x00\x00\x00\x00\x00\x00\x00\x00\x00\
\x00\x00\x00\x00\x00\x00\x00\x00\x00\x00\x00\x00\x00\x00\x00\x00\
\x00\x00\x00\x00\x00\x00\x00\x00\x00\x00\x00\x00\x00\x00\x00\x00\
\x00\x00\x00\x00\x00\x00\x00\x00\x00\x00\x00\x00\x00\x00\x00\x00\
\x00\x00\x00\x00\x00\x00\x00\x00\x00\x00\x00\x00\x00\x00\x00\x00\
\x00\x00\x00\x00\x00\x00\x00\x00\x00\x00\x00\x00\x00\x00\x00\x00\
\x00\x00\x00\x00\x00\x00\x00\x00\x00\x00\x00\x00\x00\x00\x00\x00\
\x00\x00\x00\x00\x00\x00\x00\x00\x00\x00\x00\x00\x00\x00\x00\x00\
\x00\x00\x00\x00\x00\x00\x00\x00\x002\x06\x15\x002\x06\x15\
\x012\x06\x15\x032\x06\x15\x082\x06\x15\x0e2\x06\x15\
\x16 \x00\x07\x1d\xb0\x93uQ\xf9\xe3\xac\xdd\xff\xea\xb1\
\xff\xfe\xe9\xb0\xff\xfb\xe4\xad\xff\xf8\xde\xa9\xff\xf3\xd7\xa5\
\xff\xef\xd0\xa0\xff\xea\xc9\x9b\xff\xe5\xc1\x96\xff\xe0\xb9\x91\
\xff\xdb\xb1\x8c\xff\xd6\xa9\x87\xff\xd1\xa2\x81\xff\xcc\x9a}\
\xff\xc7\x92w\xff\xc2\x8ar\xff\xbd\x83n\xff\xb8|i\
\xff\xb3ue\xff\xaem`\xff\xa8e[\xff\xafqd\
\xff\xe8\xcc\xa6\xff\xe0\xca\xa4\xb2:\x11\x1c31\x04\x14\
-2\x06\x15*2\x06\x15*2\x06\x15-$\x00\x09\
.\x90ka]\xdc\xbb\x9f\xf0\xdc\xba\x9e\xff\xd9\xb5\x9b\
\xff\xd6\xb0\x98\xfb\xb2\x8a{r\x1b\x00\x02\x1a2\x06\x15\
\x122\x06\x15\x0a2\x06\x15\x052\x06\x15\x012\x06\x15\
\x00\x00\x00\x00\x00\x00\x00\x00\x00\x00\x00\x00\x00\x00\x00\x00\
\x00\x00\x00\x00\x00\x00\x00\x00\x00\x00\x00\x00\x00\x00\x00\x00\
\x00\x00\x00\x00\x00\x00\x00\x00\x00\x00\x00\x00\x00\x00\x00\x00\
\x00\x00\x00\x00\x00\x00\x00\x00\x00\x00\x00\x00\x00\x00\x00\x00\
\x00\x00\x00\x00\x00\x00\x00\x00\x00\x00\x00\x00\x00\x00\x00\x00\
\x00\x00\x00\x00\x00\x00\x00\x00\x00\x00\x00\x00\x00\x00\x00\x00\
\x00\x00\x00\x00\x00\x00\x00\x00\x00\x00\x00\x00\x00\x00\x00\x00\
\x00\x00\x00\x00\x00\x00\x00\x00\x00\x00\x00\x00\x00\x00\x00\x00\
\x00\x00\x00\x00\x00\x00\x00\x00\x00\x00\x00\x00\x00\x00\x00\x00\
\x00\x00\x00\x00\x00\x00\x00\x00\x00\x00\x00\x00\x00\x00\x00\x00\
\x00\x00\x00\x00\x00\x00\x00\x00\x00\x00\x00\x00\x00\x00\x00\x00\
\x00\x00\x00\x00\x00\x00\x00\x00\x002\x06\x15\x002\x06\x15\
\x012\x06\x15\x022\x06\x15\x052\x06\x15\x0a2\x06\x15\
\x101\x05\x15\x18$\x00\x0a \xc7\xab\x86g\xfb\xe6\xae\
\xe9\xff\xea\xb1\xff\xfd\xe6\xaf\xff\xf9\xe0\xab\xff\xf5\xda\xa6\
\xff\xf1\xd3\xa2\xff\xec\xcb\x9d\xff\xe7\xc4\x98\xff\xe2\xbc\x93\
\xff\xdd\xb4\x8e\xff\xd8\xac\x89\xff\xd3\xa4\x83\xff\xce\x9d~\
\xff\xc9\x95y\xff\xc4\x8dt\xff\xbf\x86p\xff\xba\x7fk\
\xff\xb5wf\xff\xb0pb\xff\xacj^\xfe\xd3\xa9\x8c\
\xfe\xf7\xe4\xb7\xff\xdc\xc5\xa0\xaa4\x08\x1721\x05\x14\
-2\x06\x15+1\x05\x14+&\x00\x0b,O(-\
:\xc9\xa8\x8f\xa8\xdf\xbe\xa1\xfe\xdc\xba\x9e\xff\xd9\xb6\x9b\
\xff\xd7\xb1\x98\xff\xbe\x97\x85\x90\x19\x00\x01\x1b2\x06\x15\
\x142\x06\x15\x0b2\x06\x15\x052\x06\x15\x022\x06\x15\
\x00\x00\x00\x00\x00\x00\x00\x00\x00\x00\x00\x00\x00\x00\x00\x00\
\x00\x00\x00\x00\x00\x00\x00\x00\x00\x00\x00\x00\x00\x00\x00\x00\
\x00\x00\x00\x00\x00\x00\x00\x00\x00\x00\x00\x00\x00\x00\x00\x00\
\x00\x00\x00\x00\x00\x00\x00\x00\x00\x00\x00\x00\x00\x00\x00\x00\
\x00\x00\x00\x00\x00\x00\x00\x00\x00\x00\x00\x00\x00\x00\x00\x00\
\x00\x00\x00\x00\x00\x00\x00\x00\x00\x00\x00\x00\x00\x00\x00\x00\
\x00\x00\x00\x00\x00\x00\x00\x00\x00\x00\x00\x00\x00\x00\x00\x00\
\x00\x00\x00\x00\x00\x00\x00\x00\x00\x00\x00\x00\x00\x00\x00\x00\
\x00\x00\x00\x00\x00\x00\x00\x00\x00\x00\x00\x00\x00\x00\x00\x00\
\x00\x00\x00\x00\x00\x00\x00\x00\x00\x00\x00\x00\x00\x00\x00\x00\
\x00\x00\x00\x00\x00\x00\x00\x00\x00\x00\x00\x00\x00\x00\x00\x00\
\x00\x00\x00\x00\x00\x00\x00\x00\x00\x00\x00\x00\x002\x06\x15\
\x002\x06\x15\x012\x06\x15\x032\x06\x15\x062\x06\x15\
\x0b2\x06\x15\x12/\x04\x13\x1a.\x07\x12\x22\xd1\xb7\x8e\
v\xfc\xe7\xaf\xef\xfe\xe8\xb0\xff\xfa\xe2\xac\xff\xf6\xdc\xa8\
\xff\xf2\xd5\xa3\xff\xee\xce\x9f\xff\xe9\xc7\x9a\xff\xe4\xbf\x95\
\xff\xdf\xb7\x90\xff\xda\xaf\x8a\xff\xd5\xa7\x85\xff\xd0\xa0\x80\
\xff\xca\x98{\xff\xc6\x90v\xff\xc0\x89q\xff\xbb\x81m\
\xff\xb7zh\xff\xb2rc\xff\xadqc\xda\xe4\xcb\xa5\
\xd4\xf5\xe2\xb6\xf8\xe3\xcc\xa6\xbcH\x1e'8,\x00\x10\
/#\x00\x09,6\x0e\x181\x91mcU\xd0\xb2\x96\
\xb1\xe1\xc2\xa3\xf9\xdf\xbf\xa1\xff\xdc\xba\x9e\xff\xda\xb6\x9b\
\xff\xd7\xb2\x98\xff\xbf\x98\x85\x92\x19\x00\x01\x1b2\x06\x15\
\x142\x06\x15\x0c2\x06\x15\x052\x06\x15\x022\x06\x15\
\x00\x00\x00\x00\x00\x00\x00\x00\x00\x00\x00\x00\x00\x00\x00\x00\
\x00\x00\x00\x00\x00\x00\x00\x00\x00\x00\x00\x00\x00\x00\x00\x00\
\x00\x00\x00\x00\x00\x00\x00\x00\x00\x00\x00\x00\x00\x00\x00\x00\
\x00\x00\x00\x00\x00\x00\x00\x00\x00\x00\x00\x00\x00\x00\x00\x00\
\x00\x00\x00\x00\x00\x00\x00\x00\x00\x00\x00\x00\x00\x00\x00\x00\
\x00\x00\x00\x00\x00\x00\x00\x00\x00\x00\x00\x00\x00\x00\x00\x00\
\x00\x00\x00\x00\x00\x00\x00\x00\x00\x00\x00\x00\x00\x00\x00\x00\
\x00\x00\x00\x00\x00\x00\x00\x00\x00\x00\x00\x00\x00\x00\x00\x00\
\x00\x00\x00\x00\x00\x00\x00\x00\x00\x00\x00\x00\x00\x00\x00\x00\
\x00\x00\x00\x00\x00\x00\x00\x00\x00\x00\x00\x00\x00\x00\x00\x00\
\x00\x00\x00\x00\x00\x00\x00\x00\x00\x00\x00\x00\x00\x00\x00\x00\
\x00\x00\x00\x00\x00\x00\x00\x00\x00\x00\x00\x00\x002\x06\x15\
\x002\x06\x15\x012\x06\x15\x022\x06\x15\x032\x06\x15\
\x072\x06\x15\x0c2\x06\x15\x13.\x02\x12\x1b9\x14\x1a\
%\xd5\xbc\x91|\xfc\xe6\xae\xf0\xfc\xe5\xae\xff\xf8\xdf\xa9\
\xff\xf4\xd8\xa5\xff\xef\xd1\xa0\xff\xeb\xca\x9b\xff\xe5\xc2\x97\
\xff\xe1\xba\x91\xff\xdc\xb2\x8c\xff\xd7\xaa\x87\xff\xd1\xa2\x82\
\xff\xcc\x9b}\xff\xc7\x93x\xff\xc2\x8bs\xff\xbd\x84n\
\xff\xb9}j\xff\xb1sd\xee\x82JFoqOJ\
J\xa7\x8avh\xb2\x96~q=\x17\x1e8W/3\
=\xaa\x8bxj\xd4\xb8\x9a\xab\xe3\xc7\xa6\xe7\xe5\xc8\xa7\
\xfe\xe2\xc4\xa4\xff\xdf\xbf\xa1\xff\xdd\xbb\x9e\xff\xda\xb6\x9c\
\xff\xd7\xb1\x98\xfe\xb8\x90\x7f}\x1a\x00\x02\x1a2\x06\x15\
\x132\x06\x15\x0b2\x06\x15\x052\x06\x15\x012\x06\x15\
\x00\x00\x00\x00\x00\x00\x00\x00\x00\x00\x00\x00\x00\x00\x00\x00\
\x00\x00\x00\x00\x00\x00\x00\x00\x00\x00\x00\x00\x00\x00\x00\x00\
\x00\x00\x00\x00\x00\x00\x00\x00\x00\x00\x00\x00\x00\x00\x00\x00\
\x00\x00\x00\x00\x00\x00\x00\x00\x00\x00\x00\x00\x00\x00\x00\x00\
\x00\x00\x00\x00\x00\x00\x00\x00\x00\x00\x00\x00\x00\x00\x00\x00\
\x00\x00\x00\x00\x00\x00\x00\x00\x00\x00\x00\x00\x00\x00\x00\x00\
\x00\x00\x00\x00\x00\x00\x00\x00\x00\x00\x00\x00\x00\x00\x00\x00\
\x00\x00\x00\x00\x00\x00\x00\x00\x00\x00\x00\x00\x00\x00\x00\x00\
\x00\x00\x00\x00\x00\x00\x00\x00\x00\x00\x00\x00\x00\x00\x00\x00\
\x00\x00\x00\x00\x00\x00\x00\x00\x00\x00\x00\x00\x00\x00\x00\x00\
\x00\x00\x00\x00\x00\x00\x00\x00\x00\x00\x00\x00\x00\x00\x00\x00\
\x00\x00\x00\x00\x00\x00\x00\x00\x00\x00\x00\x00\x00\x00\x00\x00\
\x002\x06\x15\x002\x06\x15\x012\x06\x15\x022\x06\x15\
\x042\x06\x15\x082\x06\x15\x0d2\x06\x15\x14-\x02\x11\
\x1b:\x15\x1b%\xd5\xbb\x91|\xfa\xe3\xac\xee\xfa\xe1\xab\
\xff\xf5\xda\xa7\xff\xf1\xd3\xa2\xff\xec\xcc\x9d\xff\xe7\xc5\x98\
\xff\xe3\xbd\x93\xff\xde\xb5\x8e\xff\xd8\xad\x89\xff\xd3\xa5\x84\
\xff\xce\x9d\x7f\xff\xc9\x96z\xff\xc4\x8eu\xff\xbf\x87p\
\xff\xba\x7fk\xfb\x9dcX\x964\x08\x167,\x01\x10\
5!\x00\x0732\x11\x167\xab\x8dyn\xe1\xc8\xa4\
\xc5\xeb\xd3\xad\xf4\xeb\xd1\xad\xff\xe8\xcd\xaa\xff\xe5\xc8\xa7\
\xff\xe2\xc4\xa4\xff\xdf\xbf\xa1\xff\xdd\xbb\x9f\xff\xda\xb6\x9c\
\xff\xd4\xae\x96\xe5\x92jaI#\x00\x09\x192\x06\x15\
\x112\x06\x15\x092\x06\x15\x042\x06\x15\x012\x06\x15\
\x00\x00\x00\x00\x00\x00\x00\x00\x00\x00\x00\x00\x00\x00\x00\x00\
\x00\x00\x00\x00\x00\x00\x00\x00\x00\x00\x00\x00\x00\x00\x00\x00\
\x00\x00\x00\x00\x00\x00\x00\x00\x00\x00\x00\x00\x00\x00\x00\x00\
\x00\x00\x00\x00\x00\x00\x00\x00\x00\x00\x00\x00\x00\x00\x00\x00\
\x00\x00\x00\x00\x00\x00\x00\x00\x00\x00\x00\x00\x00\x00\x00\x00\
\x00\x00\x00\x00\x00\x00\x00\x00\x00\x00\x00\x00\x00\x00\x00\x00\
\x00\x00\x00\x00\x00\x00\x00\x00\x00\x00\x00\x00\x00\x00\x00\x00\
\x00\x00\x00\x00\x00\x00\x00\x00\x00\x00\x00\x00\x00\x00\x00\x00\
\x00\x00\x00\x00\x00\x00\x00\x00\x00\x00\x00\x00\x00\x00\x00\x00\
\x00\x00\x00\x00\x00\x00\x00\x00\x00\x00\x00\x00\x00\x00\x00\x00\
\x00\x00\x00\x00\x00\x00\x00\x00\x00\x00\x00\x00\x00\x00\x00\x00\
\x00\x00\x00\x00\x00\x00\x00\x00\x00\x00\x00\x00\x00\x00\x00\x00\
\x00\x00\x00\x00\x002\x06\x15\x002\x06\x15\x012\x06\x15\
\x022\x06\x15\x042\x06\x15\x082\x06\x15\x0d2\x06\x15\
\x14-\x02\x11\x1b6\x12\x18%\xcd\xb2\x8bs\xf6\xde\xa9\
\xe7\xf7\xdd\xa9\xff\xf3\xd6\xa4\xff\xee\xcf\x9f\xff\xe9\xc7\x9a\
\xff\xe5\xc0\x95\xff\xdf\xb8\x90\xff\xda\xb0\x8b\xff\xd5\xa8\x86\
\xff\xd0\xa0\x81\xff\xcb\x99{\xff\xc6\x91w\xff\xc0\x89r\
\xfc\xactc\xb1P!(@/\x03\x133.\x02\x12\
4P).>\xcf\xb6\x96\x98\xef\xd9\xb0\xf0\xf1\xda\xb2\
\xff\xee\xd5\xaf\xff\xeb\xd1\xad\xff\xe8\xcd\xaa\xff\xe5\xc8\xa7\
\xff\xe2\xc4\xa5\xff\xdf\xbf\xa2\xff\xdd\xbb\x9f\xff\xda\xb6\x9c\
\xfc\xc0\x9b\x87\x917\x0c\x19#1\x05\x14\x172\x06\x15\
\x0e2\x06\x15\x082\x06\x15\x032\x06\x15\x012\x06\x15\
\x00\x00\x00\x00\x00\x00\x00\x00\x00\x00\x00\x00\x00\x00\x00\x00\
\x00\x00\x00\x00\x00\x00\x00\x00\x00\x00\x00\x00\x00\x00\x00\x00\
\x00\x00\x00\x00\x00\x00\x00\x00\x00\x00\x00\x00\x00\x00\x00\x00\
\x00\x00\x00\x00\x00\x00\x00\x00\x00\x00\x00\x00\x00\x00\x00\x00\
\x00\x00\x00\x00\x00\x00\x00\x00\x00\x00\x00\x00\x00\x00\x00\x00\
\x00\x00\x00\x00\x00\x00\x00\x00\x00\x00\x00\x00\x00\x00\x00\x00\
\x00\x00\x00\x00\x00\x00\x00\x00\x00\x00\x00\x00\x00\x00\x00\x00\
\x00\x00\x00\x00\x00\x00\x00\x00\x00\x00\x00\x00\x00\x00\x00\x00\
\x00\x00\x00\x00\x00\x00\x00\x00\x00\x00\x00\x00\x00\x00\x00\x00\
\x00\x00\x00\x00\x00\x00\x00\x00\x00\x00\x00\x00\x00\x00\x00\x00\
\x00\x00\x00\x00\x00\x00\x00\x00\x00\x00\x00\x00\x00\x00\x00\x00\
\x00\x00\x00\x00\x00\x00\x00\x00\x00\x00\x00\x00\x00\x00\x00\x00\
\x00\x00\x00\x00\x00\x00\x00\x00\x002\x06\x15\x002\x06\x15\
\x012\x06\x15\x022\x06\x15\x042\x06\x15\x082\x06\x15\
\x0d2\x06\x15\x14.\x03\x12\x1b.\x09\x12#\xba\x9c|\
a\xee\xd4\xa2\xd1\xf4\xd8\xa5\xfc\xf0\xd2\xa1\xff\xeb\xca\x9c\
\xff\xe6\xc3\x97\xff\xe1\xbb\x92\xff\xdc\xb3\x8d\xff\xd7\xab\x88\
\xff\xd2\xa3\x82\xff\xcd\x9c~\xff\xc6\x92x\xf6\xabvd\
\xa2T%+C.\x02\x1221\x05\x1436\x0c\x18\
5\xcf\xb7\x96\x92\xf4\xdf\xb4\xf9\xf3\xdd\xb3\xff\xf0\xd9\xb1\
\xff\xed\xd5\xaf\xff\xeb\xd1\xad\xff\xe8\xcd\xaa\xff\xe5\xc9\xa8\
\xff\xe3\xc4\xa5\xff\xe0\xc0\xa2\xff\xdc\xba\x9e\xfb\xc8\xa4\x8d\
\xaac:<5+\x00\x0f\x1d2\x06\x15\x142\x06\x15\
\x0c2\x06\x15\x062\x06\x15\x022\x06\x15\x01\x00\x00\x00\
\x00\x00\x00\x00\x00\x00\x00\x00\x00\x00\x00\x00\x00\x00\x00\x00\
\x00\x00\x00\x00\x00\x00\x00\x00\x00\x00\x00\x00\x00\x00\x00\x00\
\x00\x00\x00\x00\x00\x00\x00\x00\x00\x00\x00\x00\x00\x00\x00\x00\
\x00\x00\x00\x00\x00\x00\x00\x00\x00\x00\x00\x00\x00\x00\x00\x00\
\x00\x00\x00\x00\x00\x00\x00\x00\x00\x00\x00\x00\x00\x00\x00\x00\
\x00\x00\x00\x00\x00\x00\x00\x00\x00\x00\x00\x00\x00\x00\x00\x00\
\x00\x00\x00\x00\x00\x00\x00\x00\x00\x00\x00\x00\x00\x00\x00\x00\
\x00\x00\x00\x00\x00\x00\x00\x00\x00\x00\x00\x00\x00\x00\x00\x00\
\x00\x00\x00\x00\x00\x00\x00\x00\x00\x00\x00\x00\x00\x00\x00\x00\
\x00\x00\x00\x00\x00\x00\x00\x00\x00\x00\x00\x00\x00\x00\x00\x00\
\x00\x00\x00\x00\x00\x00\x00\x00\x00\x00\x00\x00\x00\x00\x00\x00\
\x00\x00\x00\x00\x00\x00\x00\x00\x00\x00\x00\x00\x00\x00\x00\x00\
\x00\x00\x00\x00\x00\x00\x00\x00\x00\x00\x00\x00\x002\x06\x15\
\x002\x06\x15\x012\x06\x15\x022\x06\x15\x042\x06\x15\
\x082\x06\x15\x0e2\x06\x15\x150\x05\x14\x1d%\x00\x0b\
$\x80\x5cPC\xc6\xa6\x83\x84\xe1\xc2\x96\xc7\xe9\xc9\x9b\
\xf1\xe8\xc5\x99\xfe\xe3\xbe\x94\xff\xde\xb6\x8f\xff\xd9\xae\x89\
\xff\xd4\xa6\x84\xff\xcd\x9d~\xf6\xa7vc\x91;\x10\x1b\
<.\x03\x1252\x06\x154'\x00\x0c1\x9f\x80n\
^\xf2\xdf\xb3\xea\xf6\xe1\xb6\xff\xf3\xdd\xb3\xff\xf0\xda\xb2\
\xff\xee\xd6\xaf\xff\xeb\xd2\xad\xff\xe8\xcd\xaa\xff\xe6\xc9\xa8\
\xff\xe3\xc5\xa5\xff\xdb\xbb\x9e\xe7\xbc\x99\x85\x90X04\
8*\x00\x0f$2\x06\x15\x1b2\x06\x15\x122\x06\x15\
\x0a2\x06\x15\x052\x06\x15\x022\x06\x15\x00\x00\x00\x00\
\x00\x00\x00\x00\x00\x00\x00\x00\x00\x00\x00\x00\x00\x00\x00\x00\
\x00\x00\x00\x00\x00\x00\x00\x00\x00\x00\x00\x00\x00\x00\x00\x00\
\x00\x00\x00\x00\x00\x00\x00\x00\x00\x00\x00\x00\x00\x00\x00\x00\
\x00\x00\x00\x00\x00\x00\x00\x00\x00\x00\x00\x00\x00\x00\x00\x00\
\x00\x00\x00\x00\x00\x00\x00\x00\x00\x00\x00\x00\x00\x00\x00\x00\
\x00\x00\x00\x00\x00\x00\x00\x00\x00\x00\x00\x00\x00\x00\x00\x00\
\x00\x00\x00\x00\x00\x00\x00\x00\x00\x00\x00\x00\x00\x00\x00\x00\
\x00\x00\x00\x00\x00\x00\x00\x00\x00\x00\x00\x00\x00\x00\x00\x00\
\x00\x00\x00\x00\x00\x00\x00\x00\x00\x00\x00\x00\x00\x00\x00\x00\
\x00\x00\x00\x00\x00\x00\x00\x00\x00\x00\x00\x00\x00\x00\x00\x00\
\x00\x00\x00\x00\x00\x00\x00\x00\x00\x00\x00\x00\x00\x00\x00\x00\
\x00\x00\x00\x00\x00\x00\x00\x00\x00\x00\x00\x00\x00\x00\x00\x00\
\x00\x00\x00\x00\x00\x00\x00\x00\x00\x00\x00\x00\x00\x00\x00\x00\
\x002\x06\x15\x002\x06\x15\x012\x06\x15\x022\x06\x15\
\x052\x06\x15\x0a2\x06\x15\x102\x06\x15\x182\x06\x15\
\x22*\x01\x0f)#\x00\x0a0J '?\xbf\x9c}\
\x8f\xe8\xc6\x99\xf7\xe5\xc1\x96\xff\xe0\xb9\x90\xff\xdb\xb1\x8b\
\xff\xd6\xa9\x86\xff\xcf\xa0\x80\xf9\xb8\x87o\xb2vFB\
X-\x02\x1161\x05\x145,\x00\x104\xd6\xbe\x9b\
\x9b\xf8\xe5\xb7\xff\xf5\xe1\xb5\xff\xf3\xde\xb4\xff\xf0\xda\xb2\
\xff\xee\xd6\xb0\xff\xec\xd2\xad\xff\xe8\xcd\xaa\xfd\xe0\xc3\xa3\
\xe4\xca\xaa\x91\xa9\x8dg_[,\x07\x101)\x01\x0e\
*1\x05\x15$2\x06\x15\x1a2\x06\x15\x112\x06\x15\
\x092\x06\x15\x052\x06\x15\x022\x06\x15\x00\x00\x00\x00\
\x00\x00\x00\x00\x00\x00\x00\x00\x00\x00\x00\x00\x00\x00\x00\x00\
\x00\x00\x00\x00\x00\x00\x00\x00\x00\x00\x00\x00\x00\x00\x00\x00\
\x00\x00\x00\x00\x00\x00\x00\x00\x00\x00\x00\x00\x00\x00\x00\x00\
\x00\x00\x00\x00\x00\x00\x00\x00\x00\x00\x00\x00\x00\x00\x00\x00\
\x00\x00\x00\x00\x00\x00\x00\x00\x00\x00\x00\x00\x00\x00\x00\x00\
\x00\x00\x00\x00\x00\x00\x00\x00\x00\x00\x00\x00\x00\x00\x00\x00\
\x00\x00\x00\x00\x00\x00\x00\x00\x00\x00\x00\x00\x00\x00\x00\x00\
\x00\x00\x00\x00\x00\x00\x00\x00\x00\x00\x00\x00\x00\x00\x00\x00\
\x00\x00\x00\x00\x00\x00\x00\x00\x00\x00\x00\x00\x00\x00\x00\x00\
\x00\x00\x00\x00\x00\x00\x00\x00\x00\x00\x00\x00\x00\x00\x00\x00\
\x00\x00\x00\x00\x00\x00\x00\x00\x00\x00\x00\x00\x00\x00\x00\x00\
\x00\x00\x00\x00\x00\x00\x00\x00\x00\x00\x00\x00\x00\x00\x00\x00\
\x00\x00\x00\x00\x00\x00\x00\x00\x00\x00\x00\x00\x00\x00\x00\x00\
\x00\x00\x00\x00\x002\x06\x15\x002\x06\x15\x022\x06\x15\
\x042\x06\x15\x082\x06\x15\x0e2\x06\x15\x172\x06\x15\
 ,\x01\x11)7\x10\x194\xb0\x8fsr\xe6\xc7\x9a\
\xdb\xec\xcb\x9d\xff\xe7\xc3\x98\xff\xe2\xbb\x92\xff\xdd\xb4\x8d\
\xff\xd7\xac\x88\xff\xd2\xa4\x83\xff\xce\x9c~\xff\xc2\x8eu\
\xdd\x8f]Rp/\x03\x138<\x11\x1d;\xe7\xd1\xa9\
\xc1\xf8\xe5\xb8\xff\xf5\xe1\xb6\xff\xf3\xde\xb4\xff\xf1\xda\xb2\
\xff\xec\xd4\xae\xf6\xde\xc3\xa2\xc6\xbf\xa0\x88\x86\x82]W\
P7\x0e\x195<\x15\x1d6pHGF\x5c26\
78\x0d\x1a%1\x05\x14\x1b2\x06\x15\x112\x06\x15\
\x0a2\x06\x15\x052\x06\x15\x022\x06\x15\x00\x00\x00\x00\
\x00\x00\x00\x00\x00\x00\x00\x00\x00\x00\x00\x00\x00\x00\x00\x00\
\x00\x00\x00\x00\x00\x00\x00\x00\x00\x00\x00\x00\x00\x00\x00\x00\
\x00\x00\x00\x00\x00\x00\x00\x00\x00\x00\x00\x00\x00\x00\x00\x00\
\x00\x00\x00\x00\x00\x00\x00\x00\x00\x00\x00\x00\x00\x00\x00\x00\
\x00\x00\x00\x00\x00\x00\x00\x00\x00\x00\x00\x00\x00\x00\x00\x00\
\x00\x00\x00\x00\x00\x00\x00\x00\x00\x00\x00\x00\x00\x00\x00\x00\
\x00\x00\x00\x00\x00\x00\x00\x00\x00\x00\x00\x00\x00\x00\x00\x00\
\x00\x00\x00\x00\x00\x00\x00\x00\x00\x00\x00\x00\x00\x00\x00\x00\
\x00\x00\x00\x00\x00\x00\x00\x00\x00\x00\x00\x00\x00\x00\x00\x00\
\x00\x00\x00\x00\x00\x00\x00\x00\x00\x00\x00\x00\x00\x00\x00\x00\
\x00\x00\x00\x00\x00\x00\x00\x00\x00\x00\x00\x00\x00\x00\x00\x00\
\x00\x00\x00\x00\x00\x00\x00\x00\x00\x00\x00\x00\x00\x00\x00\x00\
\x00\x00\x00\x00\x00\x00\x00\x00\x00\x00\x00\x00\x00\x00\x00\x00\
\x00\x00\x00\x00\x002\x06\x15\x002\x06\x15\x012\x06\x15\
\x042\x06\x15\x082\x06\x15\x0f2\x06\x15\x18)\x00\x0e\
!^865\xd5\xb9\x90\x91\xf2\xd8\xa5\xef\xf2\xd5\xa3\
\xff\xed\xce\x9e\xff\xe9\xc6\x99\xff\xe3\xbe\x94\xff\xde\xb7\x8f\
\xff\xd9\xaf\x8a\xff\xd4\xa7\x85\xff\xcf\x9f\x80\xff\xcb\x98{\
\xff\xc0\x8cs\xe6\x87UMm9\x0f\x1c=\xe8\xd4\xaa\
\xc8\xf8\xe5\xb8\xff\xf5\xe1\xb6\xff\xf3\xde\xb4\xff\xe9\xd2\xac\
\xde\xb7\x99\x82xV.2<$\x00\x0a.)\x01\x0e\
.-\x00\x110g?@B\xd1\xaf\x95\xc5\xd2\xaf\x96\
\xcd\xbd\x97\x84~6\x0a\x18\x1d2\x05\x15\x122\x06\x15\
\x0a2\x06\x15\x052\x06\x15\x022\x06\x15\x00\x00\x00\x00\
\x00\x00\x00\x00\x00\x00\x00\x00\x00\x00\x00\x00\x00\x00\x00\x00\
\x00\x00\x00\x00\x00\x00\x00\x00\x00\x00\x00\x00\x00\x00\x00\x00\
\x00\x00\x00\x00\x00\x00\x00\x00\x00\x00\x00\x00\x00\x00\x00\x00\
\x00\x00\x00\x00\x00\x00\x00\x00\x00\x00\x00\x00\x00\x00\x00\x00\
\x00\x00\x00\x00\x00\x00\x00\x00\x00\x00\x00\x00\x00\x00\x00\x00\
\x00\x00\x00\x00\x00\x00\x00\x00\x00\x00\x00\x00\x00\x00\x00\x00\
\x00\x00\x00\x00\x00\x00\x00\x00\x00\x00\x00\x00\x00\x00\x00\x00\
\x00\x00\x00\x00\x00\x00\x00\x00\x00\x00\x00\x00\x00\x00\x00\x00\
\x00\x00\x00\x00\x00\x00\x00\x00\x00\x00\x00\x00\x00\x00\x00\x00\
\x00\x00\x00\x00\x00\x00\x00\x00\x00\x00\x00\x00\x00\x00\x00\x00\
\x00\x00\x00\x00\x00\x00\x00\x00\x00\x00\x00\x00\x00\x00\x00\x00\
\x00\x00\x00\x00\x00\x00\x00\x00\x00\x00\x00\x00\x00\x00\x00\x00\
\x00\x00\x00\x00\x00\x00\x00\x00\x00\x00\x00\x00\x00\x00\x00\x00\
\x00\x00\x00\x00\x002\x06\x15\x002\x06\x15\x022\x06\x15\
\x052\x06\x15\x0a2\x06\x15\x12+\x00\x10\x1ac?:\
.\xe6\xce\x9e\xa2\xfb\xe3\xad\xfa\xf8\xde\xa9\xff\xf4\xd8\xa5\
\xff\xef\xd0\xa0\xff\xea\xc9\x9b\xff\xe5\xc1\x96\xff\xe0\xba\x91\
\xff\xdb\xb2\x8c\xff\xd6\xaa\x87\xff\xd1\xa2\x82\xff\xcc\x9a}\
\xff\xc7\x93x\xff\xb9\x83m\xd3d46T\xe2\xcd\xa5\
\xbc\xf8\xe6\xb8\xff\xf6\xe2\xb6\xff\xef\xda\xb1\xf0\xaa\x8cx\
l \x00\x060.\x03\x12/2\x06\x15.2\x06\x15\
./\x02\x12/]48=\xd6\xb5\x9a\xd9\xdc\xb9\x9e\
\xff\xcc\xa7\x90\xab9\x0d\x1a\x1e1\x05\x14\x132\x06\x15\
\x0b2\x06\x15\x052\x06\x15\x022\x06\x15\x00\x00\x00\x00\
\x00\x00\x00\x00\x00\x00\x00\x00\x00\x00\x00\x00\x00\x00\x00\x00\
\x00\x00\x00\x00\x00\x00\x00\x00\x00\x00\x00\x00\x00\x00\x00\x00\
\x00\x00\x00\x00\x00\x00\x00\x00\x00\x00\x00\x00\x00\x00\x00\x00\
\x00\x00\x00\x00\x00\x00\x00\x00\x00\x00\x00\x00\x00\x00\x00\x00\
\x00\x00\x00\x00\x00\x00\x00\x00\x00\x00\x00\x00\x00\x00\x00\x00\
\x00\x00\x00\x00\x00\x00\x00\x00\x00\x00\x00\x00\x00\x00\x00\x00\
\x00\x00\x00\x00\x00\x00\x00\x00\x00\x00\x00\x00\x00\x00\x00\x00\
\x00\x00\x00\x00\x00\x00\x00\x00\x00\x00\x00\x00\x00\x00\x00\x00\
\x00\x00\x00\x00\x00\x00\x00\x00\x00\x00\x00\x00\x00\x00\x00\x00\
\x00\x00\x00\x00\x00\x00\x00\x00\x00\x00\x00\x00\x00\x00\x00\x00\
\x00\x00\x00\x00\x00\x00\x00\x00\x00\x00\x00\x00\x00\x00\x00\x00\
\x00\x00\x00\x00\x00\x00\x00\x00\x00\x00\x00\x00\x00\x00\x00\x00\
\x00\x00\x00\x00\x00\x00\x00\x00\x00\x00\x00\x00\x00\x00\x00\x00\
\x002\x06\x15\x002\x06\x15\x012\x06\x15\x032\x06\x15\
\x072\x06\x15\x0d1\x05\x14\x15)\x00\x0e\x1f\xdb\xc2\x95\
\x81\xfe\xe9\xb0\xf9\xfd\xe6\xaf\xff\xf9\xe0\xab\xff\xf5\xda\xa6\
\xff\xf0\xd3\xa2\xff\xec\xcc\x9d\xff\xe7\xc4\x98\xff\xe2\xbc\x93\
\xff\xdd\xb4\x8e\xff\xd8\xad\x89\xff\xd3\xa5\x84\xff\xce\x9d~\
\xff\xc9\x95y\xff\xc3\x8dt\xfe\x9dhZ\x95\xc6\xae\x8e\
\x90\xf7\xe5\xb7\xfe\xf6\xe2\xb6\xff\xeb\xd5\xad\xddiHB\
F*\x00\x0f12\x06\x15/2\x06\x15-2\x06\x15\
-#\x00\x09,\x8ae\x5cS\xda\xb8\x9c\xe9\xdb\xb8\x9d\
\xff\xc2\x9d\x89\x88!\x00\x07\x1a2\x06\x15\x122\x06\x15\
\x0a2\x06\x15\x052\x06\x15\x022\x06\x15\x00\x00\x00\x00\
\x00\x00\x00\x00\x00\x00\x00\x00\x00\x00\x00\x00\x00\x00\x00\x00\
\x00\x00\x00\x00\x00\x00\x00\x00\x00\x00\x00\x00\x00\x00\x00\x00\
\x00\x00\x00\x00\x00\x00\x00\x00\x00\x00\x00\x00\x00\x00\x00\x00\
\x00\x00\x00\x00\x00\x00\x00\x00\x00\x00\x00\x00\x00\x00\x00\x00\
\x00\x00\x00\x00\x00\x00\x00\x00\x00\x00\x00\x00\x00\x00\x00\x00\
\x00\x00\x00\x00\x00\x00\x00\x00\x00\x00\x00\x00\x00\x00\x00\x00\
\x00\x00\x00\x00\x00\x00\x00\x00\x00\x00\x00\x00\x00\x00\x00\x00\
\x00\x00\x00\x00\x00\x00\x00\x00\x00\x00\x00\x00\x00\x00\x00\x00\
\x00\x00\x00\x00\x00\x00\x00\x00\x00\x00\x00\x00\x00\x00\x00\x00\
\x00\x00\x00\x00\x00\x00\x00\x00\x00\x00\x00\x00\x00\x00\x00\x00\
\x00\x00\x00\x00\x00\x00\x00\x00\x00\x00\x00\x00\x00\x00\x00\x00\
\x00\x00\x00\x00\x00\x00\x00\x00\x00\x00\x00\x00\x00\x00\x00\x00\
\x00\x00\x00\x00\x00\x00\x00\x00\x00\x00\x00\x00\x00\x00\x00\x00\
\x002\x06\x15\x002\x06\x15\x012\x06\x15\x042\x06\x15\
\x092\x06\x15\x10$\x00\x0a\x18\x8fm\x5c:\xf8\xe2\xab\
\xd6\xff\xea\xb1\xff\xfe\xe8\xb0\xff\xfa\xe3\xac\xff\xf7\xdc\xa8\
\xff\xf2\xd6\xa4\xff\xee\xce\x9f\xff\xe9\xc7\x9a\xff\xe4\xbf\x95\
\xff\xdf\xb7\x90\xff\xda\xb0\x8b\xff\xd5\xa8\x85\xff\xd0\xa0\x80\
\xff\xca\x98{\xff\xc6\x90w\xff\xb7\x80k\xd2\x86`U\
b\xeb\xd7\xad\xd3\xf6\xe3\xb7\xff\xf1\xdb\xb2\xf3\xb4\x97\x80\
s.\x06\x111!\x00\x07,!\x00\x07+'\x00\x0c\
,kCC@\xcd\xac\x93\xad\xde\xbd\xa0\xff\xd8\xb5\x9b\
\xe6\x9cujJ\x1e\x00\x05\x172\x06\x15\x112\x06\x15\
\x092\x06\x15\x042\x06\x15\x012\x06\x15\x00\x00\x00\x00\
\x00\x00\x00\x00\x00\x00\x00\x00\x00\x00\x00\x00\x00\x00\x00\x00\
\x00\x00\x00\x00\x00\x00\x00\x00\x00\x00\x00\x00\x00\x00\x00\x00\
\x00\x00\x00\x00\x00\x00\x00\x00\x00\x00\x00\x00\x00\x00\x00\x00\
\x00\x00\x00\x00\x00\x00\x00\x00\x00\x00\x00\x00\x00\x00\x00\x00\
\x00\x00\x00\x00\x00\x00\x00\x00\x00\x00\x00\x00\x00\x00\x00\x00\
\x00\x00\x00\x00\x00\x00\x00\x00\x00\x00\x00\x00\x00\x00\x00\x00\
\x00\x00\x00\x00\x00\x00\x00\x00\x00\x00\x00\x00\x00\x00\x00\x00\
\x00\x00\x00\x00\x00\x00\x00\x00\x00\x00\x00\x00\x00\x00\x00\x00\
\x00\x00\x00\x00\x00\x00\x00\x00\x00\x00\x00\x00\x00\x00\x00\x00\
\x00\x00\x00\x00\x00\x00\x00\x00\x00\x00\x00\x00\x00\x00\x00\x00\
\x00\x00\x00\x00\x00\x00\x00\x00\x00\x00\x00\x00\x00\x00\x00\x00\
\x00\x00\x00\x00\x00\x00\x00\x00\x00\x00\x00\x00\x00\x00\x00\x00\
\x00\x00\x00\x00\x00\x00\x00\x00\x00\x00\x00\x00\x00\x00\x00\x00\
\x002\x06\x15\x002\x06\x15\x012\x06\x15\x042\x06\x15\
\x0a2\x06\x15\x12\x14\x00\x00\x19\xc9\xae\x88d\xfe\xe9\xb0\
\xf8\xff\xea\xb1\xff\xff\xe9\xb1\xff\xfc\xe5\xae\xff\xf8\xdf\xaa\
\xff\xf4\xd8\xa5\xff\xef\xd1\xa0\xff\xeb\xca\x9c\xff\xe6\xc2\x97\
\xff\xe1\xba\x91\xff\xdc\xb2\x8c\xff\xd7\xaa\x87\xff\xd1\xa3\x82\
\xff\xcc\x9b}\xff\xc7\x93x\xff\xbf\x89q\xefvEA\
a\xa0\x83pd\xec\xd7\xae\xd7\xf4\xdf\xb4\xff\xed\xd6\xaf\
\xe8\xd8\xbe\x9e\xa9\xc8\xab\x90\x89\xc5\xa7\x8e\x87\xcc\xad\x92\
\x99\xda\xbc\x9e\xcf\xe1\xc2\xa3\xfd\xdd\xbc\x9f\xf4\xc2\x9f\x89\
\x828\x0e\x19\x1f0\x04\x14\x152\x06\x15\x0e2\x06\x15\
\x082\x06\x15\x032\x06\x15\x012\x06\x15\x00\x00\x00\x00\
\x00\x00\x00\x00\x00\x00\x00\x00\x00\x00\x00\x00\x00\x00\x00\x00\
\x00\x00\x00\x00\x00\x00\x00\x00\x00\x00\x00\x00\x00\x00\x00\x00\
\x00\x00\x00\x00\x00\x00\x00\x00\x00\x00\x00\x00\x00\x00\x00\x00\
\x00\x00\x00\x00\x00\x00\x00\x00\x00\x00\x00\x00\x00\x00\x00\x00\
\x00\x00\x00\x00\x00\x00\x00\x00\x00\x00\x00\x00\x00\x00\x00\x00\
\x00\x00\x00\x00\x00\x00\x00\x00\x00\x00\x00\x00\x00\x00\x00\x00\
\x00\x00\x00\x00\x00\x00\x00\x00\x00\x00\x00\x00\x00\x00\x00\x00\
\x00\x00\x00\x00\x00\x00\x00\x00\x00\x00\x00\x00\x00\x00\x00\x00\
\x00\x00\x00\x00\x00\x00\x00\x00\x00\x00\x00\x00\x00\x00\x00\x00\
\x00\x00\x00\x00\x00\x00\x00\x00\x00\x00\x00\x00\x00\x00\x00\x00\
\x00\x00\x00\x00\x00\x00\x00\x00\x00\x00\x00\x00\x00\x00\x00\x00\
\x00\x00\x00\x00\x00\x00\x00\x00\x00\x00\x00\x00\x00\x00\x00\x00\
\x00\x00\x00\x00\x00\x00\x00\x00\x00\x00\x00\x00\x00\x00\x00\x00\
\x002\x06\x15\x002\x06\x15\x012\x06\x15\x052\x06\x15\
\x0b2\x06\x15\x13\x19\x00\x02\x1b\xdb\xc3\x96\x81\xff\xea\xb1\
\xff\xff\xea\xb1\xff\xff\xea\xb1\xff\xfd\xe7\xaf\xff\xf9\xe1\xab\
\xff\xf5\xda\xa7\xff\xf1\xd4\xa2\xff\xec\xcd\x9d\xff\xe8\xc5\x98\
\xff\xe3\xbd\x93\xff\xde\xb5\x8e\xff\xd9\xad\x89\xff\xd3\xa6\x84\
\xff\xce\x9e\x7f\xff\xc9\x96z\xff\xc3\x8du\xfb\x8f\x5cR\
r\x1e\x00\x071\x8aj]N\xd9\xc1\x9e\x9c\xeb\xd4\xad\
\xdb\xed\xd6\xaf\xf4\xeb\xd2\xad\xf9\xe8\xce\xab\xfa\xe6\xca\xa8\
\xf8\xe2\xc4\xa4\xed\xd8\xb8\x9c\xc2\xb8\x95\x82iK\x22)\
#-\x02\x11\x172\x06\x15\x102\x06\x15\x0a2\x06\x15\
\x052\x06\x15\x022\x06\x15\x01\x00\x00\x00\x00\x00\x00\x00\
\x00\x00\x00\x00\x00\x00\x00\x00\x00\x00\x00\x00\x00\x00\x00\x00\
\x00\x00\x00\x00\x00\x00\x00\x00\x00\x00\x00\x00\x00\x00\x00\x00\
\x00\x00\x00\x00\x00\x00\x00\x00\x00\x00\x00\x00\x00\x00\x00\x00\
\x00\x00\x00\x00\x00\x00\x00\x00\x00\x00\x00\x00\x00\x00\x00\x00\
\x00\x00\x00\x00\x00\x00\x00\x00\x00\x00\x00\x00\x00\x00\x00\x00\
\x00\x00\x00\x00\x00\x00\x00\x00\x00\x00\x00\x00\x00\x00\x00\x00\
\x00\x00\x00\x00\x00\x00\x00\x00\x00\x00\x00\x00\x00\x00\x00\x00\
\x00\x00\x00\x00\x00\x00\x00\x00\x00\x00\x00\x00\x00\x00\x00\x00\
\x00\x00\x00\x00\x00\x00\x00\x00\x00\x00\x00\x00\x00\x00\x00\x00\
\x00\x00\x00\x00\x00\x00\x00\x00\x00\x00\x00\x00\x00\x00\x00\x00\
\x00\x00\x00\x00\x00\x00\x00\x00\x00\x00\x00\x00\x00\x00\x00\x00\
\x00\x00\x00\x00\x00\x00\x00\x00\x00\x00\x00\x00\x00\x00\x00\x00\
\x00\x00\x00\x00\x00\x00\x00\x00\x00\x00\x00\x00\x00\x00\x00\x00\
\x002\x06\x15\x002\x06\x15\x012\x06\x15\x052\x06\x15\
\x0b2\x06\x15\x13\x19\x00\x02\x1b\xdb\xc2\x96\x81\xff\xea\xb1\
\xff\xff\xea\xb1\xff\xff\xea\xb1\xff\xfe\xe8\xb0\xff\xfb\xe3\xad\
\xff\xf7\xdd\xa8\xff\xf3\xd6\xa4\xff\xee\xcf\x9f\xff\xe9\xc7\x9a\
\xff\xe4\xc0\x95\xff\xe0\xb8\x90\xff\xdb\xb0\x8b\xff\xd6\xa8\x86\
\xff\xd0\xa0\x81\xff\xcb\x99|\xff\xc5\x91w\xfc\x96bV\
q$\x00\x0c+(\x01\x0d)3\x0e\x16(\x81^V\
:\xb0\x92}U\xc0\xa2\x89h\xbf\xa1\x89j\xb7\x97\x82\
`\x9dylG`9;* \x00\x06\x1a.\x04\x12\
\x162\x06\x15\x112\x06\x15\x0b2\x06\x15\x062\x06\x15\
\x032\x06\x15\x012\x06\x15\x00\x00\x00\x00\x00\x00\x00\x00\
\x00\x00\x00\x00\x00\x00\x00\x00\x00\x00\x00\x00\x00\x00\x00\x00\
\x00\x00\x00\x00\x00\x00\x00\x00\x00\x00\x00\x00\x00\x00\x00\x00\
\x00\x00\x00\x00\x00\x00\x00\x00\x00\x00\x00\x00\x00\x00\x00\x00\
\x00\x00\x00\x00\x00\x00\x00\x00\x00\x00\x00\x00\x00\x00\x00\x00\
\x00\x00\x00\x00\x00\x00\x00\x00\x00\x00\x00\x00\x00\x00\x00\x00\
\x00\x00\x00\x00\x00\x00\x00\x00\x00\x00\x00\x00\x00\x00\x00\x00\
\x00\x00\x00\x00\x00\x00\x00\x00\x00\x00\x00\x00\x00\x00\x00\x00\
\x00\x00\x00\x00\x00\x00\x00\x00\x00\x00\x00\x00\x00\x00\x00\x00\
\x00\x00\x00\x00\x00\x00\x00\x00\x00\x00\x00\x00\x00\x00\x00\x00\
\x00\x00\x00\x00\x00\x00\x00\x00\x00\x00\x00\x00\x00\x00\x00\x00\
\x00\x00\x00\x00\x00\x00\x00\x00\x00\x00\x00\x00\x00\x00\x00\x00\
\x00\x00\x00\x00\x00\x00\x00\x00\x00\x00\x00\x00\x00\x00\x00\x00\
\x00\x00\x00\x00\x00\x00\x00\x00\x00\x00\x00\x00\x00\x00\x00\x00\
\x002\x06\x15\x002\x06\x15\x012\x06\x15\x052\x06\x15\
\x0a2\x06\x15\x12\x14\x00\x00\x1a\xc9\xae\x88f\xfe\xe9\xb0\
\xf9\xff\xea\xb1\xff\xff\xea\xb1\xff\xff\xe9\xb1\xff\xfc\xe5\xae\
\xff\xf9\xdf\xaa\xff\xf5\xd9\xa6\xff\xf0\xd2\xa1\xff\xeb\xca\x9c\
\xff\xe6\xc3\x97\xff\xe2\xbb\x92\xff\xdc\xb3\x8d\xff\xd7\xab\x88\
\xff\xd2\xa3\x82\xff\xcd\x9c}\xff\xc6\x93x\xf4\x8e]R\
^$\x00\x0c%2\x06\x15\x221\x05\x14\x1e'\x00\x0c\
\x1b\x1a\x00\x02\x19\x13\x00\x00\x19\x13\x00\x00\x19\x16\x00\x00\
\x19\x1f\x00\x05\x18+\x02\x10\x162\x06\x15\x132\x06\x15\
\x0f2\x06\x15\x0b2\x06\x15\x072\x06\x15\x042\x06\x15\
\x022\x06\x15\x012\x06\x15\x00\x00\x00\x00\x00\x00\x00\x00\
\x00\x00\x00\x00\x00\x00\x00\x00\x00\x00\x00\x00\x00\x00\x00\x00\
\x00\x00\x00\x00\x00\x00\x00\x00\x00\x00\x00\x00\x00\x00\x00\x00\
\x00\x00\x00\x00\x00\x00\x00\x00\x00\x00\x00\x00\x00\x00\x00\x00\
\x00\x00\x00\x00\x00\x00\x00\x00\x00\x00\x00\x00\x00\x00\x00\x00\
\x00\x00\x00\x00\x00\x00\x00\x00\x00\x00\x00\x00\x00\x00\x00\x00\
\x00\x00\x00\x00\x00\x00\x00\x00\x00\x00\x00\x00\x00\x00\x00\x00\
\x00\x00\x00\x00\x00\x00\x00\x00\x00\x00\x00\x00\x00\x00\x00\x00\
\x00\x00\x00\x00\x00\x00\x00\x00\x00\x00\x00\x00\x00\x00\x00\x00\
\x00\x00\x00\x00\x00\x00\x00\x00\x00\x00\x00\x00\x00\x00\x00\x00\
\x00\x00\x00\x00\x00\x00\x00\x00\x00\x00\x00\x00\x00\x00\x00\x00\
\x00\x00\x00\x00\x00\x00\x00\x00\x00\x00\x00\x00\x00\x00\x00\x00\
\x00\x00\x00\x00\x00\x00\x00\x00\x00\x00\x00\x00\x00\x00\x00\x00\
\x00\x00\x00\x00\x00\x00\x00\x00\x00\x00\x00\x00\x00\x00\x00\x00\
\x002\x06\x15\x002\x06\x15\x012\x06\x15\x042\x06\x15\
\x092\x06\x15\x10#\x00\x09\x18\x94s`=\xf9\xe3\xac\
\xdb\xff\xea\xb1\xff\xff\xea\xb1\xff\xff\xea\xb1\xff\xfd\xe7\xaf\
\xff\xfa\xe1\xab\xff\xf6\xdb\xa7\xff\xf2\xd4\xa3\xff\xed\xcd\x9e\
\xff\xe8\xc5\x99\xff\xe3\xbe\x94\xff\xde\xb6\x8f\xff\xd9\xae\x8a\
\xff\xd4\xa6\x84\xff\xcf\x9f\x7f\xff\xc5\x92w\xdap@>\
>*\x00\x10\x1f2\x06\x15\x1a2\x06\x15\x152\x06\x15\
\x132\x06\x15\x122\x06\x15\x132\x06\x15\x132\x06\x15\
\x122\x06\x15\x112\x06\x15\x0f2\x06\x15\x0c2\x06\x15\
\x092\x06\x15\x062\x06\x15\x042\x06\x15\x022\x06\x15\
\x012\x06\x15\x00\x00\x00\x00\x00\x00\x00\x00\x00\x00\x00\x00\
\x00\x00\x00\x00\x00\x00\x00\x00\x00\x00\x00\x00\x00\x00\x00\x00\
\x00\x00\x00\x00\x00\x00\x00\x00\x00\x00\x00\x00\x00\x00\x00\x00\
\x00\x00\x00\x00\x00\x00\x00\x00\x00\x00\x00\x00\x00\x00\x00\x00\
\x00\x00\x00\x00\x00\x00\x00\x00\x00\x00\x00\x00\x00\x00\x00\x00\
\x00\x00\x00\x00\x00\x00\x00\x00\x00\x00\x00\x00\x00\x00\x00\x00\
\x00\x00\x00\x00\x00\x00\x00\x00\x00\x00\x00\x00\x00\x00\x00\x00\
\x00\x00\x00\x00\x00\x00\x00\x00\x00\x00\x00\x00\x00\x00\x00\x00\
\x00\x00\x00\x00\x00\x00\x00\x00\x00\x00\x00\x00\x00\x00\x00\x00\
\x00\x00\x00\x00\x00\x00\x00\x00\x00\x00\x00\x00\x00\x00\x00\x00\
\x00\x00\x00\x00\x00\x00\x00\x00\x00\x00\x00\x00\x00\x00\x00\x00\
\x00\x00\x00\x00\x00\x00\x00\x00\x00\x00\x00\x00\x00\x00\x00\x00\
\x00\x00\x00\x00\x00\x00\x00\x00\x00\x00\x00\x00\x00\x00\x00\x00\
\x00\x00\x00\x00\x00\x00\x00\x00\x00\x00\x00\x00\x00\x00\x00\x00\
\x002\x06\x15\x002\x06\x15\x012\x06\x15\x032\x06\x15\
\x072\x06\x15\x0e0\x04\x14\x162\x08\x15!\xe3\xcb\x9c\
\x93\xff\xea\xb1\xff\xff\xea\xb1\xff\xff\xea\xb1\xff\xfe\xe9\xb0\
\xff\xfb\xe4\xad\xff\xf7\xde\xa9\xff\xf3\xd7\xa5\xff\xef\xd0\xa0\
\xff\xea\xc8\x9b\xff\xe5\xc1\x96\xff\xe0\xb9\x91\xff\xdb\xb1\x8b\
\xff\xd6\xa9\x86\xff\xd1\xa1\x81\xff\xba\x89q\x9b5\x08\x17\
$1\x05\x14\x192\x06\x15\x122\x06\x15\x0e2\x06\x15\
\x0b2\x06\x15\x0a2\x06\x15\x0b2\x06\x15\x0b2\x06\x15\
\x0a2\x06\x15\x092\x06\x15\x082\x06\x15\x062\x06\x15\
\x042\x06\x15\x032\x06\x15\x022\x06\x15\x012\x06\x15\
\x00\x00\x00\x00\x00\x00\x00\x00\x00\x00\x00\x00\x00\x00\x00\x00\
\x00\x00\x00\x00\x00\x00\x00\x00\x00\x00\x00\x00\x00\x00\x00\x00\
\x00\x00\x00\x00\x00\x00\x00\x00\x00\x00\x00\x00\x00\x00\x00\x00\
\x00\x00\x00\x00\x00\x00\x00\x00\x00\x00\x00\x00\x00\x00\x00\x00\
\x00\x00\x00\x00\x00\x00\x00\x00\x00\x00\x00\x00\x00\x00\x00\x00\
\x00\x00\x00\x00\x00\x00\x00\x00\x00\x00\x00\x00\x00\x00\x00\x00\
\x00\x00\x00\x00\x00\x00\x00\x00\x00\x00\x00\x00\x00\x00\x00\x00\
\x00\x00\x00\x00\x00\x00\x00\x00\x00\x00\x00\x00\x00\x00\x00\x00\
\x00\x00\x00\x00\x00\x00\x00\x00\x00\x00\x00\x00\x00\x00\x00\x00\
\x00\x00\x00\x00\x00\x00\x00\x00\x00\x00\x00\x00\x00\x00\x00\x00\
\x00\x00\x00\x00\x00\x00\x00\x00\x00\x00\x00\x00\x00\x00\x00\x00\
\x00\x00\x00\x00\x00\x00\x00\x00\x00\x00\x00\x00\x00\x00\x00\x00\
\x00\x00\x00\x00\x00\x00\x00\x00\x00\x00\x00\x00\x00\x00\x00\x00\
\x00\x00\x00\x00\x00\x00\x00\x00\x00\x00\x00\x00\x00\x00\x00\x00\
\x00\x00\x00\x00\x002\x06\x15\x002\x06\x15\x022\x06\x15\
\x052\x06\x15\x0b2\x06\x15\x12%\x00\x0b\x1a\x90p\x5c\
<\xf5\xdf\xaa\xcd\xff\xea\xb1\xff\xff\xea\xb1\xff\xff\xea\xb1\
\xff\xfd\xe6\xae\xff\xf9\xe0\xaa\xff\xf5\xd9\xa6\xff\xf0\xd2\xa2\
\xff\xec\xcb\x9d\xff\xe7\xc4\x98\xff\xe2\xbc\x93\xff\xdd\xb4\x8d\
\xff\xd8\xac\x88\xff\xce\xa0\x80\xda\x89[PF%\x00\x0c\
\x1b2\x06\x15\x142\x06\x15\x0d2\x06\x15\x082\x06\x15\
\x062\x06\x15\x052\x06\x15\x052\x06\x15\x052\x06\x15\
\x052\x06\x15\x042\x06\x15\x032\x06\x15\x022\x06\x15\
\x022\x06\x15\x012\x06\x15\x002\x06\x15\x00\x00\x00\x00\
\x00\x00\x00\x00\x00\x00\x00\x00\x00\x00\x00\x00\x00\x00\x00\x00\
\x00\x00\x00\x00\x00\x00\x00\x00\x00\x00\x00\x00\x00\x00\x00\x00\
\x00\x00\x00\x00\x00\x00\x00\x00\x00\x00\x00\x00\x00\x00\x00\x00\
\x00\x00\x00\x00\x00\x00\x00\x00\x00\x00\x00\x00\x00\x00\x00\x00\
\x00\x00\x00\x00\x00\x00\x00\x00\x00\x00\x00\x00\x00\x00\x00\x00\
\x00\x00\x00\x00\x00\x00\x00\x00\x00\x00\x00\x00\x00\x00\x00\x00\
\x00\x00\x00\x00\x00\x00\x00\x00\x00\x00\x00\x00\x00\x00\x00\x00\
\x00\x00\x00\x00\x00\x00\x00\x00\x00\x00\x00\x00\x00\x00\x00\x00\
\x00\x00\x00\x00\x00\x00\x00\x00\x00\x00\x00\x00\x00\x00\x00\x00\
\x00\x00\x00\x00\x00\x00\x00\x00\x00\x00\x00\x00\x00\x00\x00\x00\
\x00\x00\x00\x00\x00\x00\x00\x00\x00\x00\x00\x00\x00\x00\x00\x00\
\x00\x00\x00\x00\x00\x00\x00\x00\x00\x00\x00\x00\x00\x00\x00\x00\
\x00\x00\x00\x00\x00\x00\x00\x00\x00\x00\x00\x00\x00\x00\x00\x00\
\x00\x00\x00\x00\x00\x00\x00\x00\x00\x00\x00\x00\x00\x00\x00\x00\
\x00\x00\x00\x00\x002\x06\x15\x002\x06\x15\x012\x06\x15\
\x042\x06\x15\x082\x06\x15\x0e2\x06\x15\x16!\x00\x08\
\x1d\xba\x9e|V\xf9\xe3\xac\xdd\xff\xea\xb1\xff\xff\xea\xb1\
\xff\xfe\xe7\xaf\xff\xfa\xe2\xac\xff\xf6\xdc\xa8\xff\xf2\xd5\xa3\
\xff\xed\xce\x9e\xff\xe9\xc6\x99\xff\xe4\xbf\x95\xff\xdf\xb7\x8f\
\xff\xd6\xac\x88\xe7\xac\x7fig)\x00\x0e\x1e2\x06\x15\
\x162\x06\x15\x0e2\x06\x15\x082\x06\x15\x042\x06\x15\
\x022\x06\x15\x012\x06\x15\x012\x06\x15\x012\x06\x15\
\x012\x06\x15\x012\x06\x15\x012\x06\x15\x012\x06\x15\
\x002\x06\x15\x002\x06\x15\x00\x00\x00\x00\x00\x00\x00\x00\
\x00\x00\x00\x00\x00\x00\x00\x00\x00\x00\x00\x00\x00\x00\x00\x00\
\x00\x00\x00\x00\x00\x00\x00\x00\x00\x00\x00\x00\x00\x00\x00\x00\
\x00\x00\x00\x00\x00\x00\x00\x00\x00\x00\x00\x00\x00\x00\x00\x00\
\x00\x00\x00\x00\x00\x00\x00\x00\x00\x00\x00\x00\x00\x00\x00\x00\
\x00\x00\x00\x00\x00\x00\x00\x00\x00\x00\x00\x00\x00\x00\x00\x00\
\x00\x00\x00\x00\x00\x00\x00\x00\x00\x00\x00\x00\x00\x00\x00\x00\
\x00\x00\x00\x00\x00\x00\x00\x00\x00\x00\x00\x00\x00\x00\x00\x00\
\x00\x00\x00\x00\x00\x00\x00\x00\x00\x00\x00\x00\x00\x00\x00\x00\
\x00\x00\x00\x00\x00\x00\x00\x00\x00\x00\x00\x00\x00\x00\x00\x00\
\x00\x00\x00\x00\x00\x00\x00\x00\x00\x00\x00\x00\x00\x00\x00\x00\
\x00\x00\x00\x00\x00\x00\x00\x00\x00\x00\x00\x00\x00\x00\x00\x00\
\x00\x00\x00\x00\x00\x00\x00\x00\x00\x00\x00\x00\x00\x00\x00\x00\
\x00\x00\x00\x00\x00\x00\x00\x00\x00\x00\x00\x00\x00\x00\x00\x00\
\x00\x00\x00\x00\x00\x00\x00\x00\x00\x00\x00\x00\x00\x00\x00\x00\
\x00\x00\x00\x00\x002\x06\x15\x002\x06\x15\x012\x06\x15\
\x022\x06\x15\x052\x06\x15\x0a2\x06\x15\x101\x05\x14\
\x17&\x00\x0c\x1e\xba\x9e|V\xf5\xdf\xaa\xcd\xff\xea\xb1\
\xfd\xfe\xe9\xb1\xff\xfc\xe5\xad\xff\xf8\xde\xa9\xff\xf4\xd8\xa5\
\xff\xef\xd1\xa0\xff\xeb\xca\x9c\xff\xe5\xc1\x96\xfd\xd9\xb2\x8c\
\xd3\xad\x83lc0\x07\x14 0\x04\x14\x182\x06\x15\
\x112\x06\x15\x0a2\x06\x15\x052\x06\x15\x022\x06\x15\
\x012\x06\x15\x002\x06\x15\x002\x06\x15\x002\x06\x15\
\x002\x06\x15\x002\x06\x15\x00\x00\x00\x00\x00\x00\x00\x00\
\x00\x00\x00\x00\x00\x00\x00\x00\x00\x00\x00\x00\x00\x00\x00\x00\
\x00\x00\x00\x00\x00\x00\x00\x00\x00\x00\x00\x00\x00\x00\x00\x00\
\x00\x00\x00\x00\x00\x00\x00\x00\x00\x00\x00\x00\x00\x00\x00\x00\
\x00\x00\x00\x00\x00\x00\x00\x00\x00\x00\x00\x00\x00\x00\x00\x00\
\x00\x00\x00\x00\x00\x00\x00\x00\x00\x00\x00\x00\x00\x00\x00\x00\
\x00\x00\x00\x00\x00\x00\x00\x00\x00\x00\x00\x00\x00\x00\x00\x00\
\x00\x00\x00\x00\x00\x00\x00\x00\x00\x00\x00\x00\x00\x00\x00\x00\
\x00\x00\x00\x00\x00\x00\x00\x00\x00\x00\x00\x00\x00\x00\x00\x00\
\x00\x00\x00\x00\x00\x00\x00\x00\x00\x00\x00\x00\x00\x00\x00\x00\
\x00\x00\x00\x00\x00\x00\x00\x00\x00\x00\x00\x00\x00\x00\x00\x00\
\x00\x00\x00\x00\x00\x00\x00\x00\x00\x00\x00\x00\x00\x00\x00\x00\
\x00\x00\x00\x00\x00\x00\x00\x00\x00\x00\x00\x00\x00\x00\x00\x00\
\x00\x00\x00\x00\x00\x00\x00\x00\x00\x00\x00\x00\x00\x00\x00\x00\
\x00\x00\x00\x00\x00\x00\x00\x00\x00\x00\x00\x00\x00\x00\x00\x00\
\x00\x00\x00\x00\x00\x00\x00\x00\x00\x00\x00\x00\x00\x00\x00\x00\
\x00\x00\x00\x00\x00\x00\x00\x00\x002\x06\x15\x002\x06\x15\
\x012\x06\x15\x032\x06\x15\x062\x06\x15\x0b2\x06\x15\
\x111\x05\x14\x17!\x00\x08\x1d\x8en[;\xe3\xca\x9b\
\x91\xf8\xe2\xac\xda\xfb\xe5\xae\xf8\xf9\xe0\xaa\xfe\xf5\xda\xa6\
\xfe\xef\xd1\xa0\xf2\xe4\xc3\x97\xd0\xcc\xa7\x84\x8b\x85\x5cP\
=%\x00\x0c\x1d0\x05\x14\x182\x06\x15\x112\x06\x15\
\x0b2\x06\x15\x062\x06\x15\x032\x06\x15\x012\x06\x15\
\x00\x00\x00\x00\x00\x00\x00\x00\x00\x00\x00\x00\x00\x00\x00\x00\
\x00\x00\x00\x00\x00\x00\x00\x00\x00\x00\x00\x00\x00\x00\x00\x00\
\x00\x00\x00\x00\x00\x00\x00\x00\x00\x00\x00\x00\x00\x00\x00\x00\
\x00\x00\x00\x00\x00\x00\x00\x00\x00\x00\x00\x00\x00\x00\x00\x00\
\x00\x00\x00\x00\x00\x00\x00\x00\x00\x00\x00\x00\x00\x00\x00\x00\
\x00\x00\x00\x00\x00\x00\x00\x00\x00\x00\x00\x00\x00\x00\x00\x00\
\x00\x00\x00\x00\x00\x00\x00\x00\x00\x00\x00\x00\x00\x00\x00\x00\
\x00\x00\x00\x00\x00\x00\x00\x00\x00\x00\x00\x00\x00\x00\x00\x00\
\x00\x00\x00\x00\x00\x00\x00\x00\x00\x00\x00\x00\x00\x00\x00\x00\
\x00\x00\x00\x00\x00\x00\x00\x00\x00\x00\x00\x00\x00\x00\x00\x00\
\x00\x00\x00\x00\x00\x00\x00\x00\x00\x00\x00\x00\x00\x00\x00\x00\
\x00\x00\x00\x00\x00\x00\x00\x00\x00\x00\x00\x00\x00\x00\x00\x00\
\x00\x00\x00\x00\x00\x00\x00\x00\x00\x00\x00\x00\x00\x00\x00\x00\
\x00\x00\x00\x00\x00\x00\x00\x00\x00\x00\x00\x00\x00\x00\x00\x00\
\x00\x00\x00\x00\x00\x00\x00\x00\x00\x00\x00\x00\x00\x00\x00\x00\
\x00\x00\x00\x00\x00\x00\x00\x00\x00\x00\x00\x00\x00\x00\x00\x00\
\x00\x00\x00\x00\x00\x00\x00\x00\x00\x00\x00\x00\x00\x00\x00\x00\
\x00\x00\x00\x00\x00\x00\x00\x00\x002\x06\x15\x002\x06\x15\
\x012\x06\x15\x022\x06\x15\x032\x06\x15\x062\x06\x15\
\x0b2\x06\x15\x102\x06\x15\x15%\x00\x0b\x1a0\x10\x14\
 \x8fm\x5c;\xc4\xa7\x83a\xd2\xb6\x8ex\xcd\xaf\x88\
t\xb2\x90tWuMF3*\x07\x0f\x1f&\x01\x0c\
\x1a2\x06\x15\x162\x06\x15\x102\x06\x15\x0b2\x06\x15\
\x072\x06\x15\x042\x06\x15\x022\x06\x15\x012\x06\x15\
\x00\x00\x00\x00\x00\x00\x00\x00\x00\x00\x00\x00\x00\x00\x00\x00\
\x00\x00\x00\x00\x00\x00\x00\x00\x00\x00\x00\x00\x00\x00\x00\x00\
\x00\x00\x00\x00\x00\x00\x00\x00\x00\x00\x00\x00\x00\x00\x00\x00\
\x00\x00\x00\x00\x00\x00\x00\x00\x00\x00\x00\x00\x00\x00\x00\x00\
\x00\x00\x00\x00\x00\x00\x00\x00\x00\x00\x00\x00\x00\x00\x00\x00\
\x00\x00\x00\x00\x00\x00\x00\x00\x00\x00\x00\x00\x00\x00\x00\x00\
\x00\x00\x00\x00\x00\x00\x00\x00\x00\x00\x00\x00\x00\x00\x00\x00\
\x00\x00\x00\x00\x00\x00\x00\x00\x00\x00\x00\x00\x00\x00\x00\x00\
\x00\x00\x00\x00\x00\x00\x00\x00\x00\x00\x00\x00\x00\x00\x00\x00\
\x00\x00\x00\x00\x00\x00\x00\x00\x00\x00\x00\x00\x00\x00\x00\x00\
\x00\x00\x00\x00\x00\x00\x00\x00\x00\x00\x00\x00\x00\x00\x00\x00\
\x00\x00\x00\x00\x00\x00\x00\x00\x00\x00\x00\x00\x00\x00\x00\x00\
\x00\x00\x00\x00\x00\x00\x00\x00\x00\x00\x00\x00\x00\x00\x00\x00\
\x00\x00\x00\x00\x00\x00\x00\x00\x00\x00\x00\x00\x00\x00\x00\x00\
\x00\x00\x00\x00\x00\x00\x00\x00\x00\x00\x00\x00\x00\x00\x00\x00\
\x00\x00\x00\x00\x00\x00\x00\x00\x00\x00\x00\x00\x00\x00\x00\x00\
\x00\x00\x00\x00\x00\x00\x00\x00\x00\x00\x00\x00\x00\x00\x00\x00\
\x00\x00\x00\x00\x00\x00\x00\x00\x00\x00\x00\x00\x002\x06\x15\
\x002\x06\x15\x012\x06\x15\x022\x06\x15\x032\x06\x15\
\x062\x06\x15\x092\x06\x15\x0e2\x06\x15\x120\x04\x14\
\x16$\x00\x0a\x18\x14\x00\x01\x19\x17\x00\x01\x1a\x16\x00\x01\
\x1a\x18\x00\x03\x19)\x01\x0e\x191\x05\x14\x162\x06\x15\
\x122\x06\x15\x0e2\x06\x15\x0a2\x06\x15\x062\x06\x15\
\x042\x06\x15\x022\x06\x15\x012\x06\x15\x00\x00\x00\x00\
\x00\x00\x00\x00\x00\x00\x00\x00\x00\x00\x00\x00\x00\x00\x00\x00\
\x00\x00\x00\x00\x00\x00\x00\x00\x00\x00\x00\x00\x00\x00\x00\x00\
\x00\x00\x00\x00\x00\x00\x00\x00\x00\x00\x00\x00\x00\x00\x00\x00\
\x00\x00\x00\x00\x00\x00\x00\x00\x00\x00\x00\x00\x00\x00\x00\x00\
\x00\x00\x00\x00\x00\x00\x00\x00\x00\x00\x00\x00\x00\x00\x00\x00\
\x00\x00\x00\x00\x00\x00\x00\x00\x00\x00\x00\x00\x00\x00\x00\x00\
\x00\x00\x00\x00\x00\x00\x00\x00\x00\x00\x00\x00\x00\x00\x00\x00\
\x00\x00\x00\x00\x00\x00\x00\x00\x00\x00\x00\x00\x00\x00\x00\x00\
\x00\x00\x00\x00\x00\x00\x00\x00\x00\x00\x00\x00\x00\x00\x00\x00\
\x00\x00\x00\x00\x00\x00\x00\x00\x00\x00\x00\x00\x00\x00\x00\x00\
\x00\x00\x00\x00\x00\x00\x00\x00\x00\x00\x00\x00\x00\x00\x00\x00\
\x00\x00\x00\x00\x00\x00\x00\x00\x00\x00\x00\x00\x00\x00\x00\x00\
\x00\x00\x00\x00\x00\x00\x00\x00\x00\x00\x00\x00\x00\x00\x00\x00\
\x00\x00\x00\x00\x00\x00\x00\x00\x00\x00\x00\x00\x00\x00\x00\x00\
\x00\x00\x00\x00\x00\x00\x00\x00\x00\x00\x00\x00\x00\x00\x00\x00\
\x00\x00\x00\x00\x00\x00\x00\x00\x00\x00\x00\x00\x00\x00\x00\x00\
\x00\x00\x00\x00\x00\x00\x00\x00\x00\x00\x00\x00\x00\x00\x00\x00\
\x00\x00\x00\x00\x00\x00\x00\x00\x00\x00\x00\x00\x00\x00\x00\x00\
\x002\x06\x15\x002\x06\x15\x012\x06\x15\x022\x06\x15\
\x032\x06\x15\x052\x06\x15\x082\x06\x15\x0b2\x06\x15\
\x0d2\x06\x15\x102\x06\x15\x122\x06\x15\x132\x06\x15\
\x132\x06\x15\x122\x06\x15\x102\x06\x15\x0d2\x06\x15\
\x0b2\x06\x15\x082\x06\x15\x052\x06\x15\x032\x06\x15\
\x022\x06\x15\x012\x06\x15\x00\x00\x00\x00\x00\x00\x00\x00\
\x00\x00\x00\x00\x00\x00\x00\x00\x00\x00\x00\x00\x00\x00\x00\x00\
\x00\x00\x00\x00\x00\x00\x00\x00\x00\x00\x00\x00\x00\x00\x00\x00\
\x00\x00\x00\x00\x00\x00\x00\x00\x00\x00\x00\x00\x00\x00\x00\x00\
\x00\x00\x00\x00\x00\x00\x00\x00\x00\x00\x00\x00\x00\x00\x00\x00\
\x00\x00\x00\x00\x00\x00\x00\x00\x00\x00\x00\x00\x00\x00\x00\x00\
\x00\x00\x00\x00\x00\x00\x00\x00\x00\x00\x00\x00\x00\x00\x00\x00\
\x00\x00\x00\x00\x00\x00\x00\x00\x00\x00\x00\x00\x00\x00\x00\x00\
\x00\x00\x00\x00\x00\x00\x00\x00\x00\x00\x00\x00\x00\x00\x00\x00\
\x00\x00\x00\x00\x00\x00\x00\x00\x00\x00\x00\x00\x00\x00\x00\x00\
\x00\x00\x00\x00\x00\x00\x00\x00\x00\x00\x00\x00\x00\x00\x00\x00\
\x00\x00\x00\x00\x00\x00\x00\x00\x00\x00\x00\x00\x00\x00\x00\x00\
\x00\x00\x00\x00\x00\x00\x00\x00\x00\x00\x00\x00\x00\x00\x00\x00\
\x00\x00\x00\x00\x00\x00\x00\x00\x00\x00\x00\x00\x00\x00\x00\x00\
\x00\x00\x00\x00\x00\x00\x00\x00\x00\x00\x00\x00\x00\x00\x00\x00\
\x00\x00\x00\x00\x00\x00\x00\x00\x00\x00\x00\x00\x00\x00\x00\x00\
\x00\x00\x00\x00\x00\x00\x00\x00\x00\x00\x00\x00\x00\x00\x00\x00\
\x00\x00\x00\x00\x00\x00\x00\x00\x00\x00\x00\x00\x00\x00\x00\x00\
\x00\x00\x00\x00\x00\x00\x00\x00\x00\x00\x00\x00\x00\x00\x00\x00\
\x00\x00\x00\x00\x002\x06\x15\x002\x06\x15\x012\x06\x15\
\x012\x06\x15\x022\x06\x15\x042\x06\x15\x052\x06\x15\
\x072\x06\x15\x092\x06\x15\x0a2\x06\x15\x0a2\x06\x15\
\x0a2\x06\x15\x0a2\x06\x15\x082\x06\x15\x072\x06\x15\
\x052\x06\x15\x042\x06\x15\x022\x06\x15\x012\x06\x15\
\x012\x06\x15\x00\x00\x00\x00\x00\x00\x00\x00\x00\x00\x00\x00\
\x00\x00\x00\x00\x00\x00\x00\x00\x00\x00\x00\x00\x00\x00\x00\x00\
\x00\x00\x00\x00\x00\x00\x00\x00\x00\x00\x00\x00\x00\x00\x00\x00\
\x00\x00\x00\x00\x00\x00\x00\x00\x00\x00\x00\x00\x00\x00\x00\x00\
\x00\x00\x00\x00\x00\x00\x00\x00\x00\x00\x00\x00\x00\x00\x00\x00\
\x00\x00\x00\x00\x00\x00\x00\x00\x00\x00\x00\x00\x00\x00\x00\x00\
\x00\x00\x00\x00\x00\x00\x00\x00\x00\x00\x00\x00\x00\x00\x00\x00\
\x00\x00\x00\x00\x00\x00\x00\x00\x00\x00\x00\x00\x00\x00\x00\x00\
\x00\x00\x00\x00\x00\x00\x00\x00\x00\x00\x00\x00\x00\x00\x00\x00\
\x00\x00\x00\x00\x00\x00\x00\x00\x00\x00\x00\x00\x00\x00\x00\x00\
\x00\x00\x00\x00\x00\x00\x00\x00\x00\x00\x00\x00\x00\x00\x00\x00\
\x00\x00\x00\x00\x00\x00\x00\x00\x00\x00\x00\x00\x00\x00\x00\x00\
\x00\x00\x00\x00\x00\x00\x00\x00\x00\x00\x00\x00\x00\x00\x00\x00\
\x00\x00\x00\x00\x00\x00\x00\x00\x00\x00\x00\x00\x00\x00\x00\x00\
\x00\x00\x00\x00\x00\x00\x00\x00\x00\x00\x00\x00\x00\x00\x00\x00\
\x00\x00\x00\x00\x00\x00\x00\x00\x00\x00\x00\x00\x00\x00\x00\x00\
\x00\x00\x00\x00\x00\x00\x00\x00\x00\x00\x00\x00\x00\x00\x00\x00\
\x00\x00\x00\x00\x00\x00\x00\x00\x00\x00\x00\x00\x00\x00\x00\x00\
\x00\x00\x00\x00\x00\x00\x00\x00\x00\x00\x00\x00\x00\x00\x00\x00\
\x00\x00\x00\x00\x00\x00\x00\x00\x002\x06\x15\x002\x06\x15\
\x002\x06\x15\x012\x06\x15\x012\x06\x15\x022\x06\x15\
\x032\x06\x15\x042\x06\x15\x042\x06\x15\x052\x06\x15\
\x052\x06\x15\x042\x06\x15\x042\x06\x15\x032\x06\x15\
\x022\x06\x15\x012\x06\x15\x012\x06\x15\x002\x06\x15\
\x00\x00\x00\x00\x00\x00\x00\x00\x00\x00\x00\x00\x00\x00\x00\x00\
\x00\x00\x00\x00\x00\x00\x00\x00\x00\x00\x00\x00\x00\x00\x00\x00\
\x00\x00\x00\x00\x00\x00\x00\x00\x00\x00\x00\x00\x00\x00\x00\x00\
\x00\x00\x00\x00\x00\x00\x00\x00\x00\x00\x00\x00\x00\x00\x00\x00\
\x00\x00\x00\x00\x00\x00\x00\x00\x00\x00\x00\x00\x00\x00\x00\x00\
\x00\x00\x00\x00\x00\x00\x00\x00\x00\x00\x00\x00\x00\x00\x00\x00\
\x00\x00\x00\x00\x00\x00\x00\x00\x00\x00\x00\x00\x00\x00\x00\x00\
\x00\x00\x00\x00\x00\x00\x00\x00\x00\x00\x00\x00\x00\x00\x00\x00\
\x00\x00\x00\x00\x00\x00\x00\x00\x00\x00\x00\x00\x00\x00\x00\x00\
\x00\x00\x00\x00\x00\x00\x00\x00\x00\x00\x00\x00\x00\x00\x00\x00\
\x00\x00\x00\x00\x00\x00\x00\x00\x00\x00\x00\x00\x00\x00\x00\x00\
\x00\x00\x00\x00\x00\x00\x00\x00\x00\x00\x00\x00\x00\x00\x00\x00\
\x00\x00\x00\x00\x00\x00\x00\x00\x00\x00\x00\x00\x00\x00\x00\x00\
\x00\x00\x00\x00\x00\x00\x00\x00\x00\x00\x00\x00\x00\x00\x00\x00\
\x00\x00\x00\x00\x00\x00\x00\x00\x00\x00\x00\x00\x00\x00\x00\x00\
\x00\x00\x00\x00\x00\x00\x00\x00\x00\x00\x00\x00\x00\x00\x00\x00\
\x00\x00\x00\x00\x00\x00\x00\x00\x00\x00\x00\x00\x00\x00\x00\x00\
\x00\x00\x00\x00\x00\x00\x00\x00\x00\x00\x00\x00\x00\x00\x00\x00\
\x00\x00\x00\x00\x00\x00\x00\x00\x00\x00\x00\x00\x00\x00\x00\x00\
\x00\x00\x00\x00\x00\x00\x00\x00\x00\x00\x00\x00\x00\x00\x00\x00\
\x002\x06\x15\x002\x06\x15\x002\x06\x15\x002\x06\x15\
\x012\x06\x15\x012\x06\x15\x012\x06\x15\x012\x06\x15\
\x012\x06\x15\x012\x06\x15\x012\x06\x15\x012\x06\x15\
\x002\x06\x15\x002\x06\x15\x00\x00\x00\x00\x00\x00\x00\x00\
\x00\x00\x00\x00\x00\x00\x00\x00\x00\x00\x00\x00\x00\x00\x00\x00\
\x00\x00\x00\x00\x00\x00\x00\x00\x00\x00\x00\x00\x00\x00\x00\x00\
\x00\x00\x00\x00\x00\x00\x00\x00\x00\x00\x00\x00\x00\x00\x00\x00\
\x00\x00\x00\x00\x00\x00\x00\x00\x00\x00\x00\x00\x00\x00\x00\x00\
\x00\x00\x00\x00\x00\x00\x00\x00\x00\x00\x00\x00\x00\x00\x00\x00\
\x00\x00\x00\x00\x00\x00\x00\x00\x00\x00\x00\x00\x00\x00\x00\x00\
\x00\x00\x00\x00\x00\x00\x00\x00\x00\x00\x00\x00\x00\x00\x00\x00\
\x00\x00\x00\x00\x00\x00\x00\x00\x00\x00\x00\x00\x00\x00\x00\x00\
\x00\x00\x00\x00\x00\x00\x00\x00\x00\x00\x00\x00\x00\x00\x00\x00\
\x00\x00\x00\x00\x00\x00\x00\x00\x00\x00\x00\x00\x00\x00\x00\x00\
\x00\x00\x00\x00\x00\x00\x00\x00\x00\x00\x00\x00\x00\x00\x00\x00\
\x00\x00\x00\x00\x00\x00\x00\x00\x00\x00\x00\x00\x00\x00\x00\x00\
\x00\x00\x00\x00\x00\x00\x00\x00\x00\x00\x00\x00\x00\x00\x00\x00\
\x00\x00\x00\x00\x00\x00\x00\x00\x00\x00\x00\x00\x00\x00\x00\x00\
\x00\x00\x00\x00\x00\x00\x00\x00\x00\x00\x00\x00\x00\x00\x00\x00\
\x00\x00\x00\x00\x00\x00\x00\x00\x00\x00\x00\x00\x00\x00\x00\x00\
\x00\x00\x00\x00\x00\x00\x00\x00\x00\x00\x00\x00\x00\x00\x00\x00\
\x00\x00\x00\x00\x00\x00\x00\x00\x00\x00\x00\x00\x00\x00\x00\x00\
\x00\x00\x00\x00\x00\x00\x00\x00\x00\x00\x00\x00\x00\x00\x00\x00\
\x00\x00\x00\x00\x00\x00\x00\x00\x00\x00\x00\x00\x00\x00\x00\x00\
\x00\x00\x00\x00\x00\x00\x00\x00\x00\x00\x00\x00\x002\x06\x15\
\x002\x06\x15\x002\x06\x15\x002\x06\x15\x002\x06\x15\
\x002\x06\x15\x002\x06\x15\x002\x06\x15\x00\x00\x00\x00\
\x00\x00\x00\x00\x00\x00\x00\x00\x00\x00\x00\x00\x00\x00\x00\x00\
\x00\x00\x00\x00\x00\x00\x00\x00\x00\x00\x00\x00\x00\x00\x00\x00\
\x00\x00\x00\x00\x00\x00\x00\x00\x00\x00\x00\x00\x00\x00\x00\x00\
\x00\x00\x00\x00\x00\x00\x00\x00\x00\x00\x00\x00\x00\x00\x00\x00\
\x00\x00\x00\x00\x00\x00\x00\x00\x00\x00\x00\x00\x00\x00\x00\x00\
\x00\x00\x00\x00\x00\x00\x00\x00\x00\x00\x00\x00\x00\x00\x00\x00\
\x00\x00\x00\x00\x00\x00\x00\x00\x00\x00\x00\x00\x00\x00\x00\x00\
\x00\x00\x00\x00\x00\x00\x00\x00\x00\x00\x00\x00\x00\x00\x00\x00\
\x00\x00\x00\x00\x00\x00\x00\x00\x00\x00\x00\x00\x00\x00\x00\x00\
\x00\x00\x00\x00\x00\x00\x00\x00\x00\x00\x00\x00\x00\x00\x00\x00\
\x00\x00\x00\x00\x00\x00\x00\x00\x00\x00\x00\x00\x00\x00\x00\x00\
\x00\x00\x00\x00\x00\x00\x00\x00\x00\x00\x00\x00\x00\x00\x00\x00\
\x00\x00\x00\x00\x00\xff\xff\xff\xf8?\xff\xff\xff\xff\xff\xff\
\xff\xff\xff\xff\xe0\x00\x03\xff\xff\xff\xff\xff\xff\xff\xff\xff\
\xc0\x00\x01\xff\xff\xff\xff\xff\xff\xff\xff\xff\x80\x00\x00\xff\
\xff\xff\xff\xff\xff\xff\xff\xff\x80\x00\x00\xff\xff\xff\xff\xff\
\xff\xff\xff\xff\x80\x00\x00\xff\xff\xff\xff\xff\xff\xff\xff\xff\
\x80\x00\x00\x7f\xff\xff\xff\xff\xff\xff\xff\xff\x80\x00\x00\x7f\
\xff\xff\xff\xff\xff\xff\xff\xff\x80\x00\x00?\x04\x03\xff\xff\
\xff\xff\xff\xff\x80\x00\x00\x00\x00\x00\x7f\xff\xff\xff\xff\xff\
\x80\x00\x00\x00\x00\x00?\xff\xff\xff\xff\xff\x00\x00\x00\x00\
\x00\x00\x1f\xff\xff\xff\xff\xff\x00\x00\x00\x00\x00\x00\x1f\xff\
\xff\xff\xff\xff\x00\x00\x00\x00\x00\x00\x1f\xff\xff\xff\xff\xff\
\x00\x00\x00\x00\x00\x00\x1f\xff\xff\xff\xff\xfe\x00\x00\x00\x00\
\x00\x00\x1f\xff\xff\xff\xff\xfe\x00\x00\x00\x00\x00\x00\x0f\xff\
\xff\xff\xff\xfe\x00\x00\x00\x00\x00\x00\x0f\xff\xff\xff\xff\xfe\
\x00\x00\x00\x00\x00\x00\x0f\xff\xff\xff\xff\xfc\x00\x00\x00\x00\
\x00\x00\x0f\xff\xff\xff\xff\xfe\x00\x00\x00\x00\x00\x00\x0f\xff\
\xff\xff\xff\xfc\x00\x00\x00\x00\x00\x00\x0f\xff\xff\xff\xff\xfc\
\x00\x00\x00\x00\x00\x00\x0f\xff\xff\xff\xff\xfc\x00\x00\x00\x00\
\x00\x00\x0f\xff\xff\xff\xff\xfc\x00\x00\x00\x00\x00\x00\x0f\xff\
\xff\xff\xff\xfc\x00\x00\x00\x00\x00\x00\x0f\xff\xff\xff\xff\xfc\
\x00\x00\x00\x00\x00\x00\x0f\xff\xff\xff\xff\xfc\x00\x00\x00\x00\
\x00\x00\x0f\xff\xff\xff\xff\xfe\x00\x00\x00\x00\x00\x00\x0f\xff\
\xff\xff\xff\xfe\x00\x00\x00\x00\x00\x00\x0f\xff\xff\xff\xff\xfe\
\x00\x00\x00\x00\x00\x00\x0f\xff\xff\xff\xff\xfe\x00\x00\x00\x00\
\x00\x00\x0f\xff\xff\xff\xff\xfe\x00\x00\x00\x00\x00\x00\x0f\xff\
\xff\xff\xff\xff\x00\x00\x00\x00\x00\x00\x1f\xff\xff\xff\xff\xff\
\x00\x00\x00\x00\x00\x00\x1f\xff\xff\xff\xff\xff\x00\x00\x00\x00\
\x00\x00\x1f\xff\xff\xff\xff\xff\x00\x00\x00\x00\x00\x00\x1f\xff\
\xff\xff\xff\xff\x00\x00\x00\x00\x00\x00\x1f\xff\xff\xff\xff\xff\
\x80\x00\x00\x00\x00\x00?\xff\xff\xff\xff\xff\x80\x00\x00\x00\
\x00\x00?\xff\xff\xff\xff\xff\x80\x00\x00\x00\x00\x00\x7f\xff\
\xff\xff\xff\xff\x80\x00\x00\x00\x00\x00\x7f\xff\xff\xff\xff\xff\
\x80\x00\x00\x00\x00\x00\x7f\xff\xff\xff\xff\xff\x80\x00\x00\x00\
\x00\x00\x7f\xff\xff\xff\xff\xff\x00\x00\x00\x00\x00\x00\x7f\xff\
\xff\xff\xff\xff\x00\x00\x00\x00\x00\x00\x7f\xff\xff\xff\xff\xff\
\x00\x00\x00\x00\x00\x00\x7f\xff\xff\xff\xff\xff\x00\x00\x00\x00\
\x00\x00\x7f\xff\xff\xff\xff\xfe\x00\x00\x00\x00\x00\x00\x7f\xff\
\xff\xff\xff\xfe\x00\x00\x00\x00\x00\x00\x7f\xff\xff\xff\xff\xfc\
\x00\x00\x00\x00\x00\x00\x7f\xff\xff\xff\xff\xf8\x00\x00\x00\x00\
\x00\x00\x7f\xff\xff\xff\xff\xf8\x00\x00\x00\x00\x00\x00\xff\xff\
\xff\xff\xff\xf8\x00\x00\x00\x00\x00\x00\xff\xff\xff\xff\xff\xf8\
\x00\x00\x00\x00\x00\x00\xff\xff\xff\xff\xff\xf8\x00\x00\x00\x00\
\x00\x00\xff\xff\xff\xff\xff\xf8\x00\x00\x00\x00\x00\x00\xff\xff\
\xff\xff\xff\xf8\x00\x00\x00\x00\x00\x01\xff\xff\xff\xff\xff\xf8\
\x00\x00\x00\x00\x00\x01\xff\xff\xff\xff\xff\xf8\x00\x00\x00\x00\
\x00\x03\xff\xff\xff\xff\xff\xf8\x00\x00\x00\x00\x00\x03\xff\xff\
\xff\xff\xff\xf8\x00\x00\x00\x00\x00\x03\xff\xff\xff\xff\xff\xf8\
\x00\x00\x00\x00\x00\x03\xff\xff\xff\xff\xff\xf8\x00\x00\x00\x00\
\x00\x01\xff\xff\xff\xff\xff\xf8\x00\x00\x00\x00\x00\x01\xff\xff\
\xff\xff\xff\xf8\x00\x00\x00\x00\x00\x01\xff\xff\xff\xff\xff\xf8\
\x00\x00\x00\x00\x00\x01\xff\xff\xff\xff\xff\xfc\x00\x00\x00\x00\
\x00\x01\xff\xff\xff\xff\xff\xfc\x00\x00\x00\x00\x00\x01\xff\xff\
\xff\xff\xff\xfe\x00\x00\x00\x00\x00\x01\xff\xff\xff\xff\xff\xff\
\x00\x00\x00\x00\x00\x01\xff\xff\xff\xff\xff\xff\x80\x00\x00\x00\
\x00\x03\xff\xff\xff\xff\xff\xff\xc0\x00\x00\x00\x00\x03\xff\xff\
\xff\xff\xff\xff\xe0\x00\x00\x00\x00\x03\xff\xff\xff\xff\xff\xff\
\xf0\x00\x00\x00\x00\x03\xff\xff\xff\xff\xff\xff\xf0\x00\x00\x00\
\x00\x03\xff\xff\xff\xff\xff\xff\xf0\x00\x00\x00\x00\x03\xff\xff\
\xff\xff\xff\xff\xe0\x00\x00\x00\x00\x03\xff\xff\xff\xff\xff\xff\
\xe0\x00\x00\x00\x00\x03\xff\xff\xff\xff\xff\xff\xe0\x00\x00\x00\
\x00\x03\xff\xff\xff\xff\xff\xff\xe0\x00\x00\x00\x00\x07\xff\xff\
\xff\xff\xff\xff\xe0\x00\x00\x00\x00\x07\xff\xff\xff\xff\xff\xff\
\xe0\x00\x00\x00\x00\x07\xff\xff\xff\xff\xff\xff\xe0\x00\x00\x00\
\x00\x0f\xff\xff\xff\xff\xff\xff\xe0\x00\x00\x00\x00\x1f\xff\xff\
\xff\xff\xff\xff\xf0\x00\x00\x00\x00?\xff\xff\xff\xff\xff\xff\
\xf0\x00\x00\x00\x00\x7f\xff\xff\xff\xff\xff\xff\xf0\x00\x00\x00\
\x07\xff\xff\xff\xff\xff\xff\xff\xf8\x00\x00\x01\xff\xff\xff\xff\
\xff\xff\xff\xff\xf8\x00\x00\x01\xff\xff\xff\xff\xff\xff\xff\xff\
\xfc\x00\x00\x03\xff\xff\xff\xff\xff\xff\xff\xff\xfe\x00\x00\x07\
\xff\xff\xff\xff\xff\xff\xff\xff\xff\x00\x00\x0f\xff\xff\xff\xff\
\xff\xff\xff\xff\xff\x80\x00\x1f\xff\xff\xff\xff\xff\xff\xff\xff\
\xff\xe0\x00\x7f\xff\xff\xff\xff\xff\xff\xff\xff\xff\xfc\x03\xff\
\xff\xff\xff\xff\xff(\x00\x00\x00\x80\x00\x00\x00\x00\x01\x00\
\x00\x01\x00 \x00\x00\x00\x00\x00\x00\x00\x01\x00\x00\x00\x00\
\x00\x00\x00\x00\x00\x00\x00\x00\x00\x00\x00\x00\x00\x00\x00\x00\
\x00\x00\x00\x00\x00\x00\x00\x00\x00\x00\x00\x00\x00\x00\x00\x00\
\x00\x00\x00\x00\x00\x00\x00\x00\x00\x00\x00\x00\x00\x00\x00\x00\
\x00\x00\x00\x00\x00\x00\x00\x00\x00\x00\x00\x00\x00\x00\x00\x00\
\x00\x00\x00\x00\x00\x00\x00\x00\x00\x00\x00\x00\x00\x00\x00\x00\
\x00\x00\x00\x00\x00\x00\x00\x00\x00\x00\x00\x00\x00\x00\x00\x00\
\x00\x00\x00\x00\x00\x00\x00\x00\x00\x00\x00\x00\x00\x00\x00\x00\
\x00\x00\x00\x00\x00\x00\x00\x00\x00\x00\x00\x00\x00\x00\x00\x00\
\x00\x00\x00\x00\x00\x00\x00\x00\x00\x00\x00\x00\x00\x00\x00\x00\
\x00\x00\x00\x00\x00\x00\x00\x00\x00\x00\x00\x00\x00\x00\x00\x00\
\x00\x00\x00\x00\x00\x00\x00\x00\x00\x00\x00\x00\x00\x00\x00\x00\
\x00\x00\x00\x00\x00\x00\x00\x00\x00\x00\x00\x00\x00\x00\x00\x00\
\x00\x00\x00\x00\x00\x00\x00\x00\x00\x00\x00\x00\x00\x00\x00\x00\
\x00\x00\x00\x00\x00\x00\x00\x00\x00\x00\x00\x00\x00\x00\x00\x00\
\x00\x00\x00\x00\x00\x00\x00\x00\x00\x00\x00\x00\x00\x00\x00\x00\
\x00\x00\x00\x00\x00\x00\x00\x00\x00\x00\x00\x00\x00\x00\x00\x00\
\x00\x00\x00\x00\x00\x00\x00\x00\x00\x00\x00\x00\x00\x00\x00\x00\
\x00\x00\x00\x00\x00\x00\x00\x00\x00\x00\x00\x00\x00\x00\x00\x00\
\x00\x00\x00\x00\x00\x00\x00\x00\x00\x00\x00\x00\x00\x00\x00\x00\
\x00\x00\x00\x00\x00\x00\x00\x00\x00\x00\x00\x00\x00\x00\x00\x00\
\x00\x00\x00\x00\x00\x00\x00\x00\x00\x00\x00\x00\x00\x00\x00\x00\
\x00\x00\x00\x00\x00\x00\x00\x00\x00\x00\x00\x00\x00\x00\x00\x00\
\x00\x00\x00\x00\x00\x00\x00\x00\x00\x00\x00\x00\x00\x00\x00\x00\
\x00\x00\x00\x00\x00\x00\x00\x00\x00\x00\x00\x00\x00\x00\x00\x00\
\x00\x00\x00\x00\x00\x00\x00\x00\x00\x00\x00\x00\x00\x00\x00\x00\
\x00\x00\x00\x00\x00\x00\x00\x00\x00\x00\x00\x00\x00\x00\x00\x00\
\x00\x00\x00\x00\x00\x00\x00\x00\x00\x00\x00\x00\x00\x00\x00\x00\
\x00\x00\x00\x00\x00\x00\x00\x00\x00\x00\x00\x00\x00\x00\x00\x00\
\x00\x00\x00\x00\x00\x00\x00\x00\x00\x00\x00\x00\x00\x00\x00\x00\
\x00\x00\x00\x00\x00\x00\x00\x00\x00\x00\x00\x00\x00\x00\x00\x00\
\x00\x00\x00\x00\x00\x00\x00\x00\x00\x00\x00\x00\x00\x00\x00\x00\
\x00\x00\x00\x00\x00\x00\x00\x00\x00\x00\x00\x00\x00\x00\x00\x00\
\x00\x00\x00\x00\x00\x00\x00\x00\x00\x00\x00\x00\x00\x00\x00\x00\
\x00\x00\x00\x00\x00\x00\x00\x00\x00\x00\x00\x00\x00\x00\x00\x00\
\x00\x00\x00\x00\x00\x00\x00\x00\x00\x00\x00\x00\x00\x00\x00\x00\
\x00\x00\x00\x00\x00\x00\x00\x00\x00\x00\x00\x00\x00\x00\x00\x00\
\x00\x00\x00\x00\x00\x00\x00\x00\x00\x00\x00\x00\x00\x00\x00\x00\
\x00\x00\x00\x00\x00\x00\x00\x00\x00\x00\x00\x00\x00\x00\x00\x00\
\x00\x00\x00\x00\x00\x00\x00\x00\x00\x00\x00\x00\x00\x00\x00\x00\
\x00\x00\x00\x00\x00\x00\x00\x00\x00\x00\x00\x00\x00\x00\x00\x00\
\x00\x00\x00\x00\x00\x00\x00\x00\x00\x00\x00\x00\x00\x00\x00\x00\
\x00\x00\x00\x00\x00\x00\x00\x00\x00\x00\x00\x00\x00\x00\x00\x00\
\x002\x06\x15\x002\x06\x15\x002\x06\x15\x002\x06\x15\
\x002\x06\x15\x002\x06\x15\x002\x06\x15\x002\x06\x15\
\x002\x06\x15\x002\x06\x15\x002\x06\x15\x002\x06\x15\
\x00\x00\x00\x00\x00\x00\x00\x00\x002\x06\x15\x002\x06\x15\
\x002\x06\x15\x002\x06\x15\x002\x06\x15\x002\x06\x15\
\x002\x06\x15\x00\x00\x00\x00\x00\x00\x00\x00\x00\x00\x00\x00\
\x00\x00\x00\x00\x00\x00\x00\x00\x00\x00\x00\x00\x00\x00\x00\x00\
\x00\x00\x00\x00\x00\x00\x00\x00\x00\x00\x00\x00\x00\x00\x00\x00\
\x00\x00\x00\x00\x00\x00\x00\x00\x00\x00\x00\x00\x00\x00\x00\x00\
\x00\x00\x00\x00\x00\x00\x00\x00\x00\x00\x00\x00\x00\x00\x00\x00\
\x00\x00\x00\x00\x00\x00\x00\x00\x00\x00\x00\x00\x00\x00\x00\x00\
\x00\x00\x00\x00\x00\x00\x00\x00\x00\x00\x00\x00\x00\x00\x00\x00\
\x00\x00\x00\x00\x00\x00\x00\x00\x00\x00\x00\x00\x00\x00\x00\x00\
\x00\x00\x00\x00\x00\x00\x00\x00\x00\x00\x00\x00\x00\x00\x00\x00\
\x00\x00\x00\x00\x00\x00\x00\x00\x00\x00\x00\x00\x00\x00\x00\x00\
\x00\x00\x00\x00\x00\x00\x00\x00\x00\x00\x00\x00\x00\x00\x00\x00\
\x00\x00\x00\x00\x00\x00\x00\x00\x00\x00\x00\x00\x00\x00\x00\x00\
\x00\x00\x00\x00\x00\x00\x00\x00\x00\x00\x00\x00\x00\x00\x00\x00\
\x00\x00\x00\x00\x00\x00\x00\x00\x00\x00\x00\x00\x00\x00\x00\x00\
\x00\x00\x00\x00\x00\x00\x00\x00\x00\x00\x00\x00\x00\x00\x00\x00\
\x00\x00\x00\x00\x00\x00\x00\x00\x00\x00\x00\x00\x00\x00\x00\x00\
\x00\x00\x00\x00\x00\x00\x00\x00\x00\x00\x00\x00\x00\x00\x00\x00\
\x00\x00\x00\x00\x00\x00\x00\x00\x00\x00\x00\x00\x00\x00\x00\x00\
\x00\x00\x00\x00\x00\x00\x00\x00\x00\x00\x00\x00\x00\x00\x00\x00\
\x00\x00\x00\x00\x00\x00\x00\x00\x00\x00\x00\x00\x00\x00\x00\x00\
\x00\x00\x00\x00\x00\x00\x00\x00\x00\x00\x00\x00\x00\x00\x00\x00\
\x00\x00\x00\x00\x00\x00\x00\x00\x00\x00\x00\x00\x00\x00\x00\x00\
\x00\x00\x00\x00\x00\x00\x00\x00\x00\x00\x00\x00\x00\x00\x00\x00\
\x00\x00\x00\x00\x00\x00\x00\x00\x00\x00\x00\x00\x00\x00\x00\x00\
\x00\x00\x00\x00\x00\x00\x00\x00\x00\x00\x00\x00\x00\x00\x00\x00\
\x00\x00\x00\x00\x00\x00\x00\x00\x00\x00\x00\x00\x00\x00\x00\x00\
\x00\x00\x00\x00\x00\x00\x00\x00\x002\x06\x15\x002\x06\x15\
\x002\x06\x15\x012\x06\x15\x012\x06\x15\x012\x06\x15\
\x012\x06\x15\x022\x06\x15\x022\x06\x15\x022\x06\x15\
\x022\x06\x15\x012\x06\x15\x012\x06\x15\x012\x06\x15\
\x012\x06\x15\x002\x06\x15\x002\x06\x15\x012\x06\x15\
\x012\x06\x15\x012\x06\x15\x012\x06\x15\x012\x06\x15\
\x012\x06\x15\x012\x06\x15\x002\x06\x15\x002\x06\x15\
\x00\x00\x00\x00\x00\x00\x00\x00\x00\x00\x00\x00\x00\x00\x00\x00\
\x00\x00\x00\x00\x00\x00\x00\x00\x00\x00\x00\x00\x00\x00\x00\x00\
\x00\x00\x00\x00\x00\x00\x00\x00\x00\x00\x00\x00\x00\x00\x00\x00\
\x00\x00\x00\x00\x00\x00\x00\x00\x00\x00\x00\x00\x00\x00\x00\x00\
\x00\x00\x00\x00\x00\x00\x00\x00\x00\x00\x00\x00\x00\x00\x00\x00\
\x00\x00\x00\x00\x00\x00\x00\x00\x00\x00\x00\x00\x00\x00\x00\x00\
\x00\x00\x00\x00\x00\x00\x00\x00\x00\x00\x00\x00\x00\x00\x00\x00\
\x00\x00\x00\x00\x00\x00\x00\x00\x00\x00\x00\x00\x00\x00\x00\x00\
\x00\x00\x00\x00\x00\x00\x00\x00\x00\x00\x00\x00\x00\x00\x00\x00\
\x00\x00\x00\x00\x00\x00\x00\x00\x00\x00\x00\x00\x00\x00\x00\x00\
\x00\x00\x00\x00\x00\x00\x00\x00\x00\x00\x00\x00\x00\x00\x00\x00\
\x00\x00\x00\x00\x00\x00\x00\x00\x00\x00\x00\x00\x00\x00\x00\x00\
\x00\x00\x00\x00\x00\x00\x00\x00\x00\x00\x00\x00\x00\x00\x00\x00\
\x00\x00\x00\x00\x00\x00\x00\x00\x00\x00\x00\x00\x00\x00\x00\x00\
\x00\x00\x00\x00\x00\x00\x00\x00\x00\x00\x00\x00\x00\x00\x00\x00\
\x00\x00\x00\x00\x00\x00\x00\x00\x00\x00\x00\x00\x00\x00\x00\x00\
\x00\x00\x00\x00\x00\x00\x00\x00\x00\x00\x00\x00\x00\x00\x00\x00\
\x00\x00\x00\x00\x00\x00\x00\x00\x00\x00\x00\x00\x00\x00\x00\x00\
\x00\x00\x00\x00\x00\x00\x00\x00\x00\x00\x00\x00\x00\x00\x00\x00\
\x00\x00\x00\x00\x00\x00\x00\x00\x00\x00\x00\x00\x00\x00\x00\x00\
\x00\x00\x00\x00\x00\x00\x00\x00\x00\x00\x00\x00\x00\x00\x00\x00\
\x00\x00\x00\x00\x00\x00\x00\x00\x00\x00\x00\x00\x00\x00\x00\x00\
\x00\x00\x00\x00\x00\x00\x00\x00\x00\x00\x00\x00\x00\x00\x00\x00\
\x00\x00\x00\x00\x00\x00\x00\x00\x00\x00\x00\x00\x00\x00\x00\x00\
\x00\x00\x00\x00\x00\x00\x00\x00\x00\x00\x00\x00\x00\x00\x00\x00\
\x00\x00\x00\x00\x00\x00\x00\x00\x002\x06\x15\x002\x06\x15\
\x012\x06\x15\x012\x06\x15\x022\x06\x15\x022\x06\x15\
\x032\x06\x15\x042\x06\x15\x042\x06\x15\x042\x06\x15\
\x042\x06\x15\x032\x06\x15\x022\x06\x15\x022\x06\x15\
\x022\x06\x15\x022\x06\x15\x022\x06\x15\x022\x06\x15\
\x022\x06\x15\x022\x06\x15\x022\x06\x15\x022\x06\x15\
\x022\x06\x15\x022\x06\x15\x012\x06\x15\x012\x06\x15\
\x012\x06\x15\x002\x06\x15\x00\x00\x00\x00\x00\x00\x00\x00\
\x00\x00\x00\x00\x00\x00\x00\x00\x00\x00\x00\x00\x00\x00\x00\x00\
\x00\x00\x00\x00\x00\x00\x00\x00\x00\x00\x00\x00\x00\x00\x00\x00\
\x00\x00\x00\x00\x00\x00\x00\x00\x00\x00\x00\x00\x00\x00\x00\x00\
\x00\x00\x00\x00\x00\x00\x00\x00\x00\x00\x00\x00\x00\x00\x00\x00\
\x00\x00\x00\x00\x00\x00\x00\x00\x00\x00\x00\x00\x00\x00\x00\x00\
\x00\x00\x00\x00\x00\x00\x00\x00\x00\x00\x00\x00\x00\x00\x00\x00\
\x00\x00\x00\x00\x00\x00\x00\x00\x00\x00\x00\x00\x00\x00\x00\x00\
\x00\x00\x00\x00\x00\x00\x00\x00\x00\x00\x00\x00\x00\x00\x00\x00\
\x00\x00\x00\x00\x00\x00\x00\x00\x00\x00\x00\x00\x00\x00\x00\x00\
\x00\x00\x00\x00\x00\x00\x00\x00\x00\x00\x00\x00\x00\x00\x00\x00\
\x00\x00\x00\x00\x00\x00\x00\x00\x00\x00\x00\x00\x00\x00\x00\x00\
\x00\x00\x00\x00\x00\x00\x00\x00\x00\x00\x00\x00\x00\x00\x00\x00\
\x00\x00\x00\x00\x00\x00\x00\x00\x00\x00\x00\x00\x00\x00\x00\x00\
\x00\x00\x00\x00\x00\x00\x00\x00\x00\x00\x00\x00\x00\x00\x00\x00\
\x00\x00\x00\x00\x00\x00\x00\x00\x00\x00\x00\x00\x00\x00\x00\x00\
\x00\x00\x00\x00\x00\x00\x00\x00\x00\x00\x00\x00\x00\x00\x00\x00\
\x00\x00\x00\x00\x00\x00\x00\x00\x00\x00\x00\x00\x00\x00\x00\x00\
\x00\x00\x00\x00\x00\x00\x00\x00\x00\x00\x00\x00\x00\x00\x00\x00\
\x00\x00\x00\x00\x00\x00\x00\x00\x00\x00\x00\x00\x00\x00\x00\x00\
\x00\x00\x00\x00\x00\x00\x00\x00\x00\x00\x00\x00\x00\x00\x00\x00\
\x00\x00\x00\x00\x00\x00\x00\x00\x00\x00\x00\x00\x00\x00\x00\x00\
\x00\x00\x00\x00\x00\x00\x00\x00\x00\x00\x00\x00\x00\x00\x00\x00\
\x00\x00\x00\x00\x00\x00\x00\x00\x00\x00\x00\x00\x00\x00\x00\x00\
\x00\x00\x00\x00\x00\x00\x00\x00\x00\x00\x00\x00\x00\x00\x00\x00\
\x00\x00\x00\x00\x002\x06\x15\x002\x06\x15\x012\x06\x15\
\x012\x06\x15\x022\x06\x15\x032\x06\x15\x052\x06\x15\
\x062\x06\x15\x072\x06\x15\x072\x06\x15\x072\x06\x15\
\x072\x06\x15\x062\x06\x15\x052\x06\x15\x042\x06\x15\
\x032\x06\x15\x032\x06\x15\x032\x06\x15\x042\x06\x15\
\x042\x06\x15\x052\x06\x15\x052\x06\x15\x052\x06\x15\
\x042\x06\x15\x032\x06\x15\x032\x06\x15\x022\x06\x15\
\x012\x06\x15\x012\x06\x15\x00\x00\x00\x00\x00\x00\x00\x00\
\x00\x00\x00\x00\x00\x00\x00\x00\x00\x00\x00\x00\x00\x00\x00\x00\
\x00\x00\x00\x00\x00\x00\x00\x00\x00\x00\x00\x00\x00\x00\x00\x00\
\x00\x00\x00\x00\x00\x00\x00\x00\x00\x00\x00\x00\x00\x00\x00\x00\
\x00\x00\x00\x00\x00\x00\x00\x00\x00\x00\x00\x00\x00\x00\x00\x00\
\x00\x00\x00\x00\x00\x00\x00\x00\x00\x00\x00\x00\x00\x00\x00\x00\
\x00\x00\x00\x00\x00\x00\x00\x00\x00\x00\x00\x00\x00\x00\x00\x00\
\x00\x00\x00\x00\x00\x00\x00\x00\x00\x00\x00\x00\x00\x00\x00\x00\
\x00\x00\x00\x00\x00\x00\x00\x00\x00\x00\x00\x00\x00\x00\x00\x00\
\x00\x00\x00\x00\x00\x00\x00\x00\x00\x00\x00\x00\x00\x00\x00\x00\
\x00\x00\x00\x00\x00\x00\x00\x00\x00\x00\x00\x00\x00\x00\x00\x00\
\x00\x00\x00\x00\x00\x00\x00\x00\x00\x00\x00\x00\x00\x00\x00\x00\
\x00\x00\x00\x00\x00\x00\x00\x00\x00\x00\x00\x00\x00\x00\x00\x00\
\x00\x00\x00\x00\x00\x00\x00\x00\x00\x00\x00\x00\x00\x00\x00\x00\
\x00\x00\x00\x00\x00\x00\x00\x00\x00\x00\x00\x00\x00\x00\x00\x00\
\x00\x00\x00\x00\x00\x00\x00\x00\x00\x00\x00\x00\x00\x00\x00\x00\
\x00\x00\x00\x00\x00\x00\x00\x00\x00\x00\x00\x00\x00\x00\x00\x00\
\x00\x00\x00\x00\x00\x00\x00\x00\x00\x00\x00\x00\x00\x00\x00\x00\
\x00\x00\x00\x00\x00\x00\x00\x00\x00\x00\x00\x00\x00\x00\x00\x00\
\x00\x00\x00\x00\x00\x00\x00\x00\x00\x00\x00\x00\x00\x00\x00\x00\
\x00\x00\x00\x00\x00\x00\x00\x00\x00\x00\x00\x00\x00\x00\x00\x00\
\x00\x00\x00\x00\x00\x00\x00\x00\x00\x00\x00\x00\x00\x00\x00\x00\
\x00\x00\x00\x00\x00\x00\x00\x00\x00\x00\x00\x00\x00\x00\x00\x00\
\x00\x00\x00\x00\x00\x00\x00\x00\x00\x00\x00\x00\x00\x00\x00\x00\
\x00\x00\x00\x00\x00\x00\x00\x00\x00\x00\x00\x00\x00\x00\x00\x00\
\x00\x00\x00\x00\x002\x06\x15\x012\x06\x15\x012\x06\x15\
\x022\x06\x15\x042\x06\x15\x052\x06\x15\x072\x06\x15\
\x092\x06\x15\x0b2\x06\x15\x0b2\x06\x15\x0b2\x06\x15\
\x0b2\x06\x15\x0a2\x06\x15\x082\x06\x15\x072\x06\x15\
\x062\x06\x15\x062\x06\x15\x062\x06\x15\x062\x06\x15\
\x072\x06\x15\x082\x06\x15\x082\x06\x15\x082\x06\x15\
\x072\x06\x15\x062\x06\x15\x052\x06\x15\x032\x06\x15\
\x022\x06\x15\x012\x06\x15\x012\x06\x15\x00\x00\x00\x00\
\x00\x00\x00\x00\x00\x00\x00\x00\x00\x00\x00\x00\x00\x00\x00\x00\
\x00\x00\x00\x00\x00\x00\x00\x00\x00\x00\x00\x00\x00\x00\x00\x00\
\x00\x00\x00\x00\x00\x00\x00\x00\x00\x00\x00\x00\x00\x00\x00\x00\
\x00\x00\x00\x00\x00\x00\x00\x00\x00\x00\x00\x00\x00\x00\x00\x00\
\x00\x00\x00\x00\x00\x00\x00\x00\x00\x00\x00\x00\x00\x00\x00\x00\
\x00\x00\x00\x00\x00\x00\x00\x00\x00\x00\x00\x00\x00\x00\x00\x00\
\x00\x00\x00\x00\x00\x00\x00\x00\x00\x00\x00\x00\x00\x00\x00\x00\
\x00\x00\x00\x00\x00\x00\x00\x00\x00\x00\x00\x00\x00\x00\x00\x00\
\x00\x00\x00\x00\x00\x00\x00\x00\x00\x00\x00\x00\x00\x00\x00\x00\
\x00\x00\x00\x00\x00\x00\x00\x00\x00\x00\x00\x00\x00\x00\x00\x00\
\x00\x00\x00\x00\x00\x00\x00\x00\x00\x00\x00\x00\x00\x00\x00\x00\
\x00\x00\x00\x00\x00\x00\x00\x00\x00\x00\x00\x00\x00\x00\x00\x00\
\x00\x00\x00\x00\x00\x00\x00\x00\x00\x00\x00\x00\x00\x00\x00\x00\
\x00\x00\x00\x00\x00\x00\x00\x00\x00\x00\x00\x00\x00\x00\x00\x00\
\x00\x00\x00\x00\x00\x00\x00\x00\x00\x00\x00\x00\x00\x00\x00\x00\
\x00\x00\x00\x00\x00\x00\x00\x00\x00\x00\x00\x00\x00\x00\x00\x00\
\x00\x00\x00\x00\x00\x00\x00\x00\x00\x00\x00\x00\x00\x00\x00\x00\
\x00\x00\x00\x00\x00\x00\x00\x00\x00\x00\x00\x00\x00\x00\x00\x00\
\x00\x00\x00\x00\x00\x00\x00\x00\x00\x00\x00\x00\x00\x00\x00\x00\
\x00\x00\x00\x00\x00\x00\x00\x00\x00\x00\x00\x00\x00\x00\x00\x00\
\x00\x00\x00\x00\x00\x00\x00\x00\x00\x00\x00\x00\x00\x00\x00\x00\
\x00\x00\x00\x00\x00\x00\x00\x00\x00\x00\x00\x00\x00\x00\x00\x00\
\x00\x00\x00\x00\x00\x00\x00\x00\x00\x00\x00\x00\x00\x00\x00\x00\
\x00\x00\x00\x00\x00\x00\x00\x00\x00\x00\x00\x00\x00\x00\x00\x00\
\x002\x06\x15\x002\x06\x15\x012\x06\x15\x022\x06\x15\
\x032\x06\x15\x052\x06\x15\x082\x06\x15\x0a2\x06\x15\
\x0d2\x06\x15\x0f2\x06\x15\x102\x06\x15\x112\x06\x15\
\x102\x06\x15\x0e2\x06\x15\x0d2\x06\x15\x0a2\x06\x15\
\x092\x06\x15\x092\x06\x15\x092\x06\x15\x0a2\x06\x15\
\x0b2\x06\x15\x0c2\x06\x15\x0d2\x06\x15\x0c2\x06\x15\
\x0b2\x06\x15\x092\x06\x15\x072\x06\x15\x052\x06\x15\
\x032\x06\x15\x022\x06\x15\x012\x06\x15\x00\x00\x00\x00\
\x00\x00\x00\x00\x00\x00\x00\x00\x00\x00\x00\x00\x00\x00\x00\x00\
\x00\x00\x00\x00\x00\x00\x00\x00\x00\x00\x00\x00\x00\x00\x00\x00\
\x00\x00\x00\x00\x00\x00\x00\x00\x00\x00\x00\x00\x00\x00\x00\x00\
\x00\x00\x00\x00\x00\x00\x00\x00\x00\x00\x00\x00\x00\x00\x00\x00\
\x00\x00\x00\x00\x00\x00\x00\x00\x00\x00\x00\x00\x00\x00\x00\x00\
\x00\x00\x00\x00\x00\x00\x00\x00\x00\x00\x00\x00\x00\x00\x00\x00\
\x00\x00\x00\x00\x00\x00\x00\x00\x00\x00\x00\x00\x00\x00\x00\x00\
\x00\x00\x00\x00\x00\x00\x00\x00\x00\x00\x00\x00\x00\x00\x00\x00\
\x00\x00\x00\x00\x00\x00\x00\x00\x00\x00\x00\x00\x00\x00\x00\x00\
\x00\x00\x00\x00\x00\x00\x00\x00\x00\x00\x00\x00\x00\x00\x00\x00\
\x00\x00\x00\x00\x00\x00\x00\x00\x00\x00\x00\x00\x00\x00\x00\x00\
\x00\x00\x00\x00\x00\x00\x00\x00\x00\x00\x00\x00\x00\x00\x00\x00\
\x00\x00\x00\x00\x00\x00\x00\x00\x00\x00\x00\x00\x00\x00\x00\x00\
\x00\x00\x00\x00\x00\x00\x00\x00\x00\x00\x00\x00\x00\x00\x00\x00\
\x00\x00\x00\x00\x00\x00\x00\x00\x00\x00\x00\x00\x00\x00\x00\x00\
\x00\x00\x00\x00\x00\x00\x00\x00\x00\x00\x00\x00\x00\x00\x00\x00\
\x00\x00\x00\x00\x00\x00\x00\x00\x00\x00\x00\x00\x00\x00\x00\x00\
\x00\x00\x00\x00\x00\x00\x00\x00\x00\x00\x00\x00\x00\x00\x00\x00\
\x00\x00\x00\x00\x00\x00\x00\x00\x00\x00\x00\x00\x00\x00\x00\x00\
\x00\x00\x00\x00\x00\x00\x00\x00\x00\x00\x00\x00\x00\x00\x00\x00\
\x00\x00\x00\x00\x00\x00\x00\x00\x00\x00\x00\x00\x00\x00\x00\x00\
\x00\x00\x00\x00\x00\x00\x00\x00\x00\x00\x00\x00\x00\x00\x00\x00\
\x00\x00\x00\x00\x00\x00\x00\x00\x00\x00\x00\x00\x00\x00\x00\x00\
\x00\x00\x00\x00\x00\x00\x00\x00\x00\x00\x00\x00\x00\x00\x00\x00\
\x002\x06\x15\x002\x06\x15\x012\x06\x15\x022\x06\x15\
\x042\x06\x15\x072\x06\x15\x0a2\x06\x15\x0e1\x05\x14\
\x12*\x01\x10\x14)\x00\x10\x15+\x02\x11\x16/\x04\x14\
\x162\x06\x15\x142\x06\x15\x122\x06\x15\x0f2\x06\x15\
\x0e2\x06\x15\x0d2\x06\x15\x0d2\x06\x15\x0f2\x06\x15\
\x111\x06\x15\x120\x06\x14\x121\x06\x15\x122\x06\x15\
\x102\x06\x15\x0e2\x06\x15\x0a2\x06\x15\x072\x06\x15\
\x052\x06\x15\x032\x06\x15\x012\x06\x15\x00\x00\x00\x00\
\x00\x00\x00\x00\x00\x00\x00\x00\x00\x00\x00\x00\x00\x00\x00\x00\
\x00\x00\x00\x00\x00\x00\x00\x00\x00\x00\x00\x00\x00\x00\x00\x00\
\x00\x00\x00\x00\x00\x00\x00\x00\x00\x00\x00\x00\x00\x00\x00\x00\
\x00\x00\x00\x00\x00\x00\x00\x00\x00\x00\x00\x00\x00\x00\x00\x00\
\x00\x00\x00\x00\x00\x00\x00\x00\x00\x00\x00\x00\x00\x00\x00\x00\
\x00\x00\x00\x00\x00\x00\x00\x00\x00\x00\x00\x00\x00\x00\x00\x00\
\x00\x00\x00\x00\x00\x00\x00\x00\x00\x00\x00\x00\x00\x00\x00\x00\
\x00\x00\x00\x00\x00\x00\x00\x00\x00\x00\x00\x00\x00\x00\x00\x00\
\x00\x00\x00\x00\x00\x00\x00\x00\x00\x00\x00\x00\x00\x00\x00\x00\
\x00\x00\x00\x00\x00\x00\x00\x00\x00\x00\x00\x00\x00\x00\x00\x00\
\x00\x00\x00\x00\x00\x00\x00\x00\x00\x00\x00\x00\x00\x00\x00\x00\
\x00\x00\x00\x00\x00\x00\x00\x00\x00\x00\x00\x00\x00\x00\x00\x00\
\x00\x00\x00\x00\x00\x00\x00\x00\x00\x00\x00\x00\x00\x00\x00\x00\
\x00\x00\x00\x00\x00\x00\x00\x00\x00\x00\x00\x00\x00\x00\x00\x00\
\x00\x00\x00\x00\x00\x00\x00\x00\x00\x00\x00\x00\x00\x00\x00\x00\
\x00\x00\x00\x00\x00\x00\x00\x00\x00\x00\x00\x00\x00\x00\x00\x00\
\x00\x00\x00\x00\x00\x00\x00\x00\x00\x00\x00\x00\x00\x00\x00\x00\
\x00\x00\x00\x00\x00\x00\x00\x00\x00\x00\x00\x00\x00\x00\x00\x00\
\x00\x00\x00\x00\x00\x00\x00\x00\x00\x00\x00\x00\x00\x00\x00\x00\
\x00\x00\x00\x00\x00\x00\x00\x00\x00\x00\x00\x00\x00\x00\x00\x00\
\x00\x00\x00\x00\x00\x00\x00\x00\x00\x00\x00\x00\x00\x00\x00\x00\
\x00\x00\x00\x00\x00\x00\x00\x00\x00\x00\x00\x00\x00\x00\x00\x00\
\x00\x00\x00\x00\x00\x00\x00\x00\x00\x00\x00\x00\x00\x00\x00\x00\
\x00\x00\x00\x00\x00\x00\x00\x00\x00\x00\x00\x00\x00\x00\x00\x00\
\x002\x06\x15\x002\x06\x15\x012\x06\x15\x032\x06\x15\
\x052\x06\x15\x092\x06\x15\x0d1\x05\x14\x11=\x0e\x1b\
\x19e*1/f)15]!+1C\x11\x1e\
#.\x03\x13\x1a2\x06\x15\x182\x06\x15\x152\x06\x15\
\x132\x06\x15\x122\x06\x15\x132\x06\x15\x152\x06\x15\
\x174\x06\x16\x19@\x07\x1b /\x06\x14\x17/\x06\x14\
\x152\x06\x15\x132\x06\x15\x0e2\x06\x15\x0a2\x06\x15\
\x072\x06\x15\x042\x06\x15\x022\x06\x15\x012\x06\x15\
\x00\x00\x00\x00\x00\x00\x00\x00\x00\x00\x00\x00\x00\x00\x00\x00\
\x00\x00\x00\x00\x00\x00\x00\x00\x00\x00\x00\x00\x00\x00\x00\x00\
\x00\x00\x00\x00\x00\x00\x00\x00\x00\x00\x00\x00\x00\x00\x00\x00\
\x00\x00\x00\x00\x00\x00\x00\x00\x00\x00\x00\x00\x00\x00\x00\x00\
\x00\x00\x00\x00\x00\x00\x00\x00\x00\x00\x00\x00\x00\x00\x00\x00\
\x00\x00\x00\x00\x00\x00\x00\x00\x00\x00\x00\x00\x00\x00\x00\x00\
\x00\x00\x00\x00\x00\x00\x00\x00\x00\x00\x00\x00\x00\x00\x00\x00\
\x00\x00\x00\x00\x00\x00\x00\x00\x00\x00\x00\x00\x00\x00\x00\x00\
\x00\x00\x00\x00\x00\x00\x00\x00\x00\x00\x00\x00\x00\x00\x00\x00\
\x00\x00\x00\x00\x00\x00\x00\x00\x00\x00\x00\x00\x00\x00\x00\x00\
\x00\x00\x00\x00\x00\x00\x00\x00\x00\x00\x00\x00\x00\x00\x00\x00\
\x00\x00\x00\x00\x00\x00\x00\x00\x00\x00\x00\x00\x00\x00\x00\x00\
\x00\x00\x00\x00\x00\x00\x00\x00\x00\x00\x00\x00\x00\x00\x00\x00\
\x00\x00\x00\x00\x00\x00\x00\x00\x00\x00\x00\x00\x00\x00\x00\x00\
\x00\x00\x00\x00\x00\x00\x00\x00\x00\x00\x00\x00\x00\x00\x00\x00\
\x00\x00\x00\x00\x00\x00\x00\x00\x00\x00\x00\x00\x00\x00\x00\x00\
\x00\x00\x00\x00\x00\x00\x00\x00\x00\x00\x00\x00\x00\x00\x00\x00\
\x00\x00\x00\x00\x00\x00\x00\x00\x00\x00\x00\x00\x00\x00\x00\x00\
\x00\x00\x00\x00\x00\x00\x00\x00\x00\x00\x00\x00\x00\x00\x00\x00\
\x00\x00\x00\x00\x00\x00\x00\x00\x00\x00\x00\x00\x00\x00\x00\x00\
\x00\x00\x00\x00\x00\x00\x00\x00\x00\x00\x00\x00\x00\x00\x00\x00\
\x00\x00\x00\x00\x00\x00\x00\x00\x00\x00\x00\x00\x00\x00\x00\x00\
\x00\x00\x00\x00\x00\x00\x00\x00\x00\x00\x00\x00\x00\x00\x00\x00\
\x00\x00\x00\x00\x00\x00\x00\x00\x00\x00\x00\x00\x00\x00\x00\x00\
\x002\x06\x15\x002\x06\x15\x012\x06\x15\x032\x06\x15\
\x062\x06\x15\x0a2\x06\x15\x0f+\x01\x11\x13^%-\
*\x95KK\xbe\x95IK\xe7\x8fCG\xd7\x87;A\
\xa6a\x22-=,\x02\x12\x1d2\x06\x15\x1c2\x06\x15\
\x192\x06\x15\x182\x06\x15\x192\x06\x15\x1b.\x06\x13\
\x1ca\x09(Zl\x0a-\xb0h\x09+~H\x07\x1e\
)0\x06\x14\x172\x06\x15\x132\x06\x15\x0d2\x06\x15\
\x092\x06\x15\x052\x06\x15\x032\x06\x15\x012\x06\x15\
\x00\x00\x00\x00\x00\x00\x00\x00\x00\x00\x00\x00\x00\x00\x00\x00\
\x00\x00\x00\x00\x00\x00\x00\x00\x00\x00\x00\x00\x00\x00\x00\x00\
\x00\x00\x00\x00\x00\x00\x00\x00\x00\x00\x00\x00\x00\x00\x00\x00\
\x00\x00\x00\x00\x00\x00\x00\x00\x00\x00\x00\x00\x00\x00\x00\x00\
\x00\x00\x00\x00\x00\x00\x00\x00\x00\x00\x00\x00\x00\x00\x00\x00\
\x00\x00\x00\x00\x00\x00\x00\x00\x00\x00\x00\x00\x00\x00\x00\x00\
\x00\x00\x00\x00\x00\x00\x00\x00\x00\x00\x00\x00\x00\x00\x00\x00\
\x00\x00\x00\x00\x00\x00\x00\x00\x00\x00\x00\x00\x00\x00\x00\x00\
\x00\x00\x00\x00\x00\x00\x00\x00\x00\x00\x00\x00\x00\x00\x00\x00\
\x00\x00\x00\x00\x00\x00\x00\x00\x00\x00\x00\x00\x00\x00\x00\x00\
\x00\x00\x00\x00\x00\x00\x00\x00\x00\x00\x00\x00\x00\x00\x00\x00\
\x00\x00\x00\x00\x00\x00\x00\x00\x00\x00\x00\x00\x00\x00\x00\x00\
\x00\x00\x00\x00\x00\x00\x00\x00\x00\x00\x00\x00\x00\x00\x00\x00\
\x00\x00\x00\x00\x00\x00\x00\x00\x00\x00\x00\x00\x00\x00\x00\x00\
\x00\x00\x00\x00\x00\x00\x00\x00\x00\x00\x00\x00\x00\x00\x00\x00\
\x00\x00\x00\x00\x00\x00\x00\x00\x00\x00\x00\x00\x00\x00\x00\x00\
\x00\x00\x00\x00\x00\x00\x00\x00\x00\x00\x00\x00\x00\x00\x00\x00\
\x00\x00\x00\x00\x00\x00\x00\x00\x00\x00\x00\x00\x00\x00\x00\x00\
\x00\x00\x00\x00\x00\x00\x00\x00\x00\x00\x00\x00\x00\x00\x00\x00\
\x00\x00\x00\x00\x00\x00\x00\x00\x00\x00\x00\x00\x00\x00\x00\x00\
\x00\x00\x00\x00\x00\x00\x00\x00\x00\x00\x00\x00\x00\x00\x00\x00\
\x00\x00\x00\x00\x00\x00\x00\x00\x00\x00\x00\x00\x00\x00\x00\x00\
\x00\x00\x00\x00\x00\x00\x00\x00\x00\x00\x00\x00\x00\x00\x00\x00\
\x00\x00\x00\x00\x00\x00\x00\x00\x00\x00\x00\x00\x00\x00\x00\x00\
\x002\x06\x15\x002\x06\x15\x012\x06\x15\x042\x06\x15\
\x072\x06\x15\x0b2\x06\x15\x10/\x04\x13\x16C\x13\x1f\
#\x92KJ\xab\x98LL\xff\x93FI\xff\x8fAF\
\xfe\x826>\x9c9\x0a\x18(1\x05\x14\x222\x06\x15\
 2\x06\x15\x1f2\x06\x15 0\x06\x14!H\x0a\x1e\
3m\x0c-\xc4p\x0a.\xffp\x0a.\xf4c\x09)\
i*\x05\x12\x1a2\x06\x15\x172\x06\x15\x112\x06\x15\
\x0c2\x06\x15\x072\x06\x15\x042\x06\x15\x022\x06\x15\
\x012\x06\x15\x00\x00\x00\x00\x00\x00\x00\x00\x00\x00\x00\x00\
\x00\x00\x00\x00\x00\x00\x00\x00\x00\x00\x00\x00\x00\x00\x00\x00\
\x00\x00\x00\x00\x00\x00\x00\x00\x00\x00\x00\x00\x00\x00\x00\x00\
\x00\x00\x00\x00\x00\x00\x00\x00\x00\x00\x00\x00\x00\x00\x00\x00\
\x00\x00\x00\x00\x00\x00\x00\x00\x00\x00\x00\x00\x00\x00\x00\x00\
\x00\x00\x00\x00\x00\x00\x00\x00\x00\x00\x00\x00\x00\x00\x00\x00\
\x00\x00\x00\x00\x00\x00\x00\x00\x00\x00\x00\x00\x00\x00\x00\x00\
\x00\x00\x00\x00\x00\x00\x00\x00\x00\x00\x00\x00\x00\x00\x00\x00\
\x00\x00\x00\x00\x00\x00\x00\x00\x00\x00\x00\x00\x00\x00\x00\x00\
\x00\x00\x00\x00\x00\x00\x00\x00\x00\x00\x00\x00\x00\x00\x00\x00\
\x00\x00\x00\x00\x00\x00\x00\x00\x00\x00\x00\x00\x00\x00\x00\x00\
\x00\x00\x00\x00\x00\x00\x00\x00\x00\x00\x00\x00\x00\x00\x00\x00\
\x00\x00\x00\x00\x00\x00\x00\x00\x00\x00\x00\x00\x00\x00\x00\x00\
\x00\x00\x00\x00\x00\x00\x00\x00\x00\x00\x00\x00\x00\x00\x00\x00\
\x00\x00\x00\x00\x00\x00\x00\x00\x00\x00\x00\x00\x00\x00\x00\x00\
\x00\x00\x00\x00\x00\x00\x00\x00\x00\x00\x00\x00\x00\x00\x00\x00\
\x00\x00\x00\x00\x00\x00\x00\x00\x00\x00\x00\x00\x00\x00\x00\x00\
\x00\x00\x00\x00\x00\x00\x00\x00\x00\x00\x00\x00\x00\x00\x00\x00\
\x00\x00\x00\x00\x00\x00\x00\x00\x00\x00\x00\x00\x00\x00\x00\x00\
\x00\x00\x00\x00\x00\x00\x00\x00\x00\x00\x00\x00\x00\x00\x00\x00\
\x00\x00\x00\x00\x00\x00\x00\x00\x00\x00\x00\x00\x00\x00\x00\x00\
\x00\x00\x00\x00\x00\x00\x00\x00\x00\x00\x00\x00\x00\x00\x00\x00\
\x00\x00\x00\x00\x00\x00\x00\x00\x00\x00\x00\x00\x00\x00\x00\x00\
\x00\x00\x00\x00\x00\x00\x00\x00\x00\x00\x00\x00\x00\x00\x00\x00\
\x002\x06\x15\x002\x06\x15\x012\x06\x15\x042\x06\x15\
\x072\x06\x15\x0c2\x06\x15\x112\x06\x15\x18'\x00\x0f\
\x1d\x81?Aj\x98ML\xf5\x95HJ\xff\x91CG\
\xff\x8b<C\xeak'2\x5c+\x02\x12&2\x06\x15\
&2\x06\x15%2\x06\x15&,\x05\x13%b\x0f)\
kq\x0f/\xf5p\x0b.\xffp\x0a.\xfff\x09*\
\x85)\x05\x11\x1e2\x06\x15\x1b2\x06\x15\x142\x06\x15\
\x0e2\x06\x15\x092\x06\x15\x052\x06\x15\x022\x06\x15\
\x012\x06\x15\x00\x00\x00\x00\x00\x00\x00\x00\x00\x00\x00\x00\
\x00\x00\x00\x00\x00\x00\x00\x00\x00\x00\x00\x00\x00\x00\x00\x00\
\x00\x00\x00\x00\x002\x06\x15\x002\x06\x15\x002\x06\x15\
\x002\x06\x15\x002\x06\x15\x002\x06\x15\x002\x06\x15\
\x00\x00\x00\x00\x00\x00\x00\x00\x002\x06\x15\x002\x06\x15\
\x002\x06\x15\x002\x06\x15\x002\x06\x15\x002\x06\x15\
\x002\x06\x15\x002\x06\x15\x002\x06\x15\x002\x06\x15\
\x00\x00\x00\x00\x00\x00\x00\x00\x00\x00\x00\x00\x00\x00\x00\x00\
\x00\x00\x00\x00\x00\x00\x00\x00\x00\x00\x00\x00\x00\x00\x00\x00\
\x00\x00\x00\x00\x00\x00\x00\x00\x00\x00\x00\x00\x00\x00\x00\x00\
\x00\x00\x00\x00\x00\x00\x00\x00\x00\x00\x00\x00\x00\x00\x00\x00\
\x00\x00\x00\x00\x00\x00\x00\x00\x00\x00\x00\x00\x00\x00\x00\x00\
\x00\x00\x00\x00\x00\x00\x00\x00\x00\x00\x00\x00\x00\x00\x00\x00\
\x00\x00\x00\x00\x00\x00\x00\x00\x00\x00\x00\x00\x00\x00\x00\x00\
\x00\x00\x00\x00\x00\x00\x00\x00\x00\x00\x00\x00\x00\x00\x00\x00\
\x00\x00\x00\x00\x00\x00\x00\x00\x00\x00\x00\x00\x00\x00\x00\x00\
\x00\x00\x00\x00\x00\x00\x00\x00\x00\x00\x00\x00\x00\x00\x00\x00\
\x00\x00\x00\x00\x00\x00\x00\x00\x00\x00\x00\x00\x00\x00\x00\x00\
\x00\x00\x00\x00\x00\x00\x00\x00\x00\x00\x00\x00\x00\x00\x00\x00\
\x00\x00\x00\x00\x00\x00\x00\x00\x00\x00\x00\x00\x00\x00\x00\x00\
\x00\x00\x00\x00\x00\x00\x00\x00\x00\x00\x00\x00\x00\x00\x00\x00\
\x00\x00\x00\x00\x00\x00\x00\x00\x00\x00\x00\x00\x00\x00\x00\x00\
\x00\x00\x00\x00\x00\x00\x00\x00\x00\x00\x00\x00\x00\x00\x00\x00\
\x00\x00\x00\x00\x00\x00\x00\x00\x00\x00\x00\x00\x00\x00\x00\x00\
\x002\x06\x15\x002\x06\x15\x012\x06\x15\x042\x06\x15\
\x072\x06\x15\x0c2\x06\x15\x122\x06\x15\x1a-\x02\x12\
 [#,<\x95LL\xd7\x96KK\xff\x92EH\
\xff\x8e?E\xff\x836>\xb6C\x0f\x1d70\x05\x14\
+2\x06\x15+1\x06\x15,5\x07\x16/m\x14.\
\xa4s\x120\xffq\x0c.\xffp\x0a.\xffg\x09*\
\x92*\x05\x12\x222\x06\x15\x1f2\x06\x15\x172\x06\x15\
\x102\x06\x15\x0b2\x06\x15\x062\x06\x15\x032\x06\x15\
\x022\x06\x15\x012\x06\x15\x012\x06\x15\x002\x06\x15\
\x012\x06\x15\x012\x06\x15\x012\x06\x15\x012\x06\x15\
\x012\x06\x15\x012\x06\x15\x012\x06\x15\x012\x06\x15\
\x012\x06\x15\x012\x06\x15\x012\x06\x15\x012\x06\x15\
\x012\x06\x15\x012\x06\x15\x012\x06\x15\x012\x06\x15\
\x012\x06\x15\x012\x06\x15\x012\x06\x15\x012\x06\x15\
\x012\x06\x15\x012\x06\x15\x012\x06\x15\x012\x06\x15\
\x012\x06\x15\x002\x06\x15\x002\x06\x15\x002\x06\x15\
\x00\x00\x00\x00\x00\x00\x00\x00\x00\x00\x00\x00\x00\x00\x00\x00\
\x00\x00\x00\x00\x00\x00\x00\x00\x00\x00\x00\x00\x00\x00\x00\x00\
\x00\x00\x00\x00\x00\x00\x00\x00\x00\x00\x00\x00\x00\x00\x00\x00\
\x00\x00\x00\x00\x00\x00\x00\x00\x00\x00\x00\x00\x00\x00\x00\x00\
\x00\x00\x00\x00\x00\x00\x00\x00\x00\x00\x00\x00\x00\x00\x00\x00\
\x00\x00\x00\x00\x00\x00\x00\x00\x00\x00\x00\x00\x00\x00\x00\x00\
\x00\x00\x00\x00\x00\x00\x00\x00\x00\x00\x00\x00\x00\x00\x00\x00\
\x00\x00\x00\x00\x00\x00\x00\x00\x00\x00\x00\x00\x00\x00\x00\x00\
\x00\x00\x00\x00\x00\x00\x00\x00\x00\x00\x00\x00\x00\x00\x00\x00\
\x00\x00\x00\x00\x00\x00\x00\x00\x00\x00\x00\x00\x00\x00\x00\x00\
\x00\x00\x00\x00\x00\x00\x00\x00\x00\x00\x00\x00\x00\x00\x00\x00\
\x00\x00\x00\x00\x00\x00\x00\x00\x00\x00\x00\x00\x00\x00\x00\x00\
\x00\x00\x00\x00\x00\x00\x00\x00\x00\x00\x00\x00\x00\x00\x00\x00\
\x00\x00\x00\x00\x00\x00\x00\x00\x00\x00\x00\x00\x00\x00\x00\x00\
\x00\x00\x00\x00\x00\x00\x00\x00\x00\x00\x00\x00\x00\x00\x00\x00\
\x00\x00\x00\x00\x00\x00\x00\x00\x00\x00\x00\x00\x00\x00\x00\x00\
\x002\x06\x15\x002\x06\x15\x012\x06\x15\x042\x06\x15\
\x072\x06\x15\x0c2\x06\x15\x132\x06\x15\x1b.\x03\x13\
\x22R\x1e'9\x95ML\xcf\x98MM\xff\x93GI\
\xff\x90AF\xff\x8b;C\xf5p)4u-\x03\x12\
02\x06\x1510\x05\x140E\x0c\x1dAr\x181\
\xcft\x141\xffq\x0e/\xffp\x0a.\xffj\x0a,\
\xb19\x06\x18.0\x06\x14!2\x06\x15\x1a2\x06\x15\
\x132\x06\x15\x0d2\x06\x15\x082\x06\x15\x052\x06\x15\
\x032\x06\x15\x022\x06\x15\x022\x06\x15\x022\x06\x15\
\x022\x06\x15\x022\x06\x15\x022\x06\x15\x022\x06\x15\
\x022\x06\x15\x022\x06\x15\x022\x06\x15\x022\x06\x15\
\x022\x06\x15\x022\x06\x15\x022\x06\x15\x022\x06\x15\
\x022\x06\x15\x022\x06\x15\x022\x06\x15\x022\x06\x15\
\x022\x06\x15\x032\x06\x15\x032\x06\x15\x032\x06\x15\
\x032\x06\x15\x032\x06\x15\x032\x06\x15\x022\x06\x15\
\x022\x06\x15\x022\x06\x15\x012\x06\x15\x012\x06\x15\
\x012\x06\x15\x00\x00\x00\x00\x00\x00\x00\x00\x00\x00\x00\x00\
\x00\x00\x00\x00\x00\x00\x00\x00\x00\x00\x00\x00\x00\x00\x00\x00\
\x00\x00\x00\x00\x00\x00\x00\x00\x00\x00\x00\x00\x00\x00\x00\x00\
\x00\x00\x00\x00\x00\x00\x00\x00\x00\x00\x00\x00\x00\x00\x00\x00\
\x00\x00\x00\x00\x00\x00\x00\x00\x00\x00\x00\x00\x00\x00\x00\x00\
\x00\x00\x00\x00\x00\x00\x00\x00\x00\x00\x00\x00\x00\x00\x00\x00\
\x00\x00\x00\x00\x00\x00\x00\x00\x00\x00\x00\x00\x00\x00\x00\x00\
\x00\x00\x00\x00\x00\x00\x00\x00\x00\x00\x00\x00\x00\x00\x00\x00\
\x00\x00\x00\x00\x00\x00\x00\x00\x00\x00\x00\x00\x00\x00\x00\x00\
\x00\x00\x00\x00\x00\x00\x00\x00\x00\x00\x00\x00\x00\x00\x00\x00\
\x00\x00\x00\x00\x00\x00\x00\x00\x00\x00\x00\x00\x00\x00\x00\x00\
\x00\x00\x00\x00\x00\x00\x00\x00\x00\x00\x00\x00\x00\x00\x00\x00\
\x00\x00\x00\x00\x00\x00\x00\x00\x00\x00\x00\x00\x00\x00\x00\x00\
\x00\x00\x00\x00\x00\x00\x00\x00\x00\x00\x00\x00\x00\x00\x00\x00\
\x00\x00\x00\x00\x00\x00\x00\x00\x00\x00\x00\x00\x00\x00\x00\x00\
\x00\x00\x00\x00\x00\x00\x00\x00\x00\x00\x00\x00\x00\x00\x00\x00\
\x002\x06\x15\x002\x06\x15\x012\x06\x15\x042\x06\x15\
\x082\x06\x15\x0d2\x06\x15\x132\x06\x15\x1b,\x02\x12\
\x22b)0D\x9aQO\xe4\x99ON\xff\x95IJ\
\xff\x91CG\xff\x8d=D\xff\x845>\xcdL\x15\x22\
H/\x05\x144/\x05\x144S\x11$Vv\x1b3\
\xebu\x162\xffr\x0f0\xffp\x0b.\xffo\x0a.\
\xeea\x09(t2\x06\x15&1\x06\x15\x1d2\x06\x15\
\x162\x06\x15\x0f2\x06\x15\x0a2\x06\x15\x062\x06\x15\
\x042\x06\x15\x032\x06\x15\x032\x06\x15\x042\x06\x15\
\x042\x06\x15\x042\x06\x15\x052\x06\x15\x052\x06\x15\
\x052\x06\x15\x052\x06\x15\x052\x06\x15\x052\x06\x15\
\x052\x06\x15\x052\x06\x15\x052\x06\x15\x052\x06\x15\
\x052\x06\x15\x052\x06\x15\x052\x06\x15\x052\x06\x15\
\x052\x06\x15\x062\x06\x15\x062\x06\x15\x062\x06\x15\
\x072\x06\x15\x062\x06\x15\x062\x06\x15\x052\x06\x15\
\x042\x06\x15\x032\x06\x15\x032\x06\x15\x022\x06\x15\
\x012\x06\x15\x012\x06\x15\x00\x00\x00\x00\x00\x00\x00\x00\
\x00\x00\x00\x00\x00\x00\x00\x00\x00\x00\x00\x00\x00\x00\x00\x00\
\x00\x00\x00\x00\x00\x00\x00\x00\x00\x00\x00\x00\x00\x00\x00\x00\
\x00\x00\x00\x00\x00\x00\x00\x00\x00\x00\x00\x00\x00\x00\x00\x00\
\x00\x00\x00\x00\x00\x00\x00\x00\x00\x00\x00\x00\x00\x00\x00\x00\
\x00\x00\x00\x00\x00\x00\x00\x00\x00\x00\x00\x00\x00\x00\x00\x00\
\x00\x00\x00\x00\x00\x00\x00\x00\x00\x00\x00\x00\x00\x00\x00\x00\
\x00\x00\x00\x00\x00\x00\x00\x00\x00\x00\x00\x00\x00\x00\x00\x00\
\x00\x00\x00\x00\x00\x00\x00\x00\x00\x00\x00\x00\x00\x00\x00\x00\
\x00\x00\x00\x00\x00\x00\x00\x00\x00\x00\x00\x00\x00\x00\x00\x00\
\x00\x00\x00\x00\x00\x00\x00\x00\x00\x00\x00\x00\x00\x00\x00\x00\
\x00\x00\x00\x00\x00\x00\x00\x00\x00\x00\x00\x00\x00\x00\x00\x00\
\x00\x00\x00\x00\x00\x00\x00\x00\x00\x00\x00\x00\x00\x00\x00\x00\
\x00\x00\x00\x00\x00\x00\x00\x00\x00\x00\x00\x00\x00\x00\x00\x00\
\x00\x00\x00\x00\x00\x00\x00\x00\x00\x00\x00\x00\x00\x00\x00\x00\
\x00\x00\x00\x00\x00\x00\x00\x00\x00\x00\x00\x00\x00\x00\x00\x00\
\x002\x06\x15\x002\x06\x15\x022\x06\x15\x042\x06\x15\
\x082\x06\x15\x0e2\x06\x15\x142\x06\x15\x1c)\x00\x10\
\x22y<>^\x9dUQ\xf1\x9aQO\xff\x96KL\
\xff\x92EH\xff\x8f@E\xff\x8a:B\xfbt+6\
\x8f1\x05\x149-\x04\x137`\x17*rx\x1d4\
\xf5v\x183\xffs\x120\xffq\x0c.\xffp\x0a.\
\xffo\x0a.\xe6^\x09'b/\x06\x14\x1f2\x06\x15\
\x182\x06\x15\x112\x06\x15\x0c2\x06\x15\x082\x06\x15\
\x062\x06\x15\x052\x06\x15\x062\x06\x15\x062\x06\x15\
\x072\x06\x15\x082\x06\x15\x082\x06\x15\x082\x06\x15\
\x082\x06\x15\x082\x06\x15\x092\x06\x15\x092\x06\x15\
\x092\x06\x15\x092\x06\x15\x092\x06\x15\x092\x06\x15\
\x092\x06\x15\x092\x06\x15\x082\x06\x15\x092\x06\x15\
\x092\x06\x15\x0a2\x06\x15\x0a2\x06\x15\x0b2\x06\x15\
\x0b2\x06\x15\x0b2\x06\x15\x0a2\x06\x15\x092\x06\x15\
\x082\x06\x15\x062\x06\x15\x042\x06\x15\x032\x06\x15\
\x022\x06\x15\x012\x06\x15\x00\x00\x00\x00\x00\x00\x00\x00\
\x00\x00\x00\x00\x00\x00\x00\x00\x00\x00\x00\x00\x00\x00\x00\x00\
\x00\x00\x00\x00\x00\x00\x00\x00\x00\x00\x00\x00\x00\x00\x00\x00\
\x00\x00\x00\x00\x00\x00\x00\x00\x00\x00\x00\x00\x00\x00\x00\x00\
\x00\x00\x00\x00\x00\x00\x00\x00\x00\x00\x00\x00\x00\x00\x00\x00\
\x00\x00\x00\x00\x00\x00\x00\x00\x00\x00\x00\x00\x00\x00\x00\x00\
\x00\x00\x00\x00\x00\x00\x00\x00\x00\x00\x00\x00\x00\x00\x00\x00\
\x00\x00\x00\x00\x00\x00\x00\x00\x00\x00\x00\x00\x00\x00\x00\x00\
\x00\x00\x00\x00\x00\x00\x00\x00\x00\x00\x00\x00\x00\x00\x00\x00\
\x00\x00\x00\x00\x00\x00\x00\x00\x00\x00\x00\x00\x00\x00\x00\x00\
\x00\x00\x00\x00\x00\x00\x00\x00\x00\x00\x00\x00\x00\x00\x00\x00\
\x00\x00\x00\x00\x00\x00\x00\x00\x00\x00\x00\x00\x00\x00\x00\x00\
\x00\x00\x00\x00\x00\x00\x00\x00\x00\x00\x00\x00\x00\x00\x00\x00\
\x00\x00\x00\x00\x00\x00\x00\x00\x00\x00\x00\x00\x00\x00\x00\x00\
\x00\x00\x00\x00\x00\x00\x00\x00\x00\x00\x00\x00\x00\x00\x00\x00\
\x00\x00\x00\x00\x00\x00\x00\x00\x00\x00\x00\x00\x00\x00\x00\x00\
\x002\x06\x15\x012\x06\x15\x022\x06\x15\x052\x06\x15\
\x092\x06\x15\x0e2\x06\x15\x152\x06\x15\x1d%\x00\x0e\
#\x8cKI\x83\x9fXS\xfd\x9cSP\xff\x98ML\
\xff\x94GI\xff\x90AF\xff\x8c<C\xff\x855>\
\xdeV\x19'Y)\x02\x118h\x1b-\x89z\x1f5\
\xfcw\x1a3\xfft\x141\xffr\x0e/\xffp\x0a.\
\xffp\x0a.\xffj\x0a+\xa46\x06\x16$1\x06\x15\
\x1a2\x06\x15\x132\x06\x15\x0e2\x06\x15\x0a2\x06\x15\
\x082\x06\x15\x082\x06\x15\x092\x06\x15\x0a2\x06\x15\
\x0b2\x06\x15\x0c2\x06\x15\x0d2\x06\x15\x0d2\x06\x15\
\x0d2\x06\x15\x0d2\x06\x15\x0e2\x06\x15\x0e2\x06\x15\
\x0e2\x06\x15\x0f2\x06\x15\x0f2\x06\x15\x0e2\x06\x15\
\x0e2\x06\x15\x0d2\x06\x15\x0d2\x06\x15\x0e2\x06\x15\
\x0e2\x06\x15\x0f2\x06\x15\x102\x06\x15\x112\x06\x15\
\x112\x06\x15\x102\x06\x15\x0f2\x06\x15\x0e2\x06\x15\
\x0c2\x06\x15\x092\x06\x15\x062\x06\x15\x042\x06\x15\
\x032\x06\x15\x022\x06\x15\x012\x06\x15\x00\x00\x00\x00\
\x00\x00\x00\x00\x00\x00\x00\x00\x00\x00\x00\x00\x00\x00\x00\x00\
\x00\x00\x00\x00\x00\x00\x00\x00\x00\x00\x00\x00\x00\x00\x00\x00\
\x00\x00\x00\x00\x00\x00\x00\x00\x00\x00\x00\x00\x00\x00\x00\x00\
\x00\x00\x00\x00\x00\x00\x00\x00\x00\x00\x00\x00\x00\x00\x00\x00\
\x00\x00\x00\x00\x00\x00\x00\x00\x00\x00\x00\x00\x00\x00\x00\x00\
\x00\x00\x00\x00\x00\x00\x00\x00\x00\x00\x00\x00\x00\x00\x00\x00\
\x00\x00\x00\x00\x00\x00\x00\x00\x00\x00\x00\x00\x00\x00\x00\x00\
\x00\x00\x00\x00\x00\x00\x00\x00\x00\x00\x00\x00\x00\x00\x00\x00\
\x00\x00\x00\x00\x00\x00\x00\x00\x00\x00\x00\x00\x00\x00\x00\x00\
\x00\x00\x00\x00\x00\x00\x00\x00\x00\x00\x00\x00\x00\x00\x00\x00\
\x00\x00\x00\x00\x00\x00\x00\x00\x00\x00\x00\x00\x00\x00\x00\x00\
\x00\x00\x00\x00\x00\x00\x00\x00\x00\x00\x00\x00\x00\x00\x00\x00\
\x00\x00\x00\x00\x00\x00\x00\x00\x00\x00\x00\x00\x00\x00\x00\x00\
\x00\x00\x00\x00\x00\x00\x00\x00\x00\x00\x00\x00\x00\x00\x00\x00\
\x00\x00\x00\x00\x00\x00\x00\x00\x00\x00\x00\x00\x002\x06\x15\
\x002\x06\x15\x012\x06\x15\x032\x06\x15\x062\x06\x15\
\x0a2\x06\x15\x102\x06\x15\x170\x05\x14\x1e<\x0e\x1b\
+\x98UP\xab\xa1[U\xff\x9dTR\xff\x99ON\
\xff\x95IK\xff\x91CG\xff\x8e>E\xff\x8a8A\
\xfex,8\xa72\x06\x15>m\x1e0\x99|\x226\
\xffx\x1c4\xffu\x162\xffr\x100\xffp\x0b.\
\xffp\x0a.\xffj\x0a+\xa87\x06\x17&1\x06\x15\
\x1b2\x06\x15\x142\x06\x15\x102\x06\x15\x0c2\x06\x15\
\x0b2\x06\x15\x0b2\x06\x15\x0c2\x06\x15\x0f2\x06\x15\
\x102\x06\x15\x122\x06\x15\x122\x06\x15\x132\x06\x15\
\x132\x06\x15\x132\x06\x15\x142\x06\x15\x152\x06\x15\
\x152\x06\x15\x152\x06\x15\x152\x06\x15\x152\x06\x15\
\x142\x06\x15\x132\x06\x15\x132\x06\x15\x142\x06\x15\
\x152\x06\x15\x162\x06\x15\x172\x06\x15\x182\x06\x15\
\x182\x06\x15\x172\x06\x15\x162\x06\x15\x132\x06\x15\
\x102\x06\x15\x0d2\x06\x15\x092\x06\x15\x062\x06\x15\
\x042\x06\x15\x022\x06\x15\x012\x06\x15\x00\x00\x00\x00\
\x00\x00\x00\x00\x00\x00\x00\x00\x00\x00\x00\x00\x00\x00\x00\x00\
\x00\x00\x00\x00\x00\x00\x00\x00\x00\x00\x00\x00\x00\x00\x00\x00\
\x00\x00\x00\x00\x00\x00\x00\x00\x00\x00\x00\x00\x00\x00\x00\x00\
\x00\x00\x00\x00\x00\x00\x00\x00\x00\x00\x00\x00\x00\x00\x00\x00\
\x00\x00\x00\x00\x00\x00\x00\x00\x00\x00\x00\x00\x00\x00\x00\x00\
\x00\x00\x00\x00\x00\x00\x00\x00\x00\x00\x00\x00\x00\x00\x00\x00\
\x00\x00\x00\x00\x00\x00\x00\x00\x00\x00\x00\x00\x00\x00\x00\x00\
\x00\x00\x00\x00\x00\x00\x00\x00\x00\x00\x00\x00\x00\x00\x00\x00\
\x00\x00\x00\x00\x00\x00\x00\x00\x00\x00\x00\x00\x00\x00\x00\x00\
\x00\x00\x00\x00\x00\x00\x00\x00\x00\x00\x00\x00\x00\x00\x00\x00\
\x00\x00\x00\x00\x00\x00\x00\x00\x00\x00\x00\x00\x00\x00\x00\x00\
\x00\x00\x00\x00\x00\x00\x00\x00\x00\x00\x00\x00\x00\x00\x00\x00\
\x00\x00\x00\x00\x00\x00\x00\x00\x00\x00\x00\x00\x00\x00\x00\x00\
\x00\x00\x00\x00\x00\x00\x00\x00\x00\x00\x00\x00\x00\x00\x00\x00\
\x00\x00\x00\x00\x00\x00\x00\x00\x00\x00\x00\x00\x002\x06\x15\
\x002\x06\x15\x012\x06\x15\x032\x06\x15\x072\x06\x15\
\x0b2\x06\x15\x112\x06\x15\x18,\x01\x12\x1f_*/\
<\xa1^V\xd6\xa3]V\xff\x9fVS\xff\x9bQO\
\xff\x97KL\xff\x93FI\xff\x8f@F\xff\x8b:B\
\xff\x854>\xe8X\x1a(`p!2\xa3}$7\
\xffz\x1e5\xffv\x183\xffs\x120\xffq\x0d/\
\xffp\x0a.\xffj\x0a+\xa86\x06\x17(1\x06\x15\
\x1d2\x06\x15\x162\x06\x15\x112\x06\x15\x0e2\x06\x15\
\x0d2\x06\x15\x0f3\x06\x15\x11'\x03\x0d\x13\x12\x00\x00\
\x13\x14\x00\x00\x15'\x03\x0d\x182\x06\x15\x1a2\x06\x15\
\x1a2\x06\x15\x1a1\x05\x15\x1b$\x01\x09\x1a\x1b\x00\x02\
\x1a\x1c\x00\x03\x1a\x1c\x00\x03\x1a\x22\x01\x08\x1a1\x05\x14\
\x1b2\x06\x15\x1b2\x06\x15\x1a2\x06\x15\x1b,\x03\x10\
\x1b\x1f\x00\x06\x1b \x00\x07\x1c \x00\x07\x1d!\x00\x08\
\x1d \x00\x08\x1d\x1f\x00\x07\x1b\x1f\x00\x06\x18-\x03\x11\
\x152\x06\x15\x112\x06\x15\x0d2\x06\x15\x092\x06\x15\
\x062\x06\x15\x032\x06\x15\x012\x06\x15\x00\x00\x00\x00\
\x00\x00\x00\x00\x00\x00\x00\x00\x00\x00\x00\x00\x00\x00\x00\x00\
\x00\x00\x00\x00\x00\x00\x00\x00\x00\x00\x00\x00\x00\x00\x00\x00\
\x00\x00\x00\x00\x00\x00\x00\x00\x00\x00\x00\x00\x00\x00\x00\x00\
\x00\x00\x00\x00\x00\x00\x00\x00\x00\x00\x00\x00\x00\x00\x00\x00\
\x00\x00\x00\x00\x00\x00\x00\x00\x00\x00\x00\x00\x00\x00\x00\x00\
\x00\x00\x00\x00\x00\x00\x00\x00\x00\x00\x00\x00\x00\x00\x00\x00\
\x00\x00\x00\x00\x00\x00\x00\x00\x00\x00\x00\x00\x00\x00\x00\x00\
\x00\x00\x00\x00\x00\x00\x00\x00\x00\x00\x00\x00\x00\x00\x00\x00\
\x00\x00\x00\x00\x00\x00\x00\x00\x00\x00\x00\x00\x00\x00\x00\x00\
\x00\x00\x00\x00\x00\x00\x00\x00\x00\x00\x00\x00\x00\x00\x00\x00\
\x00\x00\x00\x00\x00\x00\x00\x00\x00\x00\x00\x00\x00\x00\x00\x00\
\x00\x00\x00\x00\x00\x00\x00\x00\x00\x00\x00\x00\x00\x00\x00\x00\
\x00\x00\x00\x00\x00\x00\x00\x00\x00\x00\x00\x00\x00\x00\x00\x00\
\x00\x00\x00\x00\x00\x00\x00\x00\x00\x00\x00\x00\x00\x00\x00\x00\
\x00\x00\x00\x00\x00\x00\x00\x00\x00\x00\x00\x00\x002\x06\x15\
\x002\x06\x15\x022\x06\x15\x042\x06\x15\x082\x06\x15\
\x0c2\x06\x15\x132\x06\x15\x1a&\x00\x0e \x83HE\
`\xa6cZ\xf2\xa4_W\xff\xa0YT\xff\x9cSP\
\xff\x98MM\xff\x94HJ\xff\x91BG\xff\x8d=C\
\xff\x803<\xc5I\x12 Ps$3\xaa~&8\
\xffz 6\xffw\x1a3\xfft\x151\xffr\x0f/\
\xffp\x0b.\xffj\x0a,\xa96\x06\x17(1\x06\x15\
\x1e2\x06\x15\x172\x06\x15\x132\x06\x15\x102\x06\x15\
\x102\x06\x15\x12(\x00\x0d\x14\x95tf.\xca\xaf\x92\
^\xc7\xab\x90b\x95tg;*\x00\x0f\x1f2\x06\x15\
!1\x05\x14\x229\x0e\x1b$\xa0|nM\xb7\x95\x81\
g\xb5\x91\x7ff\xb3\x8f}g\xa3}pUD\x19#\
'0\x04\x14\x222\x06\x15!-\x01\x11!uJI\
8\xa6{od\xa5zoh\xa3wli\xa2tk\
i\xa1sjh\xa2skg\xa1ri^j=@\
),\x01\x11\x152\x06\x15\x102\x06\x15\x0b2\x06\x15\
\x072\x06\x15\x042\x06\x15\x022\x06\x15\x01\x00\x00\x00\
\x00\x00\x00\x00\x00\x00\x00\x00\x00\x00\x00\x00\x00\x00\x00\x00\
\x00\x00\x00\x00\x00\x00\x00\x00\x00\x00\x00\x00\x00\x00\x00\x00\
\x00\x00\x00\x00\x00\x00\x00\x00\x00\x00\x00\x00\x00\x00\x00\x00\
\x00\x00\x00\x00\x00\x00\x00\x00\x00\x00\x00\x00\x00\x00\x00\x00\
\x00\x00\x00\x00\x00\x00\x00\x00\x00\x00\x00\x00\x00\x00\x00\x00\
\x00\x00\x00\x00\x00\x00\x00\x00\x00\x00\x00\x00\x00\x00\x00\x00\
\x00\x00\x00\x00\x00\x00\x00\x00\x00\x00\x00\x00\x00\x00\x00\x00\
\x00\x00\x00\x00\x00\x00\x00\x00\x00\x00\x00\x00\x00\x00\x00\x00\
\x00\x00\x00\x00\x00\x00\x00\x00\x00\x00\x00\x00\x00\x00\x00\x00\
\x00\x00\x00\x00\x00\x00\x00\x00\x00\x00\x00\x00\x00\x00\x00\x00\
\x00\x00\x00\x00\x00\x00\x00\x00\x00\x00\x00\x00\x00\x00\x00\x00\
\x00\x00\x00\x00\x00\x00\x00\x00\x00\x00\x00\x00\x00\x00\x00\x00\
\x00\x00\x00\x00\x00\x00\x00\x00\x00\x00\x00\x00\x00\x00\x00\x00\
\x00\x00\x00\x00\x00\x00\x00\x00\x00\x00\x00\x00\x00\x00\x00\x00\
\x00\x00\x00\x00\x00\x00\x00\x00\x00\x00\x00\x00\x002\x06\x15\
\x012\x06\x15\x022\x06\x15\x052\x06\x15\x092\x06\x15\
\x0e2\x06\x15\x151\x06\x15\x1d+\x00\x11$\x99[S\
\x91\xa9f\x5c\xff\xa5aX\xff\xa1[U\xff\x9dUR\
\xff\x9aON\xff\x96IK\xff\x92DH\xff\x8a<C\
\xdf] +c0\x05\x14>u&5\xac\x80(9\
\xff|\x226\xffx\x1c4\xffu\x172\xffs\x110\
\xffq\x0b/\xffi\x0a,\xa96\x06\x17)1\x06\x15\
\x1e2\x06\x15\x182\x06\x15\x142\x06\x15\x122\x06\x15\
\x132\x06\x15\x15\x16\x00\x00\x16\xc8\xad\x90_\xee\xd8\xb0\
\xec\xed\xd5\xaf\xf3\xc9\xad\x91z\x1d\x00\x04$2\x06\x15\
(-\x01\x11(^795\xd7\xb7\x9b\xbf\xe0\xc0\xa2\
\xf8\xdd\xbc\x9f\xf5\xdb\xb9\x9d\xf7\xd4\xb0\x97\xd8zQO\
A+\x00\x0f'2\x06\x15(%\x00\x0b&\xa2xm\
h\xcb\xa1\x8d\xec\xca\x9f\x8c\xf6\xc9\x9c\x8a\xf6\xc7\x99\x88\
\xf6\xc5\x97\x86\xf5\xc4\x94\x85\xf7\xc1\x91\x82\xe5\x92c^\
L\x22\x00\x09\x172\x06\x15\x132\x06\x15\x0d2\x06\x15\
\x082\x06\x15\x052\x06\x15\x022\x06\x15\x01\x00\x00\x00\
\x00\x00\x00\x00\x00\x00\x00\x00\x00\x00\x00\x00\x00\x00\x00\x00\
\x00\x00\x00\x00\x00\x00\x00\x00\x00\x00\x00\x00\x00\x00\x00\x00\
\x00\x00\x00\x00\x00\x00\x00\x00\x00\x00\x00\x00\x00\x00\x00\x00\
\x00\x00\x00\x00\x00\x00\x00\x00\x00\x00\x00\x00\x00\x00\x00\x00\
\x00\x00\x00\x00\x00\x00\x00\x00\x00\x00\x00\x00\x00\x00\x00\x00\
\x00\x00\x00\x00\x00\x00\x00\x00\x00\x00\x00\x00\x00\x00\x00\x00\
\x00\x00\x00\x00\x00\x00\x00\x00\x00\x00\x00\x00\x00\x00\x00\x00\
\x00\x00\x00\x00\x00\x00\x00\x00\x00\x00\x00\x00\x00\x00\x00\x00\
\x00\x00\x00\x00\x00\x00\x00\x00\x00\x00\x00\x00\x00\x00\x00\x00\
\x00\x00\x00\x00\x00\x00\x00\x00\x00\x00\x00\x00\x00\x00\x00\x00\
\x00\x00\x00\x00\x00\x00\x00\x00\x00\x00\x00\x00\x00\x00\x00\x00\
\x00\x00\x00\x00\x00\x00\x00\x00\x00\x00\x00\x00\x00\x00\x00\x00\
\x00\x00\x00\x00\x00\x00\x00\x00\x00\x00\x00\x00\x00\x00\x00\x00\
\x00\x00\x00\x00\x00\x00\x00\x00\x00\x00\x00\x00\x00\x00\x00\x00\
\x00\x00\x00\x00\x00\x00\x00\x00\x002\x06\x15\x002\x06\x15\
\x012\x06\x15\x032\x06\x15\x062\x06\x15\x0a2\x06\x15\
\x102\x06\x15\x17.\x03\x13\x1eP\x1f'1\xa6f[\
\xc0\xabi]\xff\xa7cZ\xff\xa3]V\xff\x9fWS\
\xff\x9bQP\xff\x97LL\xff\x92EH\xf3q.6\
\x7f/\x04\x13=1\x06\x15>v'5\xa9\x81*:\
\xff}%7\xffy\x1f5\xffw\x193\xfft\x131\
\xffq\x0d/\xffj\x0a,\xad8\x06\x17+1\x06\x15\
\x1f2\x06\x15\x192\x06\x15\x152\x06\x15\x132\x06\x15\
\x142\x06\x15\x18\x19\x00\x00\x1a\xc6\xac\x8fe\xef\xd9\xb1\
\xf6\xee\xd7\xb0\xfd\xc7\xab\x90\x81\x1f\x00\x06)2\x06\x15\
.(\x00\x0d-\x90lbT\xdf\xc0\xa2\xeb\xe1\xc1\xa3\
\xff\xdf\xbe\xa1\xff\xdc\xba\x9e\xff\xd8\xb5\x9a\xf5\xa4~p\
l%\x00\x0b,2\x06\x15.&\x00\x0c,\xa0vk\
o\xcc\xa2\x8d\xf6\xcc\xa0\x8d\xff\xcb\x9e\x8b\xff\xc9\x9b\x89\
\xff\xc7\x98\x88\xff\xc6\x96\x86\xff\xc2\x92\x83\xee\x91b]\
Q#\x00\x0a\x1a2\x06\x15\x152\x06\x15\x0f2\x06\x15\
\x0a2\x06\x15\x052\x06\x15\x032\x06\x15\x012\x06\x15\
\x00\x00\x00\x00\x00\x00\x00\x00\x00\x00\x00\x00\x00\x00\x00\x00\
\x00\x00\x00\x00\x00\x00\x00\x00\x00\x00\x00\x00\x00\x00\x00\x00\
\x00\x00\x00\x00\x00\x00\x00\x00\x00\x00\x00\x00\x00\x00\x00\x00\
\x00\x00\x00\x00\x00\x00\x00\x00\x00\x00\x00\x00\x00\x00\x00\x00\
\x00\x00\x00\x00\x00\x00\x00\x00\x00\x00\x00\x00\x00\x00\x00\x00\
\x00\x00\x00\x00\x00\x00\x00\x00\x00\x00\x00\x00\x00\x00\x00\x00\
\x00\x00\x00\x00\x00\x00\x00\x00\x00\x00\x00\x00\x00\x00\x00\x00\
\x00\x00\x00\x00\x00\x00\x00\x00\x00\x00\x00\x00\x00\x00\x00\x00\
\x00\x00\x00\x00\x00\x00\x00\x00\x00\x00\x00\x00\x00\x00\x00\x00\
\x00\x00\x00\x00\x00\x00\x00\x00\x00\x00\x00\x00\x00\x00\x00\x00\
\x00\x00\x00\x00\x00\x00\x00\x00\x00\x00\x00\x00\x00\x00\x00\x00\
\x00\x00\x00\x00\x00\x00\x00\x00\x00\x00\x00\x00\x00\x00\x00\x00\
\x00\x00\x00\x00\x00\x00\x00\x00\x00\x00\x00\x00\x00\x00\x00\x00\
\x00\x00\x00\x00\x00\x00\x00\x00\x00\x00\x00\x00\x00\x00\x00\x00\
\x00\x00\x00\x00\x00\x00\x00\x00\x002\x06\x15\x002\x06\x15\
\x012\x06\x15\x032\x06\x15\x072\x06\x15\x0b2\x06\x15\
\x122\x06\x15\x19)\x00\x10 wA?K\xadm`\
\xe8\xacj_\xff\xa8e[\xff\xa4_W\xff\xa0YT\
\xff\x9cTQ\xff\x99NN\xff\x8eDG\xd3I\x15!\
K/\x04\x14<-\x04\x13:u(5\xa0\x83,;\
\xff~&8\xff{!6\xffx\x1b3\xffu\x151\
\xffr\x0f0\xffk\x0a,\xb7=\x06\x19/1\x06\x14\
\x1f2\x06\x15\x192\x06\x15\x162\x06\x15\x152\x06\x15\
\x162\x06\x15\x1a\x1b\x00\x02\x1c\xc3\xa8\x8dg\xef\xd9\xb1\
\xf6\xee\xd7\xb0\xfd\xc4\xa8\x8d\x84!\x00\x07/2\x06\x15\
3%\x00\x0a1\xb9\x98\x83\x84\xe2\xc3\xa4\xfb\xe1\xc1\xa3\
\xff\xdf\xbd\xa1\xff\xdc\xba\x9e\xff\xda\xb7\x9c\xff\xbd\x98\x84\
\x9c/\x03\x1331\x05\x143'\x00\x0d1\x9drh\
s\xcc\xa2\x8d\xf6\xcc\xa1\x8d\xff\xcb\x9e\x8b\xff\xc8\x9b\x89\
\xff\xc7\x98\x88\xff\xc6\x96\x86\xff\xc2\x92\x83\xef\x8e_[\
S%\x00\x0b\x1d2\x06\x15\x172\x06\x15\x102\x06\x15\
\x0a2\x06\x15\x062\x06\x15\x032\x06\x15\x012\x06\x15\
\x00\x00\x00\x00\x00\x00\x00\x00\x00\x00\x00\x00\x00\x00\x00\x00\
\x00\x00\x00\x00\x00\x00\x00\x00\x00\x00\x00\x00\x00\x00\x00\x00\
\x00\x00\x00\x00\x00\x00\x00\x00\x00\x00\x00\x00\x00\x00\x00\x00\
\x00\x00\x00\x00\x00\x00\x00\x00\x00\x00\x00\x00\x00\x00\x00\x00\
\x00\x00\x00\x00\x00\x00\x00\x00\x00\x00\x00\x00\x00\x00\x00\x00\
\x00\x00\x00\x00\x00\x00\x00\x00\x00\x00\x00\x00\x00\x00\x00\x00\
\x00\x00\x00\x00\x00\x00\x00\x00\x00\x00\x00\x00\x00\x00\x00\x00\
\x00\x00\x00\x00\x00\x00\x00\x00\x00\x00\x00\x00\x00\x00\x00\x00\
\x00\x00\x00\x00\x00\x00\x00\x00\x00\x00\x00\x00\x00\x00\x00\x00\
\x00\x00\x00\x00\x00\x00\x00\x00\x00\x00\x00\x00\x00\x00\x00\x00\
\x00\x00\x00\x00\x00\x00\x00\x00\x00\x00\x00\x00\x00\x00\x00\x00\
\x00\x00\x00\x00\x00\x00\x00\x00\x00\x00\x00\x00\x00\x00\x00\x00\
\x00\x00\x00\x00\x00\x00\x00\x00\x00\x00\x00\x00\x00\x00\x00\x00\
\x00\x00\x00\x00\x00\x00\x00\x00\x00\x00\x00\x00\x00\x00\x00\x00\
\x00\x00\x00\x00\x00\x00\x00\x00\x002\x06\x15\x002\x06\x15\
\x022\x06\x15\x042\x06\x15\x082\x06\x15\x0d2\x06\x15\
\x142\x06\x15\x1c#\x00\x0c \x96]Sw\xb0qb\
\xf9\xadl`\xff\xa9g\x5c\xff\xa6aY\xff\xa2[V\
\xff\x9eVR\xff\x9aPO\xff\x8eEG\xc9E\x13\x1f\
F0\x05\x14:,\x03\x128q'4\x8e\x83.<\
\xfe\x80(9\xff|#7\xffy\x1d4\xffv\x172\
\xffs\x120\xffl\x0c-\xc1A\x07\x1b20\x06\x14\
\x1f2\x06\x15\x1a2\x06\x15\x162\x06\x15\x152\x06\x15\
\x172\x06\x15\x1b\x1d\x00\x03\x1e\xc1\xa6\x8bh\xef\xd9\xb1\
\xf6\xee\xd7\xb0\xfd\xc1\xa5\x8b\x86#\x00\x0830\x04\x13\
7B\x18\x22<\xcf\xb0\x95\xb4\xe3\xc5\xa5\xff\xe1\xc1\xa2\
\xff\xdf\xbe\xa1\xff\xdc\xba\x9e\xff\xdb\xb7\x9c\xff\xcc\xa7\x90\
\xcaT*0C/\x02\x127(\x00\x0d5\x9apf\
u\xcc\xa2\x8d\xf6\xcc\xa1\x8d\xff\xcb\x9e\x8b\xff\xc9\x9b\x89\
\xff\xc7\x98\x87\xff\xc6\x96\x86\xff\xc2\x92\x83\xef\x8c]Z\
U&\x00\x0b\x1f2\x06\x15\x182\x06\x15\x112\x06\x15\
\x0b2\x06\x15\x062\x06\x15\x032\x06\x15\x012\x06\x15\
\x00\x00\x00\x00\x00\x00\x00\x00\x00\x00\x00\x00\x00\x00\x00\x00\
\x00\x00\x00\x00\x00\x00\x00\x00\x00\x00\x00\x00\x00\x00\x00\x00\
\x00\x00\x00\x00\x00\x00\x00\x00\x00\x00\x00\x00\x00\x00\x00\x00\
\x00\x00\x00\x00\x00\x00\x00\x00\x00\x00\x00\x00\x00\x00\x00\x00\
\x00\x00\x00\x00\x00\x00\x00\x00\x00\x00\x00\x00\x00\x00\x00\x00\
\x00\x00\x00\x00\x00\x00\x00\x00\x00\x00\x00\x00\x00\x00\x00\x00\
\x00\x00\x00\x00\x00\x00\x00\x00\x00\x00\x00\x00\x00\x00\x00\x00\
\x00\x00\x00\x00\x00\x00\x00\x00\x00\x00\x00\x00\x00\x00\x00\x00\
\x00\x00\x00\x00\x00\x00\x00\x00\x00\x00\x00\x00\x00\x00\x00\x00\
\x00\x00\x00\x00\x00\x00\x00\x00\x00\x00\x00\x00\x00\x00\x00\x00\
\x00\x00\x00\x00\x00\x00\x00\x00\x00\x00\x00\x00\x00\x00\x00\x00\
\x00\x00\x00\x00\x00\x00\x00\x00\x00\x00\x00\x00\x00\x00\x00\x00\
\x00\x00\x00\x00\x00\x00\x00\x00\x00\x00\x00\x00\x00\x00\x00\x00\
\x00\x00\x00\x00\x00\x00\x00\x00\x00\x00\x00\x00\x00\x00\x00\x00\
\x00\x00\x00\x00\x00\x00\x00\x00\x002\x06\x15\x012\x06\x15\
\x022\x06\x15\x052\x06\x15\x092\x06\x15\x0e2\x06\x15\
\x150\x04\x14\x1d:\x0d\x1a'\xa7l^\xa5\xb3td\
\xff\xaena\xff\xabi]\xff\xa7cZ\xff\xa3]W\
\xff\x9fXS\xff\x9cRP\xff\x8eGH\xc1B\x11\x1e\
B0\x05\x149-\x03\x127j$1x\x830=\
\xf7\x81+:\xff}%7\xffz\x1f5\xffw\x193\
\xfft\x141\xffn\x0e.\xcbE\x08\x1d60\x06\x14\
 2\x06\x15\x1a2\x06\x15\x172\x06\x15\x162\x06\x15\
\x182\x06\x15\x1c\x1d\x00\x04 \xbf\xa4\x8aj\xef\xd9\xb1\
\xf6\xef\xd7\xb0\xfd\xc0\xa3\x8a\x88$\x00\x096,\x00\x10\
9pJHQ\xdd\xbf\xa0\xdf\xe3\xc5\xa5\xff\xe0\xc1\xa3\
\xff\xde\xbe\xa1\xff\xdd\xba\x9e\xff\xdb\xb7\x9c\xff\xd5\xb0\x97\
\xed\x81XT]+\x00\x0f9)\x00\x0e9\x99nf\
w\xcc\xa2\x8d\xf6\xcc\xa1\x8d\xff\xcb\x9e\x8b\xff\xc9\x9b\x89\
\xff\xc7\x98\x88\xff\xc6\x96\x86\xff\xc1\x91\x83\xef\x8b]Y\
V&\x00\x0c 2\x06\x15\x192\x06\x15\x122\x06\x15\
\x0c2\x06\x15\x072\x06\x15\x032\x06\x15\x012\x06\x15\
\x00\x00\x00\x00\x00\x00\x00\x00\x00\x00\x00\x00\x00\x00\x00\x00\
\x00\x00\x00\x00\x00\x00\x00\x00\x00\x00\x00\x00\x00\x00\x00\x00\
\x00\x00\x00\x00\x00\x00\x00\x00\x00\x00\x00\x00\x00\x00\x00\x00\
\x00\x00\x00\x00\x00\x00\x00\x00\x00\x00\x00\x00\x00\x00\x00\x00\
\x00\x00\x00\x00\x00\x00\x00\x00\x00\x00\x00\x00\x00\x00\x00\x00\
\x00\x00\x00\x00\x00\x00\x00\x00\x00\x00\x00\x00\x00\x00\x00\x00\
\x00\x00\x00\x00\x00\x00\x00\x00\x00\x00\x00\x00\x00\x00\x00\x00\
\x00\x00\x00\x00\x00\x00\x00\x00\x00\x00\x00\x00\x00\x00\x00\x00\
\x00\x00\x00\x00\x00\x00\x00\x00\x00\x00\x00\x00\x00\x00\x00\x00\
\x00\x00\x00\x00\x00\x00\x00\x00\x00\x00\x00\x00\x00\x00\x00\x00\
\x00\x00\x00\x00\x00\x00\x00\x00\x00\x00\x00\x00\x00\x00\x00\x00\
\x00\x00\x00\x00\x00\x00\x00\x00\x00\x00\x00\x00\x00\x00\x00\x00\
\x00\x00\x00\x00\x00\x00\x00\x00\x00\x00\x00\x00\x00\x00\x00\x00\
\x00\x00\x00\x00\x00\x00\x00\x00\x00\x00\x00\x00\x00\x00\x00\x00\
\x00\x00\x00\x00\x002\x06\x15\x002\x06\x15\x012\x06\x15\
\x032\x06\x15\x062\x06\x15\x0a2\x06\x15\x102\x06\x15\
\x17,\x01\x11\x1e`/27\xb1ue\xd0\xb4vf\
\xff\xb0pb\xff\xack_\xff\xa8e[\xff\xa5_X\
\xff\xa1ZT\xff\x9dTQ\xff\x8eHH\xb9>\x0e\x1b\
>1\x05\x147.\x04\x136_\x1f+`\x841=\
\xef\x82-<\xff\x7f'9\xff{!6\xffx\x1c4\
\xffu\x162\xffp\x10/\xd6H\x09\x1e:/\x06\x14\
 2\x06\x15\x1b2\x06\x15\x182\x06\x15\x172\x06\x15\
\x182\x06\x15\x1d\x1e\x00\x04 \xbf\xa4\x89j\xef\xd9\xb1\
\xf6\xef\xd7\xb0\xfd\xbf\xa2\x89\x89$\x00\x0a8'\x00\x0c\
:\xa5\x82sv\xe3\xc6\xa5\xf6\xe3\xc5\xa5\xff\xe1\xc2\xa3\
\xff\xde\xbe\xa0\xff\xdc\xbb\x9e\xff\xdb\xb7\x9d\xff\xd8\xb3\x99\
\xfc\xaa\x83t\x89'\x00\x0c:)\x00\x0e;\x98me\
y\xcd\xa2\x8d\xf6\xcc\xa1\x8d\xff\xca\x9e\x8b\xff\xc9\x9b\x89\
\xff\xc7\x99\x87\xff\xc6\x96\x86\xff\xc1\x91\x83\xef\x8b\x5cY\
V&\x00\x0c 2\x06\x15\x192\x06\x15\x122\x06\x15\
\x0c2\x06\x15\x072\x06\x15\x032\x06\x15\x012\x06\x15\
\x00\x00\x00\x00\x00\x00\x00\x00\x00\x00\x00\x00\x00\x00\x00\x00\
\x00\x00\x00\x00\x00\x00\x00\x00\x00\x00\x00\x00\x00\x00\x00\x00\
\x00\x00\x00\x00\x00\x00\x00\x00\x00\x00\x00\x00\x00\x00\x00\x00\
\x00\x00\x00\x00\x00\x00\x00\x00\x00\x00\x00\x00\x00\x00\x00\x00\
\x00\x00\x00\x00\x00\x00\x00\x00\x00\x00\x00\x00\x00\x00\x00\x00\
\x00\x00\x00\x00\x00\x00\x00\x00\x00\x00\x00\x00\x00\x00\x00\x00\
\x00\x00\x00\x00\x00\x00\x00\x00\x00\x00\x00\x00\x00\x00\x00\x00\
\x00\x00\x00\x00\x00\x00\x00\x00\x00\x00\x00\x00\x00\x00\x00\x00\
\x00\x00\x00\x00\x00\x00\x00\x00\x00\x00\x00\x00\x00\x00\x00\x00\
\x00\x00\x00\x00\x00\x00\x00\x00\x00\x00\x00\x00\x00\x00\x00\x00\
\x00\x00\x00\x00\x00\x00\x00\x00\x00\x00\x00\x00\x00\x00\x00\x00\
\x00\x00\x00\x00\x00\x00\x00\x00\x00\x00\x00\x00\x00\x00\x00\x00\
\x00\x00\x00\x00\x00\x00\x00\x00\x00\x00\x00\x00\x00\x00\x00\x00\
\x00\x00\x00\x00\x00\x00\x00\x00\x00\x00\x00\x00\x00\x00\x00\x00\
\x00\x00\x00\x00\x002\x06\x15\x002\x06\x15\x012\x06\x15\
\x032\x06\x15\x062\x06\x15\x0b2\x06\x15\x112\x06\x15\
\x19'\x00\x0e\x1f\x83OIQ\xb6{i\xed\xb5xg\
\xff\xb1rc\xff\xaem`\xff\xaag\x5c\xff\xa6bY\
\xff\xa2\x5cV\xff\x9eVS\xff\x8cHH\xaa4\x07\x16\
81\x06\x155/\x04\x135Q\x18%N\x843>\
\xe5\x84/=\xff\x80):\xff|#7\xffy\x1e4\
\xffv\x182\xffq\x120\xe0K\x0a =/\x05\x14\
 2\x06\x15\x1b2\x06\x15\x182\x06\x15\x172\x06\x15\
\x192\x06\x15\x1d\x1e\x00\x05 \xbe\xa3\x89k\xef\xd9\xb1\
\xf6\xef\xd8\xb0\xfd\xbe\xa1\x88\x8a$\x00\x0990\x03\x13\
=\xc6\xa7\x8e\xa4\xe6\xc9\xa8\xff\xe3\xc5\xa5\xff\xe1\xc1\xa3\
\xff\xdf\xbe\xa1\xff\xdd\xbb\x9f\xff\xdb\xb7\x9d\xff\xd9\xb5\x9b\
\xff\xc1\x9b\x87\xb4=\x11\x1eB(\x00\x0d<\x97md\
y\xcd\xa2\x8e\xf6\xcd\xa1\x8e\xff\xca\x9e\x8c\xff\xc9\x9b\x8a\
\xff\xc7\x99\x87\xff\xc6\x96\x86\xff\xc2\x92\x83\xef\x8b\x5cY\
V&\x00\x0c 2\x06\x15\x192\x06\x15\x122\x06\x15\
\x0c2\x06\x15\x072\x06\x15\x032\x06\x15\x012\x06\x15\
\x00\x00\x00\x00\x00\x00\x00\x00\x00\x00\x00\x00\x00\x00\x00\x00\
\x00\x00\x00\x00\x00\x00\x00\x00\x00\x00\x00\x00\x00\x00\x00\x00\
\x00\x00\x00\x00\x00\x00\x00\x00\x00\x00\x00\x00\x00\x00\x00\x00\
\x00\x00\x00\x00\x00\x00\x00\x00\x00\x00\x00\x00\x00\x00\x00\x00\
\x00\x00\x00\x00\x00\x00\x00\x00\x00\x00\x00\x00\x00\x00\x00\x00\
\x00\x00\x00\x00\x00\x00\x00\x00\x00\x00\x00\x00\x00\x00\x00\x00\
\x00\x00\x00\x00\x00\x00\x00\x00\x00\x00\x00\x00\x00\x00\x00\x00\
\x00\x00\x00\x00\x00\x00\x00\x00\x00\x00\x00\x00\x00\x00\x00\x00\
\x00\x00\x00\x00\x00\x00\x00\x00\x00\x00\x00\x00\x00\x00\x00\x00\
\x00\x00\x00\x00\x00\x00\x00\x00\x00\x00\x00\x00\x00\x00\x00\x00\
\x00\x00\x00\x00\x00\x00\x00\x00\x00\x00\x00\x00\x00\x00\x00\x00\
\x00\x00\x00\x00\x00\x00\x00\x00\x00\x00\x00\x00\x00\x00\x00\x00\
\x00\x00\x00\x00\x00\x00\x00\x00\x00\x00\x00\x00\x00\x00\x00\x00\
\x00\x00\x00\x00\x00\x00\x00\x00\x00\x00\x00\x00\x00\x00\x00\x00\
\x00\x00\x00\x00\x002\x06\x15\x002\x06\x15\x012\x06\x15\
\x042\x06\x15\x072\x06\x15\x0c2\x06\x15\x122\x06\x15\
\x1a!\x00\x0a \x9dfYu\xb9~k\xf9\xb6zh\
\xff\xb3te\xff\xafoa\xff\xabi^\xff\xa8dZ\
\xff\xa4^W\xff\xa0XT\xff\x88EF\x94)\x00\x10\
22\x06\x1530\x05\x143I\x14!D\x833=\
\xd2\x851=\xff\x81+:\xff~&8\xff{ 5\
\xffw\x1a3\xffs\x141\xe8P\x0b\x22C.\x05\x13\
!2\x06\x15\x1c2\x06\x15\x182\x06\x15\x172\x06\x15\
\x192\x06\x15\x1d\x1e\x00\x05!\xbe\xa3\x88k\xf0\xd9\xb1\
\xf6\xef\xd8\xb0\xfd\xbe\xa1\x88\x8a!\x00\x079[26\
L\xda\xbc\x9e\xd0\xe6\xc9\xa8\xff\xe3\xc5\xa5\xff\xe1\xc2\xa3\
\xff\xdf\xbe\xa1\xff\xdd\xbb\x9f\xff\xda\xb7\x9d\xff\xd9\xb5\x9b\
\xff\xce\xa8\x91\xdca7;Q%\x00\x0b<\x96ld\
z\xcd\xa2\x8e\xf6\xcd\xa1\x8e\xff\xca\x9e\x8b\xff\xc9\x9b\x8a\
\xff\xc7\x99\x87\xff\xc6\x97\x86\xff\xc2\x92\x83\xef\x8b\x5cY\
V&\x00\x0c 2\x06\x15\x192\x06\x15\x122\x06\x15\
\x0c2\x06\x15\x072\x06\x15\x032\x06\x15\x012\x06\x15\
\x00\x00\x00\x00\x00\x00\x00\x00\x00\x00\x00\x00\x00\x00\x00\x00\
\x00\x00\x00\x00\x00\x00\x00\x00\x00\x00\x00\x00\x00\x00\x00\x00\
\x00\x00\x00\x00\x00\x00\x00\x00\x00\x00\x00\x00\x00\x00\x00\x00\
\x00\x00\x00\x00\x00\x00\x00\x00\x00\x00\x00\x00\x00\x00\x00\x00\
\x00\x00\x00\x00\x00\x00\x00\x00\x00\x00\x00\x00\x00\x00\x00\x00\
\x00\x00\x00\x00\x00\x00\x00\x00\x00\x00\x00\x00\x00\x00\x00\x00\
\x00\x00\x00\x00\x00\x00\x00\x00\x00\x00\x00\x00\x00\x00\x00\x00\
\x00\x00\x00\x00\x00\x00\x00\x00\x00\x00\x00\x00\x00\x00\x00\x00\
\x00\x00\x00\x00\x00\x00\x00\x00\x00\x00\x00\x00\x00\x00\x00\x00\
\x00\x00\x00\x00\x00\x00\x00\x00\x00\x00\x00\x00\x00\x00\x00\x00\
\x00\x00\x00\x00\x00\x00\x00\x00\x00\x00\x00\x00\x00\x00\x00\x00\
\x00\x00\x00\x00\x00\x00\x00\x00\x00\x00\x00\x00\x00\x00\x00\x00\
\x00\x00\x00\x00\x00\x00\x00\x00\x00\x00\x00\x00\x00\x00\x00\x00\
\x00\x00\x00\x00\x00\x00\x00\x00\x00\x00\x00\x00\x00\x00\x00\x00\
\x00\x00\x00\x00\x002\x06\x15\x002\x06\x15\x022\x06\x15\
\x042\x06\x15\x082\x06\x15\x0d2\x06\x15\x141\x05\x15\
\x1b'\x00\x0e\x22\xaasb\x94\xbc\x81m\xff\xb8|i\
\xff\xb4vf\xff\xb1qb\xff\xadl_\xff\xa9f\x5c\
\xff\xa5`X\xff\xa1ZT\xf9\x81AB})\x00\x10\
02\x06\x1520\x05\x141B\x0f\x1d=\x813=\
\xc0\x863>\xff\x83-<\xff\x7f(9\xff|\x226\
\xffx\x1c4\xfft\x161\xecW\x0e$N-\x05\x13\
!2\x06\x15\x1d2\x06\x15\x192\x06\x15\x182\x06\x15\
\x192\x06\x15\x1e\x1e\x00\x05!\xbe\xa3\x88k\xf0\xd9\xb1\
\xf6\xef\xd8\xb0\xfd\xbd\xa0\x87\x8b\x1c\x00\x039\x90mb\
h\xe3\xc8\xa6\xf0\xe6\xc9\xa8\xff\xe3\xc5\xa6\xff\xe1\xc2\xa3\
\xff\xdf\xbe\xa1\xff\xdd\xbb\x9f\xff\xda\xb8\x9c\xff\xd9\xb5\x9b\
\xff\xd4\xaf\x96\xf4\x92jbs \x00\x07<\x96kc\
{\xcd\xa2\x8e\xf6\xcd\xa2\x8e\xff\xca\x9e\x8c\xff\xc9\x9b\x8a\
\xff\xc7\x99\x87\xff\xc6\x97\x86\xff\xc2\x92\x83\xef\x8b\x5cY\
V&\x00\x0c 2\x06\x15\x192\x06\x15\x122\x06\x15\
\x0c2\x06\x15\x072\x06\x15\x032\x06\x15\x012\x06\x15\
\x00\x00\x00\x00\x00\x00\x00\x00\x00\x00\x00\x00\x00\x00\x00\x00\
\x00\x00\x00\x00\x00\x00\x00\x00\x00\x00\x00\x00\x00\x00\x00\x00\
\x00\x00\x00\x00\x00\x00\x00\x00\x00\x00\x00\x00\x00\x00\x00\x00\
\x00\x00\x00\x00\x00\x00\x00\x00\x00\x00\x00\x00\x00\x00\x00\x00\
\x00\x00\x00\x00\x00\x00\x00\x00\x00\x00\x00\x00\x00\x00\x00\x00\
\x00\x00\x00\x00\x00\x00\x00\x00\x00\x00\x00\x00\x00\x00\x00\x00\
\x00\x00\x00\x00\x00\x00\x00\x00\x00\x00\x00\x00\x00\x00\x00\x00\
\x00\x00\x00\x00\x00\x00\x00\x00\x00\x00\x00\x00\x00\x00\x00\x00\
\x00\x00\x00\x00\x00\x00\x00\x00\x00\x00\x00\x00\x00\x00\x00\x00\
\x00\x00\x00\x00\x00\x00\x00\x00\x00\x00\x00\x00\x00\x00\x00\x00\
\x00\x00\x00\x00\x00\x00\x00\x00\x00\x00\x00\x00\x00\x00\x00\x00\
\x00\x00\x00\x00\x00\x00\x00\x00\x00\x00\x00\x00\x00\x00\x00\x00\
\x00\x00\x00\x00\x00\x00\x00\x00\x00\x00\x00\x00\x00\x00\x00\x00\
\x00\x00\x00\x00\x00\x00\x00\x00\x00\x00\x00\x00\x00\x00\x00\x00\
\x00\x00\x00\x00\x002\x06\x15\x002\x06\x15\x022\x06\x15\
\x042\x06\x15\x082\x06\x15\x0e2\x06\x15\x15/\x03\x13\
\x1cD\x16 *\xb2{h\xae\xbd\x83n\xff\xb9~j\
\xff\xb5xg\xff\xb2sd\xff\xaen`\xff\xaah]\
\xff\xa7bY\xff\xa1\x5cU\xf2v9<f+\x01\x11\
/2\x06\x1501\x05\x1508\x0a\x185\x7f3<\
\xae\x885@\xff\x840=\xff\x80*:\xff}$7\
\xffz\x1f5\xffu\x182\xf0\x5c\x10'Y,\x05\x13\
!2\x06\x15\x1d2\x06\x15\x192\x06\x15\x182\x06\x15\
\x192\x06\x15\x1e\x1e\x00\x05!\xbe\xa2\x88k\xf0\xda\xb1\
\xf6\xef\xd8\xb0\xfd\xbd\xa0\x88\x8b\x19\x00\x009\xba\x9c\x85\
\x92\xe7\xcc\xa9\xfe\xe6\xc9\xa8\xff\xe4\xc6\xa6\xff\xe1\xc2\xa3\
\xff\xdf\xbf\xa1\xff\xdd\xbb\x9f\xff\xdb\xb8\x9d\xff\xd9\xb5\x9b\
\xff\xd7\xb1\x99\xff\xb3\x8b|\x9e$\x00\x0a=\x96lc\
{\xcd\xa3\x8e\xf6\xcd\xa2\x8e\xff\xca\x9f\x8c\xff\xc9\x9c\x89\
\xff\xc7\x99\x87\xff\xc6\x97\x86\xff\xc2\x92\x83\xef\x8b\x5cY\
V&\x00\x0c 2\x06\x15\x192\x06\x15\x122\x06\x15\
\x0c2\x06\x15\x072\x06\x15\x032\x06\x15\x012\x06\x15\
\x00\x00\x00\x00\x00\x00\x00\x00\x00\x00\x00\x00\x00\x00\x00\x00\
\x00\x00\x00\x00\x00\x00\x00\x00\x00\x00\x00\x00\x00\x00\x00\x00\
\x00\x00\x00\x00\x00\x00\x00\x00\x00\x00\x00\x00\x00\x00\x00\x00\
\x00\x00\x00\x00\x00\x00\x00\x00\x00\x00\x00\x00\x00\x00\x00\x00\
\x00\x00\x00\x00\x00\x00\x00\x00\x00\x00\x00\x00\x00\x00\x00\x00\
\x00\x00\x00\x00\x00\x00\x00\x00\x00\x00\x00\x00\x00\x00\x00\x00\
\x00\x00\x00\x00\x00\x00\x00\x00\x00\x00\x00\x00\x00\x00\x00\x00\
\x00\x00\x00\x00\x00\x00\x00\x00\x00\x00\x00\x00\x00\x00\x00\x00\
\x00\x00\x00\x00\x00\x00\x00\x00\x00\x00\x00\x00\x00\x00\x00\x00\
\x00\x00\x00\x00\x00\x00\x00\x00\x00\x00\x00\x00\x00\x00\x00\x00\
\x00\x00\x00\x00\x00\x00\x00\x00\x00\x00\x00\x00\x00\x00\x00\x00\
\x00\x00\x00\x00\x00\x00\x00\x00\x00\x00\x00\x00\x00\x00\x00\x00\
\x00\x00\x00\x00\x00\x00\x00\x00\x00\x00\x00\x00\x00\x00\x00\x00\
\x00\x00\x00\x00\x00\x00\x00\x00\x00\x00\x00\x00\x00\x00\x00\x00\
\x00\x00\x00\x00\x002\x06\x15\x002\x06\x15\x022\x06\x15\
\x052\x06\x15\x092\x06\x15\x0e2\x06\x15\x15-\x01\x12\
\x1dX*.1\xb8\x81l\xc2\xbe\x86p\xff\xba\x80l\
\xff\xb7zh\xff\xb3ue\xff\xafoa\xff\xacj^\
\xff\xa8e[\xff\xa2]V\xeae-2O-\x02\x12\
.2\x06\x15.2\x06\x15.-\x03\x12/}2<\
\x9d\x897A\xff\x851>\xff\x82,;\xff~&8\
\xffz 5\xffw\x1a3\xf3a\x12)c,\x04\x12\
!2\x06\x15\x1d2\x06\x15\x1a2\x06\x15\x182\x06\x15\
\x1a2\x06\x15\x1e\x1f\x00\x05!\xbd\xa2\x88k\xf0\xda\xb1\
\xf6\xef\xd8\xb1\xfd\xbd\x9f\x87\x8b=\x12\x1eB\xd4\xb8\x9a\
\xbe\xe8\xcd\xaa\xff\xe5\xc9\xa7\xff\xe3\xc5\xa6\xff\xe2\xc2\xa4\
\xff\xe0\xbf\xa2\xff\xdd\xbc\x9f\xff\xd7\xb4\x99\xee\xd7\xb3\x99\
\xf9\xd7\xb2\x99\xff\xc5\x9e\x8a\xc6D\x18#G\x95kc\
{\xcd\xa3\x8e\xf7\xcd\xa2\x8e\xff\xcb\x9f\x8b\xff\xc9\x9c\x8a\
\xff\xc7\x99\x88\xff\xc6\x97\x86\xff\xc2\x92\x83\xef\x8b\x5cY\
V&\x00\x0c 2\x06\x15\x192\x06\x15\x122\x06\x15\
\x0c2\x06\x15\x072\x06\x15\x032\x06\x15\x012\x06\x15\
\x00\x00\x00\x00\x00\x00\x00\x00\x00\x00\x00\x00\x00\x00\x00\x00\
\x00\x00\x00\x00\x00\x00\x00\x00\x00\x00\x00\x00\x00\x00\x00\x00\
\x00\x00\x00\x00\x00\x00\x00\x00\x00\x00\x00\x00\x00\x00\x00\x00\
\x00\x00\x00\x00\x00\x00\x00\x00\x00\x00\x00\x00\x00\x00\x00\x00\
\x00\x00\x00\x00\x00\x00\x00\x00\x00\x00\x00\x00\x00\x00\x00\x00\
\x00\x00\x00\x00\x00\x00\x00\x00\x00\x00\x00\x00\x00\x00\x00\x00\
\x00\x00\x00\x00\x00\x00\x00\x00\x00\x00\x00\x00\x00\x00\x00\x00\
\x00\x00\x00\x00\x00\x00\x00\x00\x00\x00\x00\x00\x00\x00\x00\x00\
\x00\x00\x00\x00\x00\x00\x00\x00\x00\x00\x00\x00\x00\x00\x00\x00\
\x00\x00\x00\x00\x00\x00\x00\x00\x00\x00\x00\x00\x00\x00\x00\x00\
\x00\x00\x00\x00\x00\x00\x00\x00\x00\x00\x00\x00\x00\x00\x00\x00\
\x00\x00\x00\x00\x00\x00\x00\x00\x00\x00\x00\x00\x00\x00\x00\x00\
\x00\x00\x00\x00\x00\x00\x00\x00\x00\x00\x00\x00\x00\x00\x00\x00\
\x00\x00\x00\x00\x00\x00\x00\x00\x00\x00\x00\x00\x00\x00\x00\x00\
\x00\x00\x00\x00\x002\x06\x15\x002\x06\x15\x022\x06\x15\
\x052\x06\x15\x092\x06\x15\x0f2\x06\x15\x16+\x00\x11\
\x1dd466\xbc\x85o\xd0\xc0\x87q\xff\xbc\x82m\
\xff\xb8|j\xff\xb4wf\xff\xb1qc\xff\xadl_\
\xff\xa9g\x5c\xff\xa1]V\xd8V\x22*B.\x03\x13\
-2\x06\x15-2\x06\x15-)\x01\x10,{2;\
\x8e\x8a9B\xff\x873?\xff\x83-<\xff\x7f(9\
\xff|\x227\xffx\x1d4\xf7e\x14+n+\x04\x12\
\x222\x06\x15\x1e2\x06\x15\x1a2\x06\x15\x192\x06\x15\
\x1a2\x06\x15\x1e\x1f\x00\x05\x22\xbd\xa2\x88k\xf0\xda\xb1\
\xf6\xef\xd8\xb1\xfd\xbc\x9f\x86\x8arLIV\xe3\xc8\xa6\
\xe6\xe8\xcd\xaa\xff\xe6\xc9\xa8\xff\xe3\xc6\xa5\xff\xe1\xc2\xa4\
\xff\xe0\xbf\xa2\xff\xde\xbc\xa0\xff\xc4\xa0\x8a\xb6\xcc\xa7\x90\
\xd1\xd7\xb2\x99\xff\xcf\xa9\x92\xe9oEF[\x94jb\
z\xcd\xa3\x8e\xf7\xcd\xa2\x8e\xff\xcb\x9f\x8b\xff\xca\x9c\x8a\
\xff\xc7\x99\x89\xff\xc6\x97\x87\xff\xc2\x92\x83\xef\x8b]Y\
V&\x00\x0c 2\x06\x15\x192\x06\x15\x122\x06\x15\
\x0c2\x06\x15\x072\x06\x15\x032\x06\x15\x012\x06\x15\
\x00\x00\x00\x00\x00\x00\x00\x00\x00\x00\x00\x00\x00\x00\x00\x00\
\x00\x00\x00\x00\x00\x00\x00\x00\x00\x00\x00\x00\x00\x00\x00\x00\
\x00\x00\x00\x00\x00\x00\x00\x00\x00\x00\x00\x00\x00\x00\x00\x00\
\x00\x00\x00\x00\x00\x00\x00\x00\x00\x00\x00\x00\x00\x00\x00\x00\
\x00\x00\x00\x00\x00\x00\x00\x00\x00\x00\x00\x00\x00\x00\x00\x00\
\x00\x00\x00\x00\x00\x00\x00\x00\x00\x00\x00\x00\x00\x00\x00\x00\
\x00\x00\x00\x00\x00\x00\x00\x00\x00\x00\x00\x00\x00\x00\x00\x00\
\x00\x00\x00\x00\x00\x00\x00\x00\x00\x00\x00\x00\x00\x00\x00\x00\
\x00\x00\x00\x00\x00\x00\x00\x00\x00\x00\x00\x00\x00\x00\x00\x00\
\x00\x00\x00\x00\x00\x00\x00\x00\x00\x00\x00\x00\x00\x00\x00\x00\
\x00\x00\x00\x00\x00\x00\x00\x00\x00\x00\x00\x00\x00\x00\x00\x00\
\x00\x00\x00\x00\x00\x00\x00\x00\x00\x00\x00\x00\x00\x00\x00\x00\
\x00\x00\x00\x00\x00\x00\x00\x00\x00\x00\x00\x00\x00\x00\x00\x00\
\x00\x00\x00\x00\x00\x00\x00\x00\x00\x00\x00\x00\x00\x00\x00\x00\
\x00\x00\x00\x00\x002\x06\x15\x012\x06\x15\x022\x06\x15\
\x052\x06\x15\x092\x06\x15\x0f2\x06\x15\x16+\x00\x10\
\x1di998\xbe\x88q\xd6\xc1\x89r\xff\xbd\x83n\
\xff\xb9~k\xff\xb6yh\xff\xb2sd\xff\xaena\
\xff\xabi]\xff\x9e\x5cU\xc2I\x18\x22:0\x04\x14\
-2\x06\x15+2\x06\x15,*\x01\x11,x19\
\x80\x8b;C\xfb\x885@\xff\x840=\xff\x81*:\
\xff}%8\xffz\x1f5\xfah\x16-y*\x04\x12\
\x222\x06\x15\x1f2\x06\x15\x1b2\x06\x15\x192\x06\x15\
\x1a2\x06\x15\x1e\x1f\x00\x05\x22\xbd\xa2\x88k\xf0\xda\xb2\
\xf6\xef\xd9\xb1\xfd\xbb\x9e\x85\x89\xaa\x89w{\xe8\xce\xaa\
\xf8\xe8\xcd\xaa\xff\xe6\xc9\xa8\xff\xe3\xc6\xa5\xff\xe1\xc3\xa3\
\xff\xe0\xbf\xa2\xff\xdc\xba\x9e\xf8\xa2|o\x7f\xb9\x93\x81\
\xa4\xd7\xb3\x99\xff\xd4\xad\x96\xfa\x9fwl\x83\x93ia\
x\xcd\xa3\x8e\xf7\xcd\xa2\x8e\xff\xcb\x9f\x8b\xff\xc9\x9c\x8a\
\xff\xc8\x9a\x89\xff\xc6\x97\x87\xff\xc2\x92\x83\xef\x8b]Z\
V&\x00\x0c 2\x06\x15\x192\x06\x15\x122\x06\x15\
\x0c2\x06\x15\x072\x06\x15\x032\x06\x15\x012\x06\x15\
\x00\x00\x00\x00\x00\x00\x00\x00\x00\x00\x00\x00\x00\x00\x00\x00\
\x00\x00\x00\x00\x00\x00\x00\x00\x00\x00\x00\x00\x00\x00\x00\x00\
\x00\x00\x00\x00\x00\x00\x00\x00\x00\x00\x00\x00\x00\x00\x00\x00\
\x00\x00\x00\x00\x00\x00\x00\x00\x00\x00\x00\x00\x00\x00\x00\x00\
\x00\x00\x00\x00\x00\x00\x00\x00\x00\x00\x00\x00\x00\x00\x00\x00\
\x00\x00\x00\x00\x00\x00\x00\x00\x00\x00\x00\x00\x00\x00\x00\x00\
\x00\x00\x00\x00\x00\x00\x00\x00\x00\x00\x00\x00\x00\x00\x00\x00\
\x00\x00\x00\x00\x00\x00\x00\x00\x00\x00\x00\x00\x00\x00\x00\x00\
\x00\x00\x00\x00\x00\x00\x00\x00\x00\x00\x00\x00\x00\x00\x00\x00\
\x00\x00\x00\x00\x00\x00\x00\x00\x00\x00\x00\x00\x00\x00\x00\x00\
\x00\x00\x00\x00\x00\x00\x00\x00\x00\x00\x00\x00\x00\x00\x00\x00\
\x00\x00\x00\x00\x00\x00\x00\x00\x00\x00\x00\x00\x00\x00\x00\x00\
\x00\x00\x00\x00\x00\x00\x00\x00\x00\x00\x00\x00\x00\x00\x00\x00\
\x00\x00\x00\x00\x00\x00\x00\x00\x00\x00\x00\x00\x00\x00\x00\x00\
\x00\x00\x00\x00\x002\x06\x15\x002\x06\x15\x022\x06\x15\
\x052\x06\x15\x092\x06\x15\x0f2\x06\x15\x16+\x00\x10\
\x1dh997\xbf\x8ar\xd4\xc3\x8bs\xff\xbe\x86o\
\xff\xbb\x80l\xff\xb7{i\xff\xb4ue\xff\xb0pb\
\xff\xack_\xff\x9aZS\xab7\x0a\x1831\x05\x14\
-2\x06\x15+2\x06\x15,+\x01\x11,t/8\
s\x8c<C\xf7\x898A\xff\x862>\xff\x82-;\
\xff~'9\xff{!6\xfdk\x19.\x83)\x03\x11\
\x222\x06\x15\x1f2\x06\x15\x1b2\x06\x15\x192\x06\x15\
\x1b2\x06\x15\x1e\x1f\x00\x05\x22\xbd\xa2\x88l\xf0\xda\xb2\
\xf6\xef\xd8\xb1\xfd\xbe\xa1\x88\x8d\xcc\xaf\x94\xa8\xeb\xd1\xac\
\xff\xe8\xcd\xaa\xff\xe6\xca\xa8\xff\xe3\xc6\xa6\xff\xe1\xc3\xa4\
\xff\xe0\xc0\xa2\xff\xd7\xb6\x9b\xe6nEEW\x9cuj\
{\xd5\xb0\x97\xf7\xd6\xaf\x97\xff\xb9\x91\x80\xac\x97me\
|\xcd\xa3\x8e\xf6\xcd\xa2\x8e\xff\xcb\x9f\x8c\xff\xc9\x9c\x8a\
\xff\xc8\x9a\x89\xff\xc7\x97\x87\xff\xc2\x92\x83\xef\x8b]Z\
V&\x00\x0c 2\x06\x15\x192\x06\x15\x122\x06\x15\
\x0c2\x06\x15\x072\x06\x15\x032\x06\x15\x012\x06\x15\
\x00\x00\x00\x00\x00\x00\x00\x00\x00\x00\x00\x00\x00\x00\x00\x00\
\x00\x00\x00\x00\x00\x00\x00\x00\x00\x00\x00\x00\x00\x00\x00\x00\
\x00\x00\x00\x00\x00\x00\x00\x00\x00\x00\x00\x00\x00\x00\x00\x00\
\x00\x00\x00\x00\x00\x00\x00\x00\x00\x00\x00\x00\x00\x00\x00\x00\
\x00\x00\x00\x00\x00\x00\x00\x00\x00\x00\x00\x00\x00\x00\x00\x00\
\x00\x00\x00\x00\x00\x00\x00\x00\x00\x00\x00\x00\x00\x00\x00\x00\
\x00\x00\x00\x00\x00\x00\x00\x00\x00\x00\x00\x00\x00\x00\x00\x00\
\x00\x00\x00\x00\x00\x00\x00\x00\x00\x00\x00\x00\x00\x00\x00\x00\
\x00\x00\x00\x00\x00\x00\x00\x00\x00\x00\x00\x00\x00\x00\x00\x00\
\x00\x00\x00\x00\x00\x00\x00\x00\x00\x00\x00\x00\x00\x00\x00\x00\
\x00\x00\x00\x00\x00\x00\x00\x00\x00\x00\x00\x00\x00\x00\x00\x00\
\x00\x00\x00\x00\x00\x00\x00\x00\x00\x00\x00\x00\x00\x00\x00\x00\
\x00\x00\x00\x00\x00\x00\x00\x00\x00\x00\x00\x00\x00\x00\x00\x00\
\x00\x00\x00\x00\x00\x00\x00\x00\x00\x00\x00\x00\x00\x00\x00\x00\
\x00\x00\x00\x00\x002\x06\x15\x002\x06\x15\x022\x06\x15\
\x052\x06\x15\x092\x06\x15\x0e2\x06\x15\x15,\x00\x11\
\x1d`243\xbf\x8br\xc9\xc4\x8du\xff\xc0\x88q\
\xff\xbc\x82m\xff\xb9}j\xff\xb5wg\xff\xb1rc\
\xff\xadl`\xff\x95WP\x94'\x00\x0e.2\x06\x15\
-2\x06\x15+2\x06\x15,+\x02\x11,p.6\
i\x8d>E\xf4\x8b:B\xff\x874?\xff\x83.<\
\xff\x80)9\xff|#7\xffn\x1b0\x8e(\x03\x11\
\x222\x06\x15 2\x06\x15\x1b2\x06\x15\x1a2\x06\x15\
\x1b2\x06\x15\x1f\x1f\x00\x05\x22\xbd\xa2\x88l\xf0\xda\xb2\
\xf6\xf0\xd8\xb1\xfc\xc8\xac\x90\x9b\xe0\xc5\xa4\xd3\xeb\xd1\xad\
\xff\xe8\xcd\xaa\xff\xe6\xca\xa8\xff\xe4\xc7\xa6\xff\xe2\xc3\xa4\
\xff\xe0\xc0\xa2\xff\xcc\xa9\x91\xc0D\x19#DoEE\
V\xd1\xab\x93\xe4\xd6\xaf\x97\xff\xc8\xa1\x8c\xd5\xa3yn\
\x8a\xcd\xa3\x8e\xf5\xcd\xa2\x8e\xff\xcb\x9f\x8c\xff\xc9\x9c\x8a\
\xff\xc8\x9a\x89\xff\xc7\x97\x87\xff\xc2\x93\x83\xef\x8b]Z\
V&\x00\x0c 2\x06\x15\x192\x06\x15\x122\x06\x15\
\x0c2\x06\x15\x072\x06\x15\x032\x06\x15\x012\x06\x15\
\x00\x00\x00\x00\x00\x00\x00\x00\x00\x00\x00\x00\x00\x00\x00\x00\
\x00\x00\x00\x00\x00\x00\x00\x00\x00\x00\x00\x00\x00\x00\x00\x00\
\x00\x00\x00\x00\x00\x00\x00\x00\x00\x00\x00\x00\x00\x00\x00\x00\
\x00\x00\x00\x00\x00\x00\x00\x00\x00\x00\x00\x00\x00\x00\x00\x00\
\x00\x00\x00\x00\x00\x00\x00\x00\x00\x00\x00\x00\x00\x00\x00\x00\
\x00\x00\x00\x00\x00\x00\x00\x00\x00\x00\x00\x00\x00\x00\x00\x00\
\x00\x00\x00\x00\x00\x00\x00\x00\x00\x00\x00\x00\x00\x00\x00\x00\
\x00\x00\x00\x00\x00\x00\x00\x00\x00\x00\x00\x00\x00\x00\x00\x00\
\x00\x00\x00\x00\x00\x00\x00\x00\x00\x00\x00\x00\x00\x00\x00\x00\
\x00\x00\x00\x00\x00\x00\x00\x00\x00\x00\x00\x00\x00\x00\x00\x00\
\x00\x00\x00\x00\x00\x00\x00\x00\x00\x00\x00\x00\x00\x00\x00\x00\
\x00\x00\x00\x00\x00\x00\x00\x00\x00\x00\x00\x00\x00\x00\x00\x00\
\x00\x00\x00\x00\x00\x00\x00\x00\x00\x00\x00\x00\x00\x00\x00\x00\
\x00\x00\x00\x00\x00\x00\x00\x00\x00\x00\x00\x00\x00\x00\x00\x00\
\x00\x00\x00\x00\x002\x06\x15\x002\x06\x15\x022\x06\x15\
\x042\x06\x15\x082\x06\x15\x0e2\x06\x15\x15/\x03\x13\
\x1cG\x1b#*\xba\x87p\xb0\xc5\x90v\xff\xc1\x8ar\
\xff\xbe\x84n\xff\xba\x7fk\xff\xb6zh\xff\xb3td\
\xff\xafoa\xff\x96YR\x96,\x01\x1102\x06\x15\
.2\x06\x15,2\x06\x15,,\x02\x12,k+3\
`\x8f@E\xf1\x8c;C\xff\x886@\xff\x840=\
\xff\x81+:\xff~%8\xffq\x1e1\x99+\x03\x12\
$2\x06\x15 2\x06\x15\x1c2\x06\x15\x1a2\x06\x15\
\x1b2\x06\x15\x1f\x1f\x00\x05\x22\xbd\xa2\x88l\xf0\xdb\xb2\
\xf6\xf0\xd8\xb1\xfb\xd8\xbe\x9d\xb9\xe8\xcf\xab\xef\xeb\xd0\xad\
\xff\xe8\xcd\xaa\xff\xe6\xca\xa9\xff\xe4\xc6\xa6\xff\xe2\xc3\xa4\
\xff\xdf\xc0\xa1\xfe\xb6\x93\x80\x93%\x00\x0b:F\x1a%\
C\xc5\x9e\x89\xbd\xd6\xb0\x97\xff\xd0\xa8\x92\xef\xb5\x8c|\
\xa7\xcd\xa3\x8e\xf4\xce\xa2\x8e\xff\xcb\x9f\x8d\xff\xc9\x9d\x8a\
\xff\xc8\x9a\x89\xff\xc7\x98\x87\xff\xc2\x93\x83\xef\x8b]Z\
V&\x00\x0c 2\x06\x15\x192\x06\x15\x122\x06\x15\
\x0c2\x06\x15\x072\x06\x15\x032\x06\x15\x012\x06\x15\
\x00\x00\x00\x00\x00\x00\x00\x00\x00\x00\x00\x00\x00\x00\x00\x00\
\x00\x00\x00\x00\x00\x00\x00\x00\x00\x00\x00\x00\x00\x00\x00\x00\
\x00\x00\x00\x00\x00\x00\x00\x00\x00\x00\x00\x00\x00\x00\x00\x00\
\x00\x00\x00\x00\x00\x00\x00\x00\x00\x00\x00\x00\x00\x00\x00\x00\
\x00\x00\x00\x00\x00\x00\x00\x00\x00\x00\x00\x00\x00\x00\x00\x00\
\x00\x00\x00\x00\x00\x00\x00\x00\x00\x00\x00\x00\x00\x00\x00\x00\
\x00\x00\x00\x00\x00\x00\x00\x00\x00\x00\x00\x00\x00\x00\x00\x00\
\x00\x00\x00\x00\x00\x00\x00\x00\x00\x00\x00\x00\x00\x00\x00\x00\
\x00\x00\x00\x00\x00\x00\x00\x00\x00\x00\x00\x00\x00\x00\x00\x00\
\x00\x00\x00\x00\x00\x00\x00\x00\x00\x00\x00\x00\x00\x00\x00\x00\
\x00\x00\x00\x00\x00\x00\x00\x00\x00\x00\x00\x00\x00\x00\x00\x00\
\x00\x00\x00\x00\x00\x00\x00\x00\x00\x00\x00\x00\x00\x00\x00\x00\
\x00\x00\x00\x00\x00\x00\x00\x00\x00\x00\x00\x00\x00\x00\x00\x00\
\x00\x00\x00\x00\x00\x00\x00\x00\x00\x00\x00\x00\x00\x00\x00\x00\
\x00\x00\x00\x00\x002\x06\x15\x002\x06\x15\x022\x06\x15\
\x042\x06\x15\x082\x06\x15\x0d2\x06\x15\x132\x06\x15\
\x1b#\x00\x0b!\xb0~i\x8c\xc6\x91w\xff\xc2\x8cs\
\xff\xbf\x86p\xff\xbb\x81l\xff\xb7{i\xff\xb4vf\
\xff\xb0qc\xff\xa7g\x5c\xd5b-2J-\x02\x12\
.2\x06\x15-2\x06\x15--\x03\x12-f)1\
X\x90BF\xee\x8e>D\xff\x8a8A\xff\x862>\
\xff\x82-<\xff\x7f'9\xfft\x1f3\xa33\x06\x15\
(1\x06\x15!2\x06\x15\x1c2\x06\x15\x1b2\x06\x15\
\x1c2\x06\x15\x1f\x1f\x00\x05\x22\xbd\xa2\x88l\xf0\xdb\xb2\
\xf6\xf0\xd9\xb1\xfb\xe8\xd0\xaa\xe6\xec\xd3\xae\xfc\xeb\xd0\xad\
\xff\xe9\xcd\xab\xff\xe6\xca\xa9\xff\xe4\xc7\xa6\xff\xe2\xc3\xa5\
\xff\xdc\xbd\x9f\xf1\x91kbf)\x00\x0e8'\x00\x0d\
8\xaf\x89y\x8f\xd5\xaf\x97\xfe\xd3\xac\x94\xfd\xc6\x9d\x89\
\xd1\xcd\xa3\x8f\xf4\xce\xa2\x8f\xff\xcc\x9f\x8d\xff\xc9\x9d\x8b\
\xff\xc8\x9a\x88\xff\xc7\x98\x87\xff\xc2\x93\x83\xef\x8c]Z\
V&\x00\x0c 2\x06\x15\x192\x06\x15\x122\x06\x15\
\x0c2\x06\x15\x072\x06\x15\x032\x06\x15\x012\x06\x15\
\x00\x00\x00\x00\x00\x00\x00\x00\x00\x00\x00\x00\x00\x00\x00\x00\
\x00\x00\x00\x00\x00\x00\x00\x00\x00\x00\x00\x00\x00\x00\x00\x00\
\x00\x00\x00\x00\x00\x00\x00\x00\x00\x00\x00\x00\x00\x00\x00\x00\
\x00\x00\x00\x00\x00\x00\x00\x00\x00\x00\x00\x00\x00\x00\x00\x00\
\x00\x00\x00\x00\x00\x00\x00\x00\x00\x00\x00\x00\x00\x00\x00\x00\
\x00\x00\x00\x00\x00\x00\x00\x00\x00\x00\x00\x00\x00\x00\x00\x00\
\x00\x00\x00\x00\x00\x00\x00\x00\x00\x00\x00\x00\x00\x00\x00\x00\
\x00\x00\x00\x00\x00\x00\x00\x00\x00\x00\x00\x00\x00\x00\x00\x00\
\x00\x00\x00\x00\x00\x00\x00\x00\x00\x00\x00\x00\x00\x00\x00\x00\
\x00\x00\x00\x00\x00\x00\x00\x00\x00\x00\x00\x00\x00\x00\x00\x00\
\x00\x00\x00\x00\x00\x00\x00\x00\x00\x00\x00\x00\x00\x00\x00\x00\
\x00\x00\x00\x00\x00\x00\x00\x00\x00\x00\x00\x00\x00\x00\x00\x00\
\x00\x00\x00\x00\x00\x00\x00\x00\x00\x00\x00\x00\x00\x00\x00\x00\
\x00\x00\x00\x00\x00\x00\x00\x00\x00\x00\x00\x00\x00\x00\x00\x00\
\x00\x00\x00\x00\x002\x06\x15\x002\x06\x15\x012\x06\x15\
\x042\x06\x15\x072\x06\x15\x0c2\x06\x15\x122\x06\x15\
\x1a\x22\x00\x0a \x9em]g\xc6\x92w\xf4\xc4\x8eu\
\xff\xc0\x88q\xff\xbc\x83n\xff\xb9}j\xff\xb5xg\
\xff\xb2rd\xff\xaem`\xfc\x94WP\x912\x06\x15\
11\x05\x15/2\x06\x15/-\x03\x12/a%.\
R\x91DG\xec\x8f@F\xff\x8b:B\xff\x875?\
\xff\x84/=\xff\x80):\xffv!4\xae:\x09\x18\
,1\x06\x14!2\x06\x15\x1d2\x06\x15\x1b2\x06\x15\
\x1c2\x06\x15\x1f\x1f\x00\x05\x22\xbd\xa2\x88l\xf0\xdb\xb2\
\xf6\xf0\xda\xb2\xff\xee\xd7\xaf\xfe\xed\xd4\xae\xff\xea\xd1\xad\
\xff\xe8\xce\xab\xff\xe7\xca\xa8\xff\xe4\xc7\xa7\xff\xe3\xc4\xa5\
\xff\xd6\xb5\x9a\xd3`7:G.\x01\x126*\x00\x0e\
6\x8cd]c\xd2\xac\x95\xf0\xd4\xac\x95\xff\xd0\xa7\x91\
\xf6\xcf\xa5\x90\xfc\xce\xa3\x8f\xff\xcc\xa0\x8c\xff\xc9\x9d\x8b\
\xff\xc8\x9a\x89\xff\xc7\x98\x87\xff\xc2\x93\x83\xef\x8c]Z\
V&\x00\x0c 2\x06\x15\x192\x06\x15\x122\x06\x15\
\x0c2\x06\x15\x072\x06\x15\x032\x06\x15\x012\x06\x15\
\x00\x00\x00\x00\x00\x00\x00\x00\x00\x00\x00\x00\x00\x00\x00\x00\
\x00\x00\x00\x00\x00\x00\x00\x00\x00\x00\x00\x00\x00\x00\x00\x00\
\x00\x00\x00\x00\x00\x00\x00\x00\x00\x00\x00\x00\x00\x00\x00\x00\
\x00\x00\x00\x00\x00\x00\x00\x00\x00\x00\x00\x00\x00\x00\x00\x00\
\x00\x00\x00\x00\x00\x00\x00\x00\x00\x00\x00\x00\x00\x00\x00\x00\
\x00\x00\x00\x00\x00\x00\x00\x00\x00\x00\x00\x00\x00\x00\x00\x00\
\x00\x00\x00\x00\x00\x00\x00\x00\x00\x00\x00\x00\x00\x00\x00\x00\
\x00\x00\x00\x00\x00\x00\x00\x00\x00\x00\x00\x00\x00\x00\x00\x00\
\x00\x00\x00\x00\x00\x00\x00\x00\x00\x00\x00\x00\x00\x00\x00\x00\
\x00\x00\x00\x00\x00\x00\x00\x00\x00\x00\x00\x00\x00\x00\x00\x00\
\x00\x00\x00\x00\x00\x00\x00\x00\x00\x00\x00\x00\x00\x00\x00\x00\
\x00\x00\x00\x00\x00\x00\x00\x00\x00\x00\x00\x00\x00\x00\x00\x00\
\x00\x00\x00\x00\x00\x00\x00\x00\x00\x00\x00\x00\x00\x00\x00\x00\
\x00\x00\x00\x00\x00\x00\x00\x00\x00\x00\x00\x00\x00\x00\x00\x00\
\x00\x00\x00\x00\x002\x06\x15\x002\x06\x15\x012\x06\x15\
\x032\x06\x15\x062\x06\x15\x0b2\x06\x15\x112\x06\x15\
\x18(\x00\x0e\x1f}NGE\xc5\x92w\xe5\xc5\x90v\
\xff\xc1\x8ar\xff\xbe\x85o\xff\xba\x7fl\xff\xb7zh\
\xff\xb3te\xff\xafoa\xff\xa6e[\xd8['.\
F.\x03\x1302\x06\x150.\x03\x130\x5c#,\
O\x91FH\xea\x90BG\xff\x8c<C\xff\x897@\
\xff\x851>\xff\x81+;\xffx$6\xb9@\x0b\x1b\
00\x05\x14\x222\x06\x15\x1e2\x06\x15\x1c2\x06\x15\
\x1c2\x06\x15 \x1f\x00\x06#\xbe\xa3\x88l\xf1\xdb\xb2\
\xf6\xf1\xda\xb2\xff\xef\xd7\xb0\xff\xec\xd4\xae\xff\xea\xd1\xad\
\xff\xe8\xce\xab\xff\xe6\xcb\xa9\xff\xe5\xc7\xa7\xff\xe3\xc4\xa5\
\xff\xc8\xa6\x8e\xa75\x09\x1761\x05\x144.\x01\x12\
3`59E\xcc\xa6\x90\xd3\xd4\xad\x95\xff\xd2\xa9\x93\
\xff\xd0\xa6\x91\xff\xcd\xa3\x8e\xff\xcb\xa0\x8d\xff\xc9\x9d\x8a\
\xff\xc8\x9a\x88\xff\xc7\x98\x87\xff\xc3\x93\x84\xef\x8c]Z\
V&\x00\x0c 2\x06\x15\x192\x06\x15\x122\x06\x15\
\x0c2\x06\x15\x072\x06\x15\x032\x06\x15\x012\x06\x15\
\x00\x00\x00\x00\x00\x00\x00\x00\x00\x00\x00\x00\x00\x00\x00\x00\
\x00\x00\x00\x00\x00\x00\x00\x00\x00\x00\x00\x00\x00\x00\x00\x00\
\x00\x00\x00\x00\x00\x00\x00\x00\x00\x00\x00\x00\x00\x00\x00\x00\
\x00\x00\x00\x00\x00\x00\x00\x00\x00\x00\x00\x00\x00\x00\x00\x00\
\x00\x00\x00\x00\x00\x00\x00\x00\x00\x00\x00\x00\x00\x00\x00\x00\
\x00\x00\x00\x00\x00\x00\x00\x00\x00\x00\x00\x00\x00\x00\x00\x00\
\x00\x00\x00\x00\x00\x00\x00\x00\x00\x00\x00\x00\x00\x00\x00\x00\
\x00\x00\x00\x00\x00\x00\x00\x00\x00\x00\x00\x00\x00\x00\x00\x00\
\x00\x00\x00\x00\x00\x00\x00\x00\x00\x00\x00\x00\x00\x00\x00\x00\
\x00\x00\x00\x00\x00\x00\x00\x00\x00\x00\x00\x00\x00\x00\x00\x00\
\x00\x00\x00\x00\x00\x00\x00\x00\x00\x00\x00\x00\x00\x00\x00\x00\
\x00\x00\x00\x00\x00\x00\x00\x00\x00\x00\x00\x00\x00\x00\x00\x00\
\x00\x00\x00\x00\x00\x00\x00\x00\x00\x00\x00\x00\x00\x00\x00\x00\
\x00\x00\x00\x00\x00\x00\x00\x00\x00\x00\x00\x00\x00\x00\x00\x00\
\x00\x00\x00\x00\x002\x06\x15\x002\x06\x15\x012\x06\x15\
\x032\x06\x15\x062\x06\x15\x0a2\x06\x15\x102\x06\x15\
\x17-\x01\x11\x1e[.13\xc0\x8et\xc5\xc7\x92x\
\xff\xc3\x8ct\xff\xbf\x87p\xff\xbc\x81m\xff\xb8|j\
\xff\xb4wf\xff\xb0qc\xff\xabk_\xf4\x80FC\
l*\x00\x1012\x06\x152.\x03\x132X )\
L\x93GI\xe9\x92DG\xff\x8e>D\xff\x8a8A\
\xff\x863>\xff\x83-<\xff{&7\xc9G\x0f\x1f\
6/\x05\x14\x222\x06\x15\x1f2\x06\x15\x1c2\x06\x15\
\x1d2\x06\x15 \x1f\x00\x06#\xbd\xa2\x88l\xf1\xdb\xb2\
\xf6\xf1\xda\xb2\xff\xef\xd7\xb0\xff\xec\xd4\xaf\xff\xea\xd1\xac\
\xff\xe9\xce\xaa\xff\xe7\xca\xa8\xff\xe5\xc7\xa7\xff\xe1\xc2\xa3\
\xf8\xae\x8ayw$\x00\x09/2\x06\x1501\x05\x14\
05\x09\x173\xbe\x97\x85\xa5\xd4\xad\x95\xff\xd2\xa9\x93\
\xff\xd0\xa6\x91\xff\xcd\xa3\x8e\xff\xcc\xa0\x8c\xff\xca\x9d\x8b\
\xff\xc8\x9b\x89\xff\xc7\x98\x87\xff\xc3\x93\x84\xef\x8c]Y\
V&\x00\x0c 2\x06\x15\x192\x06\x15\x122\x06\x15\
\x0c2\x06\x15\x072\x06\x15\x032\x06\x15\x012\x06\x15\
\x00\x00\x00\x00\x00\x00\x00\x00\x00\x00\x00\x00\x00\x00\x00\x00\
\x00\x00\x00\x00\x00\x00\x00\x00\x00\x00\x00\x00\x00\x00\x00\x00\
\x00\x00\x00\x00\x00\x00\x00\x00\x00\x00\x00\x00\x00\x00\x00\x00\
\x00\x00\x00\x00\x00\x00\x00\x00\x00\x00\x00\x00\x00\x00\x00\x00\
\x00\x00\x00\x00\x00\x00\x00\x00\x00\x00\x00\x00\x00\x00\x00\x00\
\x00\x00\x00\x00\x00\x00\x00\x00\x00\x00\x00\x00\x00\x00\x00\x00\
\x00\x00\x00\x00\x00\x00\x00\x00\x00\x00\x00\x00\x00\x00\x00\x00\
\x00\x00\x00\x00\x00\x00\x00\x00\x00\x00\x00\x00\x00\x00\x00\x00\
\x00\x00\x00\x00\x00\x00\x00\x00\x00\x00\x00\x00\x00\x00\x00\x00\
\x00\x00\x00\x00\x00\x00\x00\x00\x00\x00\x00\x00\x00\x00\x00\x00\
\x00\x00\x00\x00\x00\x00\x00\x00\x00\x00\x00\x00\x00\x00\x00\x00\
\x00\x00\x00\x00\x00\x00\x00\x00\x00\x00\x00\x00\x00\x00\x00\x00\
\x00\x00\x00\x00\x00\x00\x00\x00\x00\x00\x00\x00\x00\x00\x00\x00\
\x00\x00\x00\x00\x00\x00\x00\x00\x00\x00\x00\x00\x00\x00\x00\x00\
\x00\x00\x00\x00\x00\x00\x00\x00\x002\x06\x15\x012\x06\x15\
\x022\x06\x15\x052\x06\x15\x092\x06\x15\x0e2\x06\x15\
\x150\x05\x14\x1d3\x07\x16&\xb8\x86o\x9f\xc8\x94y\
\xff\xc4\x8eu\xff\xc0\x89q\xff\xbd\x83n\xff\xb9~k\
\xff\xb6xg\xff\xb2sd\xff\xaem`\xff\x95WP\
\x96+\x00\x1132\x06\x154.\x03\x134W )\
M\x94IJ\xe9\x93FI\xff\x8f@F\xff\x8b:B\
\xff\x875@\xff\x84/<\xff~)9\xe0Q\x13$\
@.\x04\x13#2\x06\x15\x1f2\x06\x15\x1d2\x06\x15\
\x1d2\x06\x15 \x1f\x00\x06#\xbd\xa2\x88l\xf1\xdb\xb2\
\xf6\xf1\xda\xb2\xff\xee\xd7\xb1\xff\xed\xd5\xaf\xff\xeb\xd1\xac\
\xff\xe8\xce\xab\xff\xe6\xcb\xa9\xff\xe5\xc7\xa7\xff\xdd\xbf\xa0\
\xe4\x80ZTL*\x00\x0f,2\x06\x15,2\x06\x15\
-$\x00\x0a,\xa7\x7fru\xd2\xab\x94\xf8\xd2\xaa\x93\
\xff\xd0\xa6\x91\xff\xcd\xa3\x8e\xff\xcc\xa0\x8c\xff\xca\x9d\x8b\
\xff\xc9\x9a\x89\xff\xc7\x98\x88\xff\xc3\x93\x84\xef\x8c]Z\
V&\x00\x0c 2\x06\x15\x192\x06\x15\x122\x06\x15\
\x0c2\x06\x15\x072\x06\x15\x032\x06\x15\x012\x06\x15\
\x00\x00\x00\x00\x00\x00\x00\x00\x00\x00\x00\x00\x00\x00\x00\x00\
\x00\x00\x00\x00\x00\x00\x00\x00\x00\x00\x00\x00\x00\x00\x00\x00\
\x00\x00\x00\x00\x00\x00\x00\x00\x00\x00\x00\x00\x00\x00\x00\x00\
\x00\x00\x00\x00\x00\x00\x00\x00\x00\x00\x00\x00\x00\x00\x00\x00\
\x00\x00\x00\x00\x00\x00\x00\x00\x00\x00\x00\x00\x00\x00\x00\x00\
\x00\x00\x00\x00\x00\x00\x00\x00\x00\x00\x00\x00\x00\x00\x00\x00\
\x00\x00\x00\x00\x00\x00\x00\x00\x00\x00\x00\x00\x00\x00\x00\x00\
\x00\x00\x00\x00\x00\x00\x00\x00\x00\x00\x00\x00\x00\x00\x00\x00\
\x00\x00\x00\x00\x00\x00\x00\x00\x00\x00\x00\x00\x00\x00\x00\x00\
\x00\x00\x00\x00\x00\x00\x00\x00\x00\x00\x00\x00\x00\x00\x00\x00\
\x00\x00\x00\x00\x00\x00\x00\x00\x00\x00\x00\x00\x00\x00\x00\x00\
\x00\x00\x00\x00\x00\x00\x00\x00\x00\x00\x00\x00\x00\x00\x00\x00\
\x00\x00\x00\x00\x00\x00\x00\x00\x00\x00\x00\x00\x00\x00\x00\x00\
\x00\x00\x00\x00\x00\x00\x00\x00\x00\x00\x00\x00\x00\x00\x00\x00\
\x00\x00\x00\x00\x00\x00\x00\x00\x002\x06\x15\x002\x06\x15\
\x022\x06\x15\x042\x06\x15\x082\x06\x15\x0d2\x06\x15\
\x142\x06\x15\x1b\x1f\x00\x09!\xaayfz\xc9\x96z\
\xfa\xc6\x91w\xff\xc2\x8bs\xff\xbe\x85o\xff\xbb\x80l\
\xff\xb7{h\xff\xb3ue\xff\xb0ob\xff\xa0aX\
\xbcC\x13\x1f>0\x05\x146.\x03\x136W *\
O\x95KK\xea\x94HJ\xff\x91BG\xff\x8d=D\
\xff\x897A\xff\x851>\xff\x80+;\xed^\x1a*\
Q-\x04\x12#2\x06\x15 2\x06\x15\x1d2\x06\x15\
\x1e2\x06\x15 \x1f\x00\x05#\xbe\xa3\x88k\xf1\xdc\xb2\
\xf6\xf1\xda\xb2\xff\xee\xd7\xb1\xff\xed\xd5\xae\xff\xeb\xd1\xac\
\xff\xe9\xce\xab\xff\xe7\xcb\xa9\xff\xe5\xc8\xa7\xff\xd4\xb5\x99\
\xbbQ'.5.\x02\x12)2\x06\x15(2\x06\x15\
(*\x00\x0f)|SPJ\xcf\xa8\x91\xe4\xd2\xaa\x93\
\xff\xcf\xa7\x91\xff\xcd\xa3\x8e\xff\xcc\xa0\x8c\xff\xcb\x9e\x8b\
\xff\xc8\x9b\x89\xff\xc7\x98\x88\xff\xc3\x94\x84\xef\x8c^Z\
U&\x00\x0c\x1f2\x06\x15\x192\x06\x15\x112\x06\x15\
\x0b2\x06\x15\x072\x06\x15\x032\x06\x15\x012\x06\x15\
\x00\x00\x00\x00\x00\x00\x00\x00\x00\x00\x00\x00\x00\x00\x00\x00\
\x00\x00\x00\x00\x00\x00\x00\x00\x00\x00\x00\x00\x00\x00\x00\x00\
\x00\x00\x00\x00\x00\x00\x00\x00\x00\x00\x00\x00\x00\x00\x00\x00\
\x00\x00\x00\x00\x00\x00\x00\x00\x00\x00\x00\x00\x00\x00\x00\x00\
\x00\x00\x00\x00\x00\x00\x00\x00\x00\x00\x00\x00\x00\x00\x00\x00\
\x00\x00\x00\x00\x00\x00\x00\x00\x00\x00\x00\x00\x00\x00\x00\x00\
\x00\x00\x00\x00\x00\x00\x00\x00\x00\x00\x00\x00\x00\x00\x00\x00\
\x00\x00\x00\x00\x00\x00\x00\x00\x00\x00\x00\x00\x00\x00\x00\x00\
\x00\x00\x00\x00\x00\x00\x00\x00\x00\x00\x00\x00\x00\x00\x00\x00\
\x00\x00\x00\x00\x00\x00\x00\x00\x00\x00\x00\x00\x00\x00\x00\x00\
\x00\x00\x00\x00\x00\x00\x00\x00\x00\x00\x00\x00\x00\x00\x00\x00\
\x00\x00\x00\x00\x00\x00\x00\x00\x00\x00\x00\x00\x00\x00\x00\x00\
\x00\x00\x00\x00\x00\x00\x00\x00\x00\x00\x00\x00\x00\x00\x00\x00\
\x00\x00\x00\x00\x00\x00\x00\x00\x00\x00\x00\x00\x00\x00\x00\x00\
\x00\x00\x00\x00\x00\x00\x00\x00\x002\x06\x15\x002\x06\x15\
\x012\x06\x15\x042\x06\x15\x072\x06\x15\x0c2\x06\x15\
\x122\x06\x15\x19%\x00\x0d \x91aUU\xc8\x96z\
\xee\xc7\x93x\xff\xc3\x8dt\xff\xbf\x87p\xff\xbc\x82m\
\xff\xb8}j\xff\xb4wf\xff\xb1qc\xff\xa8h]\
\xddX%,L.\x03\x137.\x03\x137[$,\
S\x97MM\xeb\x96JK\xff\x92DH\xff\x8e?E\
\xff\x8a9B\xff\x873?\xff\x82.<\xf4i /\
e+\x03\x12#2\x06\x15!2\x06\x15\x1e2\x06\x15\
\x1d2\x06\x15 \x1f\x00\x05\x22\xc0\xa5\x8aj\xf1\xdc\xb2\
\xf6\xf1\xdb\xb3\xff\xef\xd8\xb1\xff\xed\xd4\xaf\xff\xeb\xd1\xad\
\xff\xe9\xce\xab\xff\xe7\xcb\xa9\xff\xe4\xc8\xa6\xff\xc5\xa5\x8d\
\x8d&\x00\x0b'2\x06\x15%2\x06\x15$2\x06\x15\
$/\x02\x12&O$,2\xc6\x9f\x8b\xba\xd2\xaa\x94\
\xff\xd0\xa6\x91\xff\xcd\xa3\x8f\xff\xcc\xa0\x8d\xff\xcb\x9e\x8b\
\xff\xc9\x9b\x89\xff\xc7\x98\x88\xff\xc4\x94\x84\xef\x8e`[\
T%\x00\x0b\x1e2\x06\x15\x182\x06\x15\x112\x06\x15\
\x0b2\x06\x15\x062\x06\x15\x032\x06\x15\x012\x06\x15\
\x00\x00\x00\x00\x00\x00\x00\x00\x00\x00\x00\x00\x00\x00\x00\x00\
\x00\x00\x00\x00\x00\x00\x00\x00\x00\x00\x00\x00\x00\x00\x00\x00\
\x00\x00\x00\x00\x00\x00\x00\x00\x00\x00\x00\x00\x00\x00\x00\x00\
\x00\x00\x00\x00\x00\x00\x00\x00\x00\x00\x00\x00\x00\x00\x00\x00\
\x00\x00\x00\x00\x00\x00\x00\x00\x00\x00\x00\x00\x00\x00\x00\x00\
\x00\x00\x00\x00\x00\x00\x00\x00\x00\x00\x00\x00\x00\x00\x00\x00\
\x00\x00\x00\x00\x00\x00\x00\x00\x00\x00\x00\x00\x00\x00\x00\x00\
\x00\x00\x00\x00\x00\x00\x00\x00\x00\x00\x00\x00\x00\x00\x00\x00\
\x00\x00\x00\x00\x00\x00\x00\x00\x00\x00\x00\x00\x00\x00\x00\x00\
\x00\x00\x00\x00\x00\x00\x00\x00\x00\x00\x00\x00\x00\x00\x00\x00\
\x00\x00\x00\x00\x00\x00\x00\x00\x00\x00\x00\x00\x00\x00\x00\x00\
\x00\x00\x00\x00\x00\x00\x00\x00\x00\x00\x00\x00\x00\x00\x00\x00\
\x00\x00\x00\x00\x00\x00\x00\x00\x00\x00\x00\x00\x00\x00\x00\x00\
\x00\x00\x00\x00\x00\x00\x00\x00\x00\x00\x00\x00\x00\x00\x00\x00\
\x00\x00\x00\x00\x00\x00\x00\x00\x002\x06\x15\x002\x06\x15\
\x012\x06\x15\x032\x06\x15\x062\x06\x15\x0b2\x06\x15\
\x102\x06\x15\x18*\x00\x10\x1fl><:\xc6\x94y\
\xd7\xc9\x95y\xff\xc5\x8fu\xff\xc1\x89r\xff\xbd\x84n\
\xff\xb9~k\xff\xb6yg\xff\xb2td\xff\xacl`\
\xf0s<<d,\x01\x129.\x03\x139_&.\
W\x98ON\xec\x98LL\xff\x94GI\xff\x90AF\
\xff\x8c;C\xff\x886@\xff\x840=\xfap$2\
y)\x02\x11#2\x06\x15!2\x06\x15\x1e2\x06\x15\
\x1d2\x06\x15\x1f\x1e\x00\x04 \xc2\xa7\x8ci\xf1\xdc\xb2\
\xf6\xf1\xdb\xb2\xff\xef\xd8\xb0\xff\xed\xd5\xaf\xff\xeb\xd2\xad\
\xff\xe9\xce\xab\xff\xe7\xcc\xa9\xff\xe2\xc6\xa5\xf0\xa5\x83s\
[#\x00\x09#2\x06\x15\x222\x06\x15 2\x06\x15\
 2\x06\x15##\x00\x09$\xb7\x8f\x7f\x88\xd2\xa9\x93\
\xfe\xd0\xa7\x91\xff\xce\xa4\x8f\xff\xcc\xa0\x8d\xff\xcb\x9e\x8b\
\xff\xc9\x9b\x89\xff\xc8\x99\x88\xff\xc4\x94\x84\xef\x90a]\
R$\x00\x0b\x1c2\x06\x15\x162\x06\x15\x102\x06\x15\
\x0a2\x06\x15\x062\x06\x15\x032\x06\x15\x012\x06\x15\
\x00\x00\x00\x00\x00\x00\x00\x00\x00\x00\x00\x00\x00\x00\x00\x00\
\x00\x00\x00\x00\x00\x00\x00\x00\x00\x00\x00\x00\x00\x00\x00\x00\
\x00\x00\x00\x00\x00\x00\x00\x00\x00\x00\x00\x00\x00\x00\x00\x00\
\x00\x00\x00\x00\x00\x00\x00\x00\x00\x00\x00\x00\x00\x00\x00\x00\
\x00\x00\x00\x00\x00\x00\x00\x00\x00\x00\x00\x00\x00\x00\x00\x00\
\x00\x00\x00\x00\x00\x00\x00\x00\x00\x00\x00\x00\x00\x00\x00\x00\
\x00\x00\x00\x00\x00\x00\x00\x00\x00\x00\x00\x00\x00\x00\x00\x00\
\x00\x00\x00\x00\x00\x00\x00\x00\x00\x00\x00\x00\x00\x00\x00\x00\
\x00\x00\x00\x00\x00\x00\x00\x00\x00\x00\x00\x00\x00\x00\x00\x00\
\x00\x00\x00\x00\x00\x00\x00\x00\x00\x00\x00\x00\x00\x00\x00\x00\
\x00\x00\x00\x00\x00\x00\x00\x00\x00\x00\x00\x00\x00\x00\x00\x00\
\x00\x00\x00\x00\x00\x00\x00\x00\x00\x00\x00\x00\x00\x00\x00\x00\
\x00\x00\x00\x00\x00\x00\x00\x00\x00\x00\x00\x00\x00\x00\x00\x00\
\x00\x00\x00\x00\x00\x00\x00\x00\x00\x00\x00\x00\x00\x00\x00\x00\
\x00\x00\x00\x00\x00\x00\x00\x00\x00\x00\x00\x00\x002\x06\x15\
\x012\x06\x15\x022\x06\x15\x052\x06\x15\x0a2\x06\x15\
\x0f2\x06\x15\x16/\x03\x13\x1eI\x1d%,\xbf\x8et\
\xb2\xca\x97{\xff\xc6\x91w\xff\xc2\x8bs\xff\xbe\x86p\
\xff\xbb\x80l\xff\xb7{i\xff\xb4vf\xff\xafpb\
\xfa\x8aOJ\x84)\x00\x109.\x03\x12:f-3\
`\x9aRO\xee\x99ON\xff\x95IJ\xff\x91CG\
\xff\x8d=D\xff\x897A\xff\x862>\xffu'5\
\x8a(\x01\x10$2\x06\x15!2\x06\x15\x1d2\x06\x15\
\x1c2\x06\x15\x1d\x1c\x00\x03\x1e\xc5\xab\x8fg\xf1\xdc\xb3\
\xf5\xf1\xdb\xb3\xff\xf0\xd8\xb1\xff\xee\xd5\xaf\xff\xec\xd2\xae\
\xff\xea\xcf\xac\xff\xe8\xcc\xaa\xff\xde\xc1\xa2\xd2rLJ\
9+\x00\x0f\x222\x06\x15 2\x06\x15\x1e2\x06\x15\
\x1e2\x06\x15 $\x00\x0a!\x9csiZ\xd0\xa8\x92\
\xf0\xd1\xa7\x92\xff\xcf\xa4\x8f\xff\xcd\xa1\x8e\xff\xcb\x9e\x8b\
\xff\xc9\x9b\x8a\xff\xc8\x99\x88\xff\xc4\x95\x84\xee\x93d_\
P#\x00\x0a\x1a2\x06\x15\x142\x06\x15\x0e2\x06\x15\
\x092\x06\x15\x052\x06\x15\x022\x06\x15\x01\x00\x00\x00\
\x00\x00\x00\x00\x00\x00\x00\x00\x00\x00\x00\x00\x00\x00\x00\x00\
\x00\x00\x00\x00\x00\x00\x00\x00\x00\x00\x00\x00\x00\x00\x00\x00\
\x00\x00\x00\x00\x00\x00\x00\x00\x00\x00\x00\x00\x00\x00\x00\x00\
\x00\x00\x00\x00\x00\x00\x00\x00\x00\x00\x00\x00\x00\x00\x00\x00\
\x00\x00\x00\x00\x00\x00\x00\x00\x00\x00\x00\x00\x00\x00\x00\x00\
\x00\x00\x00\x00\x00\x00\x00\x00\x00\x00\x00\x00\x00\x00\x00\x00\
\x00\x00\x00\x00\x00\x00\x00\x00\x00\x00\x00\x00\x00\x00\x00\x00\
\x00\x00\x00\x00\x00\x00\x00\x00\x00\x00\x00\x00\x00\x00\x00\x00\
\x00\x00\x00\x00\x00\x00\x00\x00\x00\x00\x00\x00\x00\x00\x00\x00\
\x00\x00\x00\x00\x00\x00\x00\x00\x00\x00\x00\x00\x00\x00\x00\x00\
\x00\x00\x00\x00\x00\x00\x00\x00\x00\x00\x00\x00\x00\x00\x00\x00\
\x00\x00\x00\x00\x00\x00\x00\x00\x00\x00\x00\x00\x00\x00\x00\x00\
\x00\x00\x00\x00\x00\x00\x00\x00\x00\x00\x00\x00\x00\x00\x00\x00\
\x00\x00\x00\x00\x00\x00\x00\x00\x00\x00\x00\x00\x00\x00\x00\x00\
\x00\x00\x00\x00\x00\x00\x00\x00\x00\x00\x00\x00\x002\x06\x15\
\x002\x06\x15\x022\x06\x15\x042\x06\x15\x082\x06\x15\
\x0e2\x06\x15\x152\x06\x15\x1c#\x00\x0b\x22\xb4\x84m\
\x8e\xcb\x99|\xff\xc7\x93x\xff\xc4\x8du\xff\xc0\x88q\
\xff\xbc\x82m\xff\xb8}j\xff\xb5xg\xff\xb2rd\
\xff\x98[S\xa3/\x03\x13<,\x02\x12;n47\
j\x9cTQ\xf1\x9aQO\xff\x96KL\xff\x93EH\
\xff\x8e?E\xff\x8b9B\xff\x874?\xffy*8\
\x9b,\x03\x12&2\x06\x15!2\x06\x15\x1d2\x06\x15\
\x1b2\x06\x15\x1b\x1f\x00\x05\x1b\xbd\xa1\x87V\xea\xd5\xad\
\xca\xea\xd3\xac\xd3\xe8\xcf\xaa\xd4\xe5\xcc\xa8\xd4\xe3\xc8\xa6\
\xd4\xe1\xc5\xa5\xd4\xe0\xc3\xa4\xd6\xcb\xac\x92\x8f>\x14\x1f\
(0\x04\x13\x222\x06\x15\x1f2\x06\x15\x1d2\x06\x15\
\x1d2\x06\x15\x1f,\x00\x10!j?A6\xc5\x9d\x89\
\xb5\xca\xa0\x8c\xd6\xc7\x9d\x8a\xd4\xc5\x99\x88\xd5\xc3\x97\x86\
\xd4\xc2\x95\x84\xd4\xc1\x93\x83\xd4\xbf\x8f\x80\xc5\x8c^Z\
D%\x00\x0b\x172\x06\x15\x122\x06\x15\x0c2\x06\x15\
\x082\x06\x15\x052\x06\x15\x022\x06\x15\x01\x00\x00\x00\
\x00\x00\x00\x00\x00\x00\x00\x00\x00\x00\x00\x00\x00\x00\x00\x00\
\x00\x00\x00\x00\x00\x00\x00\x00\x00\x00\x00\x00\x00\x00\x00\x00\
\x00\x00\x00\x00\x00\x00\x00\x00\x00\x00\x00\x00\x00\x00\x00\x00\
\x00\x00\x00\x00\x00\x00\x00\x00\x00\x00\x00\x00\x00\x00\x00\x00\
\x00\x00\x00\x00\x00\x00\x00\x00\x00\x00\x00\x00\x00\x00\x00\x00\
\x00\x00\x00\x00\x00\x00\x00\x00\x00\x00\x00\x00\x00\x00\x00\x00\
\x00\x00\x00\x00\x00\x00\x00\x00\x00\x00\x00\x00\x00\x00\x00\x00\
\x00\x00\x00\x00\x00\x00\x00\x00\x00\x00\x00\x00\x00\x00\x00\x00\
\x00\x00\x00\x00\x00\x00\x00\x00\x00\x00\x00\x00\x00\x00\x00\x00\
\x00\x00\x00\x00\x00\x00\x00\x00\x00\x00\x00\x00\x00\x00\x00\x00\
\x00\x00\x00\x00\x00\x00\x00\x00\x00\x00\x00\x00\x00\x00\x00\x00\
\x00\x00\x00\x00\x00\x00\x00\x00\x00\x00\x00\x00\x00\x00\x00\x00\
\x00\x00\x00\x00\x00\x00\x00\x00\x00\x00\x00\x00\x00\x00\x00\x00\
\x00\x00\x00\x00\x00\x00\x00\x00\x00\x00\x00\x00\x00\x00\x00\x00\
\x00\x00\x00\x00\x00\x00\x00\x00\x00\x00\x00\x00\x002\x06\x15\
\x002\x06\x15\x022\x06\x15\x042\x06\x15\x072\x06\x15\
\x0c2\x06\x15\x132\x06\x15\x1a\x22\x00\x0a \xa2sa\
h\xcb\x99|\xf5\xc9\x95z\xff\xc5\x8fv\xff\xc1\x89r\
\xff\xbd\x84o\xff\xba\x7fk\xff\xb6zh\xff\xb3te\
\xff\xa3eZ\xc2D\x15 G*\x00\x10<v:<\
t\x9eWR\xf5\x9cSP\xff\x98ML\xff\x94GJ\
\xff\x90AF\xff\x8c<C\xff\x886@\xff}-9\
\xa97\x08\x17+1\x05\x14!2\x06\x15\x1c2\x06\x15\
\x192\x06\x15\x190\x04\x13\x1aT,1\x22|YR\
1xTO6sNJ9pJH<nHF\
=mGF=oHG<W.300\x04\x13\
%2\x06\x15\x222\x06\x15\x1f2\x06\x15\x1e2\x06\x15\
\x1d2\x06\x15\x1f2\x06\x15!6\x0a\x18&^38\
5f;><d8<>c7;?c7;\
>d8<;g;>7i<?1E\x19$\
\x1f1\x05\x14\x152\x06\x15\x102\x06\x15\x0b2\x06\x15\
\x072\x06\x15\x042\x06\x15\x022\x06\x15\x00\x00\x00\x00\
\x00\x00\x00\x00\x00\x00\x00\x00\x00\x00\x00\x00\x00\x00\x00\x00\
\x00\x00\x00\x00\x00\x00\x00\x00\x00\x00\x00\x00\x00\x00\x00\x00\
\x00\x00\x00\x00\x00\x00\x00\x00\x00\x00\x00\x00\x00\x00\x00\x00\
\x00\x00\x00\x00\x00\x00\x00\x00\x00\x00\x00\x00\x00\x00\x00\x00\
\x00\x00\x00\x00\x00\x00\x00\x00\x00\x00\x00\x00\x00\x00\x00\x00\
\x00\x00\x00\x00\x00\x00\x00\x00\x00\x00\x00\x00\x00\x00\x00\x00\
\x00\x00\x00\x00\x00\x00\x00\x00\x00\x00\x00\x00\x00\x00\x00\x00\
\x00\x00\x00\x00\x00\x00\x00\x00\x00\x00\x00\x00\x00\x00\x00\x00\
\x00\x00\x00\x00\x00\x00\x00\x00\x00\x00\x00\x00\x00\x00\x00\x00\
\x00\x00\x00\x00\x00\x00\x00\x00\x00\x00\x00\x00\x00\x00\x00\x00\
\x00\x00\x00\x00\x00\x00\x00\x00\x00\x00\x00\x00\x00\x00\x00\x00\
\x00\x00\x00\x00\x00\x00\x00\x00\x00\x00\x00\x00\x00\x00\x00\x00\
\x00\x00\x00\x00\x00\x00\x00\x00\x00\x00\x00\x00\x00\x00\x00\x00\
\x00\x00\x00\x00\x00\x00\x00\x00\x00\x00\x00\x00\x00\x00\x00\x00\
\x00\x00\x00\x00\x00\x00\x00\x00\x00\x00\x00\x00\x002\x06\x15\
\x002\x06\x15\x012\x06\x15\x032\x06\x15\x072\x06\x15\
\x0b2\x06\x15\x112\x06\x15\x19(\x00\x0e \x80RJ\
F\xca\x99|\xe6\xca\x97{\xff\xc6\x92w\xff\xc3\x8cs\
\xff\xbf\x86p\xff\xbb\x81l\xff\xb7{i\xff\xb4wf\
\xff\xabm_\xe1Z'-T'\x00\x0f<\x7fBB\
\x82\xa0ZT\xf9\x9dUQ\xff\x99ON\xff\x95IK\
\xff\x91DG\xff\x8e>D\xff\x8a8A\xff\x80/;\
\xb7@\x0d\x1c/0\x05\x14!2\x06\x15\x1b2\x06\x15\
\x172\x06\x15\x162\x06\x15\x17/\x03\x12\x18(\x00\x0d\
\x1b)\x00\x0e\x1f*\x00\x0f#+\x00\x0f&+\x00\x10\
(,\x00\x10(+\x00\x10(/\x03\x12'2\x06\x15\
%2\x06\x15#2\x06\x15!2\x06\x15 2\x06\x15\
\x1f2\x06\x15 2\x06\x15\x222\x06\x15%.\x01\x11\
',\x00\x11)-\x01\x11*-\x01\x11*-\x01\x11\
(,\x00\x11%,\x00\x10!+\x00\x10\x1c0\x04\x14\
\x172\x06\x15\x122\x06\x15\x0d2\x06\x15\x082\x06\x15\
\x052\x06\x15\x032\x06\x15\x012\x06\x15\x00\x00\x00\x00\
\x00\x00\x00\x00\x00\x00\x00\x00\x00\x00\x00\x00\x00\x00\x00\x00\
\x00\x00\x00\x00\x00\x00\x00\x00\x00\x00\x00\x00\x00\x00\x00\x00\
\x00\x00\x00\x00\x00\x00\x00\x00\x00\x00\x00\x00\x00\x00\x00\x00\
\x00\x00\x00\x00\x00\x00\x00\x00\x00\x00\x00\x00\x00\x00\x00\x00\
\x00\x00\x00\x00\x00\x00\x00\x00\x00\x00\x00\x00\x00\x00\x00\x00\
\x00\x00\x00\x00\x00\x00\x00\x00\x00\x00\x00\x00\x00\x00\x00\x00\
\x00\x00\x00\x00\x00\x00\x00\x00\x00\x00\x00\x00\x00\x00\x00\x00\
\x00\x00\x00\x00\x00\x00\x00\x00\x00\x00\x00\x00\x00\x00\x00\x00\
\x00\x00\x00\x00\x00\x00\x00\x00\x00\x00\x00\x00\x00\x00\x00\x00\
\x00\x00\x00\x00\x00\x00\x00\x00\x00\x00\x00\x00\x00\x00\x00\x00\
\x00\x00\x00\x00\x00\x00\x00\x00\x00\x00\x00\x00\x00\x00\x00\x00\
\x00\x00\x00\x00\x00\x00\x00\x00\x00\x00\x00\x00\x00\x00\x00\x00\
\x00\x00\x00\x00\x00\x00\x00\x00\x00\x00\x00\x00\x00\x00\x00\x00\
\x00\x00\x00\x00\x00\x00\x00\x00\x00\x00\x00\x00\x00\x00\x00\x00\
\x00\x00\x00\x00\x00\x00\x00\x00\x00\x00\x00\x00\x002\x06\x15\
\x002\x06\x15\x012\x06\x15\x032\x06\x15\x062\x06\x15\
\x0a2\x06\x15\x102\x06\x15\x17,\x00\x11\x1e^13\
3\xc6\x95y\xc6\xcc\x9a|\xff\xc8\x94x\xff\xc4\x8eu\
\xff\xc0\x88q\xff\xbc\x83n\xff\xb9}j\xff\xb5xg\
\xff\xb0qb\xf3yB@p#\x00\x0c;\x88JG\
\x93\xa2\x5cV\xfe\x9eWR\xff\x9bQO\xff\x97KL\
\xff\x93FI\xff\x8f@F\xff\x8b:B\xff\x822=\
\xc2G\x11\x1f3/\x05\x14 2\x06\x15\x1b2\x06\x15\
\x162\x06\x15\x142\x06\x15\x142\x06\x15\x152\x06\x15\
\x192\x06\x15\x1d2\x06\x15!2\x06\x15%2\x06\x15\
'2\x06\x15)2\x06\x15)2\x06\x15)2\x06\x15\
'1\x05\x14%0\x03\x13$0\x04\x13#2\x06\x15\
#2\x06\x15$2\x06\x15%2\x06\x15&2\x06\x15\
(2\x06\x15)2\x06\x15*2\x06\x15)2\x06\x15\
'2\x06\x15#2\x06\x15\x1e2\x06\x15\x192\x06\x15\
\x142\x06\x15\x0f2\x06\x15\x0a2\x06\x15\x072\x06\x15\
\x042\x06\x15\x022\x06\x15\x012\x06\x15\x00\x00\x00\x00\
\x00\x00\x00\x00\x00\x00\x00\x00\x00\x00\x00\x00\x00\x00\x00\x00\
\x00\x00\x00\x00\x00\x00\x00\x00\x00\x00\x00\x00\x00\x00\x00\x00\
\x00\x00\x00\x00\x00\x00\x00\x00\x00\x00\x00\x00\x00\x00\x00\x00\
\x00\x00\x00\x00\x00\x00\x00\x00\x00\x00\x00\x00\x00\x00\x00\x00\
\x00\x00\x00\x00\x00\x00\x00\x00\x00\x00\x00\x00\x00\x00\x00\x00\
\x00\x00\x00\x00\x00\x00\x00\x00\x00\x00\x00\x00\x00\x00\x00\x00\
\x00\x00\x00\x00\x00\x00\x00\x00\x00\x00\x00\x00\x00\x00\x00\x00\
\x00\x00\x00\x00\x00\x00\x00\x00\x00\x00\x00\x00\x00\x00\x00\x00\
\x00\x00\x00\x00\x00\x00\x00\x00\x00\x00\x00\x00\x00\x00\x00\x00\
\x00\x00\x00\x00\x00\x00\x00\x00\x00\x00\x00\x00\x00\x00\x00\x00\
\x00\x00\x00\x00\x00\x00\x00\x00\x00\x00\x00\x00\x00\x00\x00\x00\
\x00\x00\x00\x00\x00\x00\x00\x00\x00\x00\x00\x00\x00\x00\x00\x00\
\x00\x00\x00\x00\x00\x00\x00\x00\x00\x00\x00\x00\x00\x00\x00\x00\
\x00\x00\x00\x00\x00\x00\x00\x00\x00\x00\x00\x00\x00\x00\x00\x00\
\x00\x00\x00\x00\x00\x00\x00\x00\x00\x00\x00\x00\x00\x00\x00\x00\
\x002\x06\x15\x012\x06\x15\x022\x06\x15\x052\x06\x15\
\x092\x06\x15\x0e2\x06\x15\x150\x04\x14\x1d5\x09\x17\
&\xbd\x8dt\xa1\xcd\x9c~\xff\xc9\x96z\xff\xc5\x90v\
\xff\xc2\x8ar\xff\xbe\x85o\xff\xba\x80k\xff\xb7zh\
\xff\xb3te\xff\x92WP\x97)\x00\x0f>\x91RM\
\xa7\xa4_X\xff\xa0YT\xff\x9cSQ\xff\x98MM\
\xff\x94GJ\xff\x90BG\xff\x8d<D\xff\x855>\
\xcdL\x14\x227/\x04\x13 2\x06\x15\x1a2\x06\x15\
\x152\x06\x15\x132\x06\x15\x122\x06\x15\x142\x06\x15\
\x172\x06\x15\x1b2\x06\x15 2\x06\x15$2\x06\x15\
'/\x03\x13))\x00\x0e)\x22\x00\x08(\x1e\x00\x05\
'2\x0b\x15*@\x15 ,<\x12\x1d* \x03\x07\
%!\x00\x07%)\x00\x0e(0\x04\x13*2\x06\x15\
+1\x05\x14+*\x01\x0f)'\x00\x0d')\x01\x0e\
$1\x05\x14\x222\x06\x15\x1d2\x06\x15\x172\x06\x15\
\x112\x06\x15\x0d2\x06\x15\x082\x06\x15\x052\x06\x15\
\x032\x06\x15\x012\x06\x15\x012\x06\x15\x00\x00\x00\x00\
\x00\x00\x00\x00\x00\x00\x00\x00\x00\x00\x00\x00\x00\x00\x00\x00\
\x00\x00\x00\x00\x00\x00\x00\x00\x00\x00\x00\x00\x00\x00\x00\x00\
\x00\x00\x00\x00\x00\x00\x00\x00\x00\x00\x00\x00\x00\x00\x00\x00\
\x00\x00\x00\x00\x00\x00\x00\x00\x00\x00\x00\x00\x00\x00\x00\x00\
\x00\x00\x00\x00\x00\x00\x00\x00\x00\x00\x00\x00\x00\x00\x00\x00\
\x00\x00\x00\x00\x00\x00\x00\x00\x00\x00\x00\x00\x00\x00\x00\x00\
\x00\x00\x00\x00\x00\x00\x00\x00\x00\x00\x00\x00\x00\x00\x00\x00\
\x00\x00\x00\x00\x00\x00\x00\x00\x00\x00\x00\x00\x00\x00\x00\x00\
\x00\x00\x00\x00\x00\x00\x00\x00\x00\x00\x00\x00\x00\x00\x00\x00\
\x00\x00\x00\x00\x00\x00\x00\x00\x00\x00\x00\x00\x00\x00\x00\x00\
\x00\x00\x00\x00\x00\x00\x00\x00\x00\x00\x00\x00\x00\x00\x00\x00\
\x00\x00\x00\x00\x00\x00\x00\x00\x00\x00\x00\x00\x00\x00\x00\x00\
\x00\x00\x00\x00\x00\x00\x00\x00\x00\x00\x00\x00\x00\x00\x00\x00\
\x00\x00\x00\x00\x00\x00\x00\x00\x00\x00\x00\x00\x00\x00\x00\x00\
\x00\x00\x00\x00\x00\x00\x00\x00\x00\x00\x00\x00\x00\x00\x00\x00\
\x002\x06\x15\x002\x06\x15\x022\x06\x15\x042\x06\x15\
\x082\x06\x15\x0d2\x06\x15\x142\x06\x15\x1b\x1f\x00\x08\
!\xaf\x80j|\xce\x9d\x7f\xfb\xcb\x98{\xff\xc7\x92w\
\xff\xc3\x8cs\xff\xbf\x87p\xff\xbb\x81m\xff\xb8|i\
\xff\xb5wf\xff\xa4g[\xc3M\x1c%N\x9aZS\
\xbd\xa6aY\xff\xa2[U\xff\x9dUR\xff\x99PN\
\xff\x96IK\xff\x92DH\xff\x8e?E\xff\x877@\
\xd6Q\x17$:.\x04\x13 2\x06\x15\x1a2\x06\x15\
\x152\x06\x15\x132\x06\x15\x122\x06\x15\x142\x06\x15\
\x172\x06\x15\x1c2\x06\x15!/\x03\x12%$\x00\x0a\
'J\x22)2\x8af]L\xb4\x94\x80r\xc5\xa5\x8d\
\x8f\xcc\xab\x92\xa3\xcd\xac\x93\xab\xcb\xa8\x91\xa8\xc2\x9e\x88\
\x94\xb1\x8azv\x82YUL@\x16 2(\x00\x0d\
-9\x0e\x1b1\x81WSN\x91f_W\x89\x5cX\
JC\x16\x22%0\x04\x14\x1c2\x06\x15\x162\x06\x15\
\x102\x06\x15\x0b2\x06\x15\x072\x06\x15\x042\x06\x15\
\x022\x06\x15\x012\x06\x15\x00\x00\x00\x00\x00\x00\x00\x00\
\x00\x00\x00\x00\x00\x00\x00\x00\x00\x00\x00\x00\x00\x00\x00\x00\
\x00\x00\x00\x00\x00\x00\x00\x00\x00\x00\x00\x00\x00\x00\x00\x00\
\x00\x00\x00\x00\x00\x00\x00\x00\x00\x00\x00\x00\x00\x00\x00\x00\
\x00\x00\x00\x00\x00\x00\x00\x00\x00\x00\x00\x00\x00\x00\x00\x00\
\x00\x00\x00\x00\x00\x00\x00\x00\x00\x00\x00\x00\x00\x00\x00\x00\
\x00\x00\x00\x00\x00\x00\x00\x00\x00\x00\x00\x00\x00\x00\x00\x00\
\x00\x00\x00\x00\x00\x00\x00\x00\x00\x00\x00\x00\x00\x00\x00\x00\
\x00\x00\x00\x00\x00\x00\x00\x00\x00\x00\x00\x00\x00\x00\x00\x00\
\x00\x00\x00\x00\x00\x00\x00\x00\x00\x00\x00\x00\x00\x00\x00\x00\
\x00\x00\x00\x00\x00\x00\x00\x00\x00\x00\x00\x00\x00\x00\x00\x00\
\x00\x00\x00\x00\x00\x00\x00\x00\x00\x00\x00\x00\x00\x00\x00\x00\
\x00\x00\x00\x00\x00\x00\x00\x00\x00\x00\x00\x00\x00\x00\x00\x00\
\x00\x00\x00\x00\x00\x00\x00\x00\x00\x00\x00\x00\x00\x00\x00\x00\
\x00\x00\x00\x00\x00\x00\x00\x00\x00\x00\x00\x00\x00\x00\x00\x00\
\x00\x00\x00\x00\x00\x00\x00\x00\x00\x00\x00\x00\x00\x00\x00\x00\
\x002\x06\x15\x002\x06\x15\x012\x06\x15\x042\x06\x15\
\x072\x06\x15\x0c2\x06\x15\x122\x06\x15\x1a%\x00\x0c\
 \x94gYV\xcd\x9d\x7f\xef\xcc\x9a}\xff\xc8\x94y\
\xff\xc4\x8eu\xff\xc1\x89r\xff\xbd\x83n\xff\xb9~k\
\xff\xb6yg\xff\xafqb\xef\x8cQL\x8e\xa4bY\
\xdb\xa7cZ\xff\xa3]V\xff\x9fWS\xff\x9bQO\
\xff\x97LL\xff\x93FI\xff\x8fAF\xff\x89:B\
\xddT\x1a'=.\x03\x13 2\x06\x15\x1b2\x06\x15\
\x162\x06\x15\x132\x06\x15\x132\x06\x15\x152\x06\x15\
\x192\x06\x15\x1e(\x00\x0c\x22I&(-\xaf\x90|\
c\xd8\xbd\x9d\xb2\xe3\xc8\xa6\xe5\xe4\xc8\xa7\xf8\xe4\xc6\xa6\
\xfe\xe2\xc3\xa4\xff\xe0\xc0\xa2\xff\xde\xbd\xa0\xff\xdc\xb9\x9d\
\xff\xd8\xb4\x9a\xf9\xd2\xad\x95\xe4\xc1\x9a\x87\xaa\x8cc\x5c\
[\x82WTT\xc8\x9e\x8a\xd8\xcb\xa0\x8c\xf2\xc3\x97\x85\
\xc5i=@2+\x00\x0f\x1b2\x06\x15\x152\x06\x15\
\x0f2\x06\x15\x0a2\x06\x15\x062\x06\x15\x032\x06\x15\
\x012\x06\x15\x012\x06\x15\x00\x00\x00\x00\x00\x00\x00\x00\
\x00\x00\x00\x00\x00\x00\x00\x00\x00\x00\x00\x00\x00\x00\x00\x00\
\x00\x00\x00\x00\x00\x00\x00\x00\x00\x00\x00\x00\x00\x00\x00\x00\
\x00\x00\x00\x00\x00\x00\x00\x00\x00\x00\x00\x00\x00\x00\x00\x00\
\x00\x00\x00\x00\x00\x00\x00\x00\x00\x00\x00\x00\x00\x00\x00\x00\
\x00\x00\x00\x00\x00\x00\x00\x00\x00\x00\x00\x00\x00\x00\x00\x00\
\x00\x00\x00\x00\x00\x00\x00\x00\x00\x00\x00\x00\x00\x00\x00\x00\
\x00\x00\x00\x00\x00\x00\x00\x00\x00\x00\x00\x00\x00\x00\x00\x00\
\x00\x00\x00\x00\x00\x00\x00\x00\x00\x00\x00\x00\x00\x00\x00\x00\
\x00\x00\x00\x00\x00\x00\x00\x00\x00\x00\x00\x00\x00\x00\x00\x00\
\x00\x00\x00\x00\x00\x00\x00\x00\x00\x00\x00\x00\x00\x00\x00\x00\
\x00\x00\x00\x00\x00\x00\x00\x00\x00\x00\x00\x00\x00\x00\x00\x00\
\x00\x00\x00\x00\x00\x00\x00\x00\x00\x00\x00\x00\x00\x00\x00\x00\
\x00\x00\x00\x00\x00\x00\x00\x00\x00\x00\x00\x00\x00\x00\x00\x00\
\x00\x00\x00\x00\x00\x00\x00\x00\x00\x00\x00\x00\x00\x00\x00\x00\
\x00\x00\x00\x00\x00\x00\x00\x00\x00\x00\x00\x00\x00\x00\x00\x00\
\x002\x06\x15\x002\x06\x15\x012\x06\x15\x032\x06\x15\
\x062\x06\x15\x0b2\x06\x15\x112\x06\x15\x18*\x00\x10\
\x1foB?;\xcb\x9b}\xd8\xce\x9d~\xff\xc9\x96z\
\xff\xc6\x91w\xff\xc2\x8bs\xff\xbe\x85o\xff\xbb\x80l\
\xff\xb7{i\xff\xb3ue\xff\xaena\xf6\xabj^\
\xfc\xa8d[\xff\xa4_X\xff\xa0ZT\xff\x9cTQ\
\xff\x99NM\xff\x95HJ\xff\x91CG\xff\x8b<C\
\xe4W\x1c(?-\x03\x12!2\x06\x15\x1c2\x06\x15\
\x172\x06\x15\x152\x06\x15\x152\x06\x15\x182\x06\x15\
\x1c'\x00\x0c }YR;\xd7\xbd\x9d\xa0\xea\xd0\xac\
\xf0\xea\xd0\xac\xff\xe8\xcd\xaa\xff\xe6\xca\xa8\xff\xe4\xc7\xa6\
\xff\xdf\xc0\xa2\xf1\xd8\xb7\x9b\xd9\xd6\xb4\x99\xd9\xd9\xb6\x9b\
\xf2\xda\xb5\x9b\xff\xd7\xb2\x99\xff\xd6\xaf\x97\xff\xce\xa6\x91\
\xe5\xc7\x9e\x8b\xce\xce\xa5\x8f\xfc\xcd\xa2\x8e\xff\xc6\x99\x88\
\xd3l?A4*\x00\x0f\x1b2\x06\x15\x152\x06\x15\
\x0e2\x06\x15\x092\x06\x15\x052\x06\x15\x022\x06\x15\
\x012\x06\x15\x00\x00\x00\x00\x00\x00\x00\x00\x00\x00\x00\x00\
\x00\x00\x00\x00\x00\x00\x00\x00\x00\x00\x00\x00\x00\x00\x00\x00\
\x00\x00\x00\x00\x00\x00\x00\x00\x00\x00\x00\x00\x00\x00\x00\x00\
\x00\x00\x00\x00\x00\x00\x00\x00\x00\x00\x00\x00\x00\x00\x00\x00\
\x00\x00\x00\x00\x00\x00\x00\x00\x00\x00\x00\x00\x00\x00\x00\x00\
\x00\x00\x00\x00\x00\x00\x00\x00\x00\x00\x00\x00\x00\x00\x00\x00\
\x00\x00\x00\x00\x00\x00\x00\x00\x00\x00\x00\x00\x00\x00\x00\x00\
\x00\x00\x00\x00\x00\x00\x00\x00\x00\x00\x00\x00\x00\x00\x00\x00\
\x00\x00\x00\x00\x00\x00\x00\x00\x00\x00\x00\x00\x00\x00\x00\x00\
\x00\x00\x00\x00\x00\x00\x00\x00\x00\x00\x00\x00\x00\x00\x00\x00\
\x00\x00\x00\x00\x00\x00\x00\x00\x00\x00\x00\x00\x00\x00\x00\x00\
\x00\x00\x00\x00\x00\x00\x00\x00\x00\x00\x00\x00\x00\x00\x00\x00\
\x00\x00\x00\x00\x00\x00\x00\x00\x00\x00\x00\x00\x00\x00\x00\x00\
\x00\x00\x00\x00\x00\x00\x00\x00\x00\x00\x00\x00\x00\x00\x00\x00\
\x00\x00\x00\x00\x00\x00\x00\x00\x00\x00\x00\x00\x00\x00\x00\x00\
\x00\x00\x00\x00\x00\x00\x00\x00\x00\x00\x00\x00\x00\x00\x00\x00\
\x002\x06\x15\x002\x06\x15\x012\x06\x15\x022\x06\x15\
\x052\x06\x15\x0a2\x06\x15\x0f2\x06\x15\x16.\x02\x12\
\x1eL\x1f'-\xc4\x95y\xb4\xcf\x9f\x80\xff\xcb\x98|\
\xff\xc7\x93x\xff\xc3\x8dt\xff\xbf\x87q\xff\xbc\x82m\
\xff\xb8|j\xff\xb5wf\xff\xb1rc\xff\xadl`\
\xff\xaaf\x5c\xff\xa6aY\xff\xa2\x5cU\xff\x9eVR\
\xff\x9aPO\xff\x96JK\xff\x92EH\xff\x8d>D\
\xe8[\x1e*C-\x03\x12\x222\x06\x15\x1d2\x06\x15\
\x192\x06\x15\x182\x06\x15\x192\x06\x15\x1c%\x00\x0a\
\x1f\x8bk^?\xe3\xca\xa6\xbc\xee\xd6\xb0\xfe\xed\xd4\xaf\
\xff\xea\xd0\xac\xff\xe8\xcd\xaa\xff\xe6\xca\xa8\xff\xda\xbc\x9e\
\xd2\xa4\x81rlg?@Ef=?E\xa4~q\
r\xd4\xaf\x97\xe2\xd8\xb2\x99\xff\xd5\xaf\x97\xff\xd3\xac\x95\
\xff\xd1\xa9\x93\xff\xcf\xa5\x90\xff\xcd\xa2\x8e\xff\xc5\x99\x88\
\xd3j>@5*\x00\x0f\x1c2\x06\x15\x152\x06\x15\
\x0f2\x06\x15\x092\x06\x15\x052\x06\x15\x022\x06\x15\
\x01\x00\x00\x00\x00\x00\x00\x00\x00\x00\x00\x00\x00\x00\x00\x00\
\x00\x00\x00\x00\x00\x00\x00\x00\x00\x00\x00\x00\x00\x00\x00\x00\
\x00\x00\x00\x00\x00\x00\x00\x00\x00\x00\x00\x00\x00\x00\x00\x00\
\x00\x00\x00\x00\x00\x00\x00\x00\x00\x00\x00\x00\x00\x00\x00\x00\
\x00\x00\x00\x00\x00\x00\x00\x00\x00\x00\x00\x00\x00\x00\x00\x00\
\x00\x00\x00\x00\x00\x00\x00\x00\x00\x00\x00\x00\x00\x00\x00\x00\
\x00\x00\x00\x00\x00\x00\x00\x00\x00\x00\x00\x00\x00\x00\x00\x00\
\x00\x00\x00\x00\x00\x00\x00\x00\x00\x00\x00\x00\x00\x00\x00\x00\
\x00\x00\x00\x00\x00\x00\x00\x00\x00\x00\x00\x00\x00\x00\x00\x00\
\x00\x00\x00\x00\x00\x00\x00\x00\x00\x00\x00\x00\x00\x00\x00\x00\
\x00\x00\x00\x00\x00\x00\x00\x00\x00\x00\x00\x00\x00\x00\x00\x00\
\x00\x00\x00\x00\x00\x00\x00\x00\x00\x00\x00\x00\x00\x00\x00\x00\
\x00\x00\x00\x00\x00\x00\x00\x00\x00\x00\x00\x00\x00\x00\x00\x00\
\x00\x00\x00\x00\x00\x00\x00\x00\x00\x00\x00\x00\x00\x00\x00\x00\
\x00\x00\x00\x00\x00\x00\x00\x00\x00\x00\x00\x00\x00\x00\x00\x00\
\x00\x00\x00\x00\x00\x00\x00\x00\x00\x00\x00\x00\x00\x00\x00\x00\
\x00\x00\x00\x00\x002\x06\x15\x002\x06\x15\x022\x06\x15\
\x052\x06\x15\x092\x06\x15\x0e2\x06\x15\x152\x06\x15\
\x1d#\x00\x0b#\xb9\x8ar\x8f\xd0\xa0\x81\xff\xcc\x9b}\
\xff\xc9\x95y\xff\xc5\x8fv\xff\xc1\x8ar\xff\xbd\x84n\
\xff\xba~k\xff\xb6yh\xff\xb2td\xff\xafna\
\xff\xabi^\xff\xa7cZ\xff\xa3^V\xff\x9fXS\
\xff\x9bRP\xff\x97LM\xff\x93GI\xff\x8e@E\
\xea^!,H-\x03\x12#2\x06\x15\x1f2\x06\x15\
\x1c2\x06\x15\x1b2\x06\x15\x1d+\x00\x10 e@?\
0\xe0\xc9\xa5\xae\xf1\xd9\xb2\xfe\xef\xd7\xb0\xff\xed\xd4\xae\
\xff\xea\xd0\xad\xff\xe9\xcd\xab\xff\xe3\xc6\xa5\xed\x9e{m\
e\x22\x00\x080,\x00\x101,\x00\x102'\x00\x0c\
2\xbc\x96\x83\x9a\xd8\xb2\x99\xff\xd6\xaf\x97\xff\xd3\xac\x94\
\xff\xd1\xa9\x93\xff\xd0\xa6\x90\xff\xce\xa2\x8e\xff\xc5\x99\x88\
\xd3i=?7+\x00\x0f\x1d2\x06\x15\x162\x06\x15\
\x0f2\x06\x15\x0a2\x06\x15\x052\x06\x15\x022\x06\x15\
\x01\x00\x00\x00\x00\x00\x00\x00\x00\x00\x00\x00\x00\x00\x00\x00\
\x00\x00\x00\x00\x00\x00\x00\x00\x00\x00\x00\x00\x00\x00\x00\x00\
\x00\x00\x00\x00\x00\x00\x00\x00\x00\x00\x00\x00\x00\x00\x00\x00\
\x00\x00\x00\x00\x00\x00\x00\x00\x00\x00\x00\x00\x00\x00\x00\x00\
\x00\x00\x00\x00\x00\x00\x00\x00\x00\x00\x00\x00\x00\x00\x00\x00\
\x00\x00\x00\x00\x00\x00\x00\x00\x00\x00\x00\x00\x00\x00\x00\x00\
\x00\x00\x00\x00\x00\x00\x00\x00\x00\x00\x00\x00\x00\x00\x00\x00\
\x00\x00\x00\x00\x00\x00\x00\x00\x00\x00\x00\x00\x00\x00\x00\x00\
\x00\x00\x00\x00\x00\x00\x00\x00\x00\x00\x00\x00\x00\x00\x00\x00\
\x00\x00\x00\x00\x00\x00\x00\x00\x00\x00\x00\x00\x00\x00\x00\x00\
\x00\x00\x00\x00\x00\x00\x00\x00\x00\x00\x00\x00\x00\x00\x00\x00\
\x00\x00\x00\x00\x00\x00\x00\x00\x00\x00\x00\x00\x00\x00\x00\x00\
\x00\x00\x00\x00\x00\x00\x00\x00\x00\x00\x00\x00\x00\x00\x00\x00\
\x00\x00\x00\x00\x00\x00\x00\x00\x00\x00\x00\x00\x00\x00\x00\x00\
\x00\x00\x00\x00\x00\x00\x00\x00\x00\x00\x00\x00\x00\x00\x00\x00\
\x00\x00\x00\x00\x00\x00\x00\x00\x00\x00\x00\x00\x00\x00\x00\x00\
\x00\x00\x00\x00\x002\x06\x15\x002\x06\x15\x022\x06\x15\
\x042\x06\x15\x082\x06\x15\x0d2\x06\x15\x142\x06\x15\
\x1c\x22\x00\x0a!\xa6xej\xd0\xa0\x81\xf5\xce\x9d~\
\xff\xca\x97z\xff\xc6\x91w\xff\xc2\x8cs\xff\xbe\x86p\
\xff\xbb\x81l\xff\xb7{i\xff\xb4ve\xff\xb0pb\
\xff\xack_\xff\xa8e[\xff\xa5`X\xff\xa1ZT\
\xff\x9dTQ\xff\x99NN\xff\x95IJ\xff\x8fBF\
\xebb$.L,\x02\x12%2\x06\x15!2\x06\x15\
\x1f2\x06\x15\x1f1\x05\x14!+\x00\x0f$\xcd\xb3\x94\
}\xf1\xdb\xb2\xf8\xf1\xda\xb2\xff\xef\xd7\xb0\xff\xec\xd3\xae\
\xff\xea\xd0\xad\xff\xe9\xce\xab\xff\xd6\xb8\x9b\xbbK!)\
;/\x03\x1212\x06\x1512\x06\x152%\x00\x0b\
1\xa6\x7frw\xd6\xb1\x98\xf8\xd6\xaf\x97\xff\xd3\xac\x94\
\xff\xd1\xa9\x93\xff\xd0\xa5\x90\xff\xce\xa3\x8f\xff\xc5\x99\x87\
\xd4h<>8+\x00\x0f\x1e2\x06\x15\x172\x06\x15\
\x102\x06\x15\x0a2\x06\x15\x052\x06\x15\x032\x06\x15\
\x01\x00\x00\x00\x00\x00\x00\x00\x00\x00\x00\x00\x00\x00\x00\x00\
\x00\x00\x00\x00\x00\x00\x00\x00\x00\x00\x00\x00\x00\x00\x00\x00\
\x00\x00\x00\x00\x00\x00\x00\x00\x00\x00\x00\x00\x00\x00\x00\x00\
\x00\x00\x00\x00\x00\x00\x00\x00\x00\x00\x00\x00\x00\x00\x00\x00\
\x00\x00\x00\x00\x00\x00\x00\x00\x00\x00\x00\x00\x00\x00\x00\x00\
\x00\x00\x00\x00\x00\x00\x00\x00\x00\x00\x00\x00\x00\x00\x00\x00\
\x00\x00\x00\x00\x00\x00\x00\x00\x00\x00\x00\x00\x00\x00\x00\x00\
\x00\x00\x00\x00\x00\x00\x00\x00\x00\x00\x00\x00\x00\x00\x00\x00\
\x00\x00\x00\x00\x00\x00\x00\x00\x00\x00\x00\x00\x00\x00\x00\x00\
\x00\x00\x00\x00\x00\x00\x00\x00\x00\x00\x00\x00\x00\x00\x00\x00\
\x00\x00\x00\x00\x00\x00\x00\x00\x00\x00\x00\x00\x00\x00\x00\x00\
\x00\x00\x00\x00\x00\x00\x00\x00\x00\x00\x00\x00\x00\x00\x00\x00\
\x00\x00\x00\x00\x00\x00\x00\x00\x00\x00\x00\x00\x00\x00\x00\x00\
\x00\x00\x00\x00\x00\x00\x00\x00\x00\x00\x00\x00\x00\x00\x00\x00\
\x00\x00\x00\x00\x00\x00\x00\x00\x00\x00\x00\x00\x00\x00\x00\x00\
\x00\x00\x00\x00\x00\x00\x00\x00\x00\x00\x00\x00\x00\x00\x00\x00\
\x00\x00\x00\x00\x002\x06\x15\x002\x06\x15\x022\x06\x15\
\x042\x06\x15\x072\x06\x15\x0d2\x06\x15\x132\x06\x15\
\x1b(\x00\x0e\x22\x82ULI\xcf\xa0\x81\xe7\xcf\x9f\x80\
\xff\xcb\x99|\xff\xc7\x93x\xff\xc4\x8eu\xff\xc0\x88q\
\xff\xbc\x82m\xff\xb9}j\xff\xb5xf\xff\xb1rc\
\xff\xaem`\xff\xaag\x5c\xff\xa6aY\xff\xa2\x5cV\
\xff\x9eVR\xff\x9aQO\xff\x97KL\xff\x91DH\
\xecb%.N,\x02\x12'2\x06\x15$2\x06\x15\
\x222\x06\x15#)\x00\x0e$\x82`W?\xec\xd6\xae\
\xd5\xf2\xdd\xb3\xff\xf0\xda\xb2\xff\xef\xd7\xb0\xff\xed\xd4\xae\
\xff\xeb\xd1\xad\xff\xe9\xce\xab\xff\xc5\xa6\x8d\x94#\x00\x08\
02\x06\x1502\x06\x1502\x06\x150&\x00\x0c\
0\xa3}ps\xd6\xb1\x98\xf6\xd6\xb0\x97\xff\xd4\xac\x95\
\xff\xd2\xa9\x92\xff\xcf\xa5\x91\xff\xce\xa3\x8f\xff\xc5\x9a\x87\
\xd4g;>9+\x00\x10\x1f2\x06\x15\x172\x06\x15\
\x102\x06\x15\x0a2\x06\x15\x062\x06\x15\x032\x06\x15\
\x01\x00\x00\x00\x00\x00\x00\x00\x00\x00\x00\x00\x00\x00\x00\x00\
\x00\x00\x00\x00\x00\x00\x00\x00\x00\x00\x00\x00\x00\x00\x00\x00\
\x00\x00\x00\x00\x00\x00\x00\x00\x00\x00\x00\x00\x00\x00\x00\x00\
\x00\x00\x00\x00\x00\x00\x00\x00\x00\x00\x00\x00\x00\x00\x00\x00\
\x00\x00\x00\x00\x00\x00\x00\x00\x00\x00\x00\x00\x00\x00\x00\x00\
\x00\x00\x00\x00\x00\x00\x00\x00\x00\x00\x00\x00\x00\x00\x00\x00\
\x00\x00\x00\x00\x00\x00\x00\x00\x00\x00\x00\x00\x00\x00\x00\x00\
\x00\x00\x00\x00\x00\x00\x00\x00\x00\x00\x00\x00\x00\x00\x00\x00\
\x00\x00\x00\x00\x00\x00\x00\x00\x00\x00\x00\x00\x00\x00\x00\x00\
\x00\x00\x00\x00\x00\x00\x00\x00\x00\x00\x00\x00\x00\x00\x00\x00\
\x00\x00\x00\x00\x00\x00\x00\x00\x00\x00\x00\x00\x00\x00\x00\x00\
\x00\x00\x00\x00\x00\x00\x00\x00\x00\x00\x00\x00\x00\x00\x00\x00\
\x00\x00\x00\x00\x00\x00\x00\x00\x00\x00\x00\x00\x00\x00\x00\x00\
\x00\x00\x00\x00\x00\x00\x00\x00\x00\x00\x00\x00\x00\x00\x00\x00\
\x00\x00\x00\x00\x00\x00\x00\x00\x00\x00\x00\x00\x00\x00\x00\x00\
\x00\x00\x00\x00\x00\x00\x00\x00\x00\x00\x00\x00\x00\x00\x00\x00\
\x00\x00\x00\x00\x002\x06\x15\x002\x06\x15\x022\x06\x15\
\x042\x06\x15\x082\x06\x15\x0d2\x06\x15\x132\x06\x15\
\x1b-\x01\x11#]138\xc9\x9c}\xc9\xd1\xa1\x81\
\xff\xcd\x9b}\xff\xc9\x95z\xff\xc5\x90v\xff\xc1\x8ar\
\xff\xbd\x84o\xff\xba\x7fk\xff\xb6zh\xff\xb2te\
\xff\xafoa\xff\xabi^\xff\xa7cZ\xff\xa3^W\
\xff\xa0XS\xff\x9cSP\xff\x98MM\xff\x92GI\
\xede(0S,\x02\x12)2\x06\x15'2\x06\x15\
&2\x06\x15'!\x00\x07'\xc7\xad\x90y\xf3\xde\xb4\
\xf9\xf3\xdd\xb3\xff\xf1\xda\xb2\xff\xee\xd7\xb0\xff\xed\xd4\xae\
\xff\xeb\xd1\xad\xff\xe7\xcd\xaa\xf9\xb6\x96\x81}#\x00\x09\
/2\x06\x1502\x06\x15/2\x06\x15/&\x00\x0b\
/\xa4}pr\xd6\xb1\x98\xf6\xd6\xb0\x97\xff\xd4\xac\x95\
\xff\xd2\xa9\x92\xff\xd0\xa6\x90\xff\xce\xa3\x8f\xff\xc5\x99\x87\
\xd4g;>9+\x00\x10\x1f2\x06\x15\x172\x06\x15\
\x102\x06\x15\x0a2\x06\x15\x062\x06\x15\x032\x06\x15\
\x01\x00\x00\x00\x00\x00\x00\x00\x00\x00\x00\x00\x00\x00\x00\x00\
\x00\x00\x00\x00\x00\x00\x00\x00\x00\x00\x00\x00\x00\x00\x00\x00\
\x00\x00\x00\x00\x00\x00\x00\x00\x00\x00\x00\x00\x00\x00\x00\x00\
\x00\x00\x00\x00\x00\x00\x00\x00\x00\x00\x00\x00\x00\x00\x00\x00\
\x00\x00\x00\x00\x00\x00\x00\x00\x00\x00\x00\x00\x00\x00\x00\x00\
\x00\x00\x00\x00\x00\x00\x00\x00\x00\x00\x00\x00\x00\x00\x00\x00\
\x00\x00\x00\x00\x00\x00\x00\x00\x00\x00\x00\x00\x00\x00\x00\x00\
\x00\x00\x00\x00\x00\x00\x00\x00\x00\x00\x00\x00\x00\x00\x00\x00\
\x00\x00\x00\x00\x00\x00\x00\x00\x00\x00\x00\x00\x00\x00\x00\x00\
\x00\x00\x00\x00\x00\x00\x00\x00\x00\x00\x00\x00\x00\x00\x00\x00\
\x00\x00\x00\x00\x00\x00\x00\x00\x00\x00\x00\x00\x00\x00\x00\x00\
\x00\x00\x00\x00\x00\x00\x00\x00\x00\x00\x00\x00\x00\x00\x00\x00\
\x00\x00\x00\x00\x00\x00\x00\x00\x00\x00\x00\x00\x00\x00\x00\x00\
\x00\x00\x00\x00\x00\x00\x00\x00\x00\x00\x00\x00\x00\x00\x00\x00\
\x00\x00\x00\x00\x00\x00\x00\x00\x00\x00\x00\x00\x00\x00\x00\x00\
\x00\x00\x00\x00\x00\x00\x00\x00\x00\x00\x00\x00\x00\x00\x00\x00\
\x002\x06\x15\x002\x06\x15\x012\x06\x15\x022\x06\x15\
\x042\x06\x15\x082\x06\x15\x0d2\x06\x15\x142\x06\x15\
\x1c0\x04\x14$5\x0a\x17-\xc0\x92v\xa4\xd2\xa4\x83\
\xff\xce\x9d\x7f\xff\xca\x97{\xff\xc6\x92w\xff\xc3\x8ct\
\xff\xbf\x86p\xff\xbb\x81l\xff\xb8|i\xff\xb4vf\
\xff\xb0qb\xff\xadk_\xff\xa9f\x5c\xff\xa5`X\
\xff\xa1ZT\xff\x9dUQ\xff\x99ON\xff\x94HJ\
\xede(1V-\x02\x12,2\x06\x15+2\x06\x15\
)/\x03\x13*G\x1e&2\xe2\xcc\xa6\xb1\xf5\xe0\xb5\
\xff\xf3\xdd\xb3\xff\xf0\xda\xb2\xff\xef\xd7\xb0\xff\xec\xd4\xaf\
\xff\xeb\xd1\xad\xff\xe6\xcb\xa9\xf3\xa5\x83sj&\x00\x0b\
02\x06\x1502\x06\x15/2\x06\x150&\x00\x0b\
/\xa3}ps\xd6\xb1\x98\xf6\xd6\xb0\x98\xff\xd4\xac\x95\
\xff\xd2\xa9\x93\xff\xd0\xa6\x91\xff\xce\xa3\x8f\xff\xc5\x99\x87\
\xd4g;>9+\x00\x10\x1f2\x06\x15\x172\x06\x15\
\x102\x06\x15\x0a2\x06\x15\x062\x06\x15\x032\x06\x15\
\x01\x00\x00\x00\x00\x00\x00\x00\x00\x00\x00\x00\x00\x00\x00\x00\
\x00\x00\x00\x00\x00\x00\x00\x00\x00\x00\x00\x00\x00\x00\x00\x00\
\x00\x00\x00\x00\x00\x00\x00\x00\x00\x00\x00\x00\x00\x00\x00\x00\
\x00\x00\x00\x00\x00\x00\x00\x00\x00\x00\x00\x00\x00\x00\x00\x00\
\x00\x00\x00\x00\x00\x00\x00\x00\x00\x00\x00\x00\x00\x00\x00\x00\
\x00\x00\x00\x00\x00\x00\x00\x00\x00\x00\x00\x00\x00\x00\x00\x00\
\x00\x00\x00\x00\x00\x00\x00\x00\x00\x00\x00\x00\x00\x00\x00\x00\
\x00\x00\x00\x00\x00\x00\x00\x00\x00\x00\x00\x00\x00\x00\x00\x00\
\x00\x00\x00\x00\x00\x00\x00\x00\x00\x00\x00\x00\x00\x00\x00\x00\
\x00\x00\x00\x00\x00\x00\x00\x00\x00\x00\x00\x00\x00\x00\x00\x00\
\x00\x00\x00\x00\x00\x00\x00\x00\x00\x00\x00\x00\x00\x00\x00\x00\
\x00\x00\x00\x00\x00\x00\x00\x00\x00\x00\x00\x00\x00\x00\x00\x00\
\x00\x00\x00\x00\x00\x00\x00\x00\x00\x00\x00\x00\x00\x00\x00\x00\
\x00\x00\x00\x00\x00\x00\x00\x00\x00\x00\x00\x00\x00\x00\x00\x00\
\x00\x00\x00\x00\x00\x00\x00\x00\x00\x00\x00\x00\x00\x00\x00\x00\
\x00\x00\x00\x00\x00\x00\x00\x00\x00\x00\x00\x00\x00\x00\x00\x00\
\x002\x06\x15\x002\x06\x15\x012\x06\x15\x032\x06\x15\
\x052\x06\x15\x0a2\x06\x15\x0f2\x06\x15\x162\x06\x15\
\x1d2\x06\x15%!\x00\x09*\xb5\x89p\x8c\xd3\xa5\x84\
\xfe\xd0\x9f\x80\xff\xcc\x99|\xff\xc8\x94y\xff\xc4\x8eu\
\xff\xc0\x88q\xff\xbd\x83n\xff\xb9~j\xff\xb5xg\
\xff\xb2sd\xff\xaem`\xff\xaah]\xff\xa6bY\
\xff\xa3]V\xff\x9eWS\xff\x9bQO\xff\x95JK\
\xedd(0W-\x03\x12/2\x06\x15.2\x06\x15\
-+\x00\x10-rNIB\xee\xd9\xaf\xd9\xf5\xe0\xb5\
\xff\xf2\xdd\xb3\xff\xf0\xda\xb2\xff\xee\xd7\xb1\xff\xed\xd5\xaf\
\xff\xeb\xd1\xad\xff\xe5\xcb\xa8\xf0\x97tg_(\x00\x0d\
12\x06\x1502\x06\x1502\x06\x151&\x00\x0c\
1\xa3}ps\xd6\xb1\x98\xf6\xd6\xb0\x98\xff\xd3\xad\x95\
\xff\xd2\xa9\x93\xff\xd0\xa6\x91\xff\xce\xa3\x8f\xff\xc5\x9a\x87\
\xd4g;>9+\x00\x10\x1f2\x06\x15\x172\x06\x15\
\x102\x06\x15\x0a2\x06\x15\x062\x06\x15\x032\x06\x15\
\x01\x00\x00\x00\x00\x00\x00\x00\x00\x00\x00\x00\x00\x00\x00\x00\
\x00\x00\x00\x00\x00\x00\x00\x00\x00\x00\x00\x00\x00\x00\x00\x00\
\x00\x00\x00\x00\x00\x00\x00\x00\x00\x00\x00\x00\x00\x00\x00\x00\
\x00\x00\x00\x00\x00\x00\x00\x00\x00\x00\x00\x00\x00\x00\x00\x00\
\x00\x00\x00\x00\x00\x00\x00\x00\x00\x00\x00\x00\x00\x00\x00\x00\
\x00\x00\x00\x00\x00\x00\x00\x00\x00\x00\x00\x00\x00\x00\x00\x00\
\x00\x00\x00\x00\x00\x00\x00\x00\x00\x00\x00\x00\x00\x00\x00\x00\
\x00\x00\x00\x00\x00\x00\x00\x00\x00\x00\x00\x00\x00\x00\x00\x00\
\x00\x00\x00\x00\x00\x00\x00\x00\x00\x00\x00\x00\x00\x00\x00\x00\
\x00\x00\x00\x00\x00\x00\x00\x00\x00\x00\x00\x00\x00\x00\x00\x00\
\x00\x00\x00\x00\x00\x00\x00\x00\x00\x00\x00\x00\x00\x00\x00\x00\
\x00\x00\x00\x00\x00\x00\x00\x00\x00\x00\x00\x00\x00\x00\x00\x00\
\x00\x00\x00\x00\x00\x00\x00\x00\x00\x00\x00\x00\x00\x00\x00\x00\
\x00\x00\x00\x00\x00\x00\x00\x00\x00\x00\x00\x00\x00\x00\x00\x00\
\x00\x00\x00\x00\x00\x00\x00\x00\x00\x00\x00\x00\x00\x00\x00\x00\
\x00\x00\x00\x00\x00\x00\x00\x00\x00\x00\x00\x00\x002\x06\x15\
\x002\x06\x15\x012\x06\x15\x022\x06\x15\x032\x06\x15\
\x072\x06\x15\x0b2\x06\x15\x112\x06\x15\x182\x06\x15\
 '\x00\x0d&}RJI\xce\xa3\x82\xcd\xd5\xa8\x85\
\xff\xd1\xa2\x81\xff\xcd\x9c~\xff\xc9\x96z\xff\xc5\x90v\
\xff\xc1\x8bs\xff\xbe\x85o\xff\xba\x7fl\xff\xb7zi\
\xff\xb3ue\xff\xafoa\xff\xacj^\xff\xa8d[\
\xff\xa4^W\xff\xa0YT\xff\x9cSQ\xff\x96LL\
\xec^$-S*\x01\x1112\x06\x1522\x06\x15\
1(\x00\x0d1\x95ufW\xf2\xde\xb3\xed\xf5\xe0\xb5\
\xff\xf3\xdd\xb3\xff\xf0\xda\xb2\xff\xee\xd7\xb1\xff\xed\xd5\xae\
\xff\xeb\xd1\xad\xff\xe4\xca\xa7\xec\x83_XU*\x00\x0f\
32\x06\x152/\x03\x131/\x02\x121#\x00\x09\
1\xa2{os\xd6\xb2\x98\xf6\xd6\xb0\x98\xff\xd4\xad\x95\
\xff\xd1\xa9\x93\xff\xcf\xa7\x91\xff\xce\xa3\x8f\xff\xc6\x9a\x87\
\xd4h<>8+\x00\x0f\x1e2\x06\x15\x172\x06\x15\
\x102\x06\x15\x0a2\x06\x15\x052\x06\x15\x032\x06\x15\
\x01\x00\x00\x00\x00\x00\x00\x00\x00\x00\x00\x00\x00\x00\x00\x00\
\x00\x00\x00\x00\x00\x00\x00\x00\x00\x00\x00\x00\x00\x00\x00\x00\
\x00\x00\x00\x00\x00\x00\x00\x00\x00\x00\x00\x00\x00\x00\x00\x00\
\x00\x00\x00\x00\x00\x00\x00\x00\x00\x00\x00\x00\x00\x00\x00\x00\
\x00\x00\x00\x00\x00\x00\x00\x00\x00\x00\x00\x00\x00\x00\x00\x00\
\x00\x00\x00\x00\x00\x00\x00\x00\x00\x00\x00\x00\x00\x00\x00\x00\
\x00\x00\x00\x00\x00\x00\x00\x00\x00\x00\x00\x00\x00\x00\x00\x00\
\x00\x00\x00\x00\x00\x00\x00\x00\x00\x00\x00\x00\x00\x00\x00\x00\
\x00\x00\x00\x00\x00\x00\x00\x00\x00\x00\x00\x00\x00\x00\x00\x00\
\x00\x00\x00\x00\x00\x00\x00\x00\x00\x00\x00\x00\x00\x00\x00\x00\
\x00\x00\x00\x00\x00\x00\x00\x00\x00\x00\x00\x00\x00\x00\x00\x00\
\x00\x00\x00\x00\x00\x00\x00\x00\x00\x00\x00\x00\x00\x00\x00\x00\
\x00\x00\x00\x00\x00\x00\x00\x00\x00\x00\x00\x00\x00\x00\x00\x00\
\x00\x00\x00\x00\x00\x00\x00\x00\x00\x00\x00\x00\x00\x00\x00\x00\
\x00\x00\x00\x00\x00\x00\x00\x00\x00\x00\x00\x00\x00\x00\x00\x00\
\x00\x00\x00\x00\x00\x00\x00\x00\x00\x00\x00\x00\x002\x06\x15\
\x002\x06\x15\x012\x06\x15\x022\x06\x15\x052\x06\x15\
\x082\x06\x15\x0d2\x06\x15\x132\x06\x15\x1b*\x00\x0f\
\x22c;87\xcd\xa4\x83\xb2\xda\xb0\x8b\xfe\xd6\xaa\x87\
\xff\xd2\xa4\x83\xff\xce\x9e\x7f\xff\xcb\x98|\xff\xc7\x92x\
\xff\xc3\x8ct\xff\xbf\x87p\xff\xbc\x81m\xff\xb8|j\
\xff\xb4wf\xff\xb1qc\xff\xadl_\xff\xa9f\x5c\
\xff\xa5`X\xff\xa2[U\xff\x9eUR\xff\x99ON\
\xf6\x82>A\x95T\x1c'L/\x04\x1342\x06\x15\
5&\x00\x0b4\xaf\x93|o\xf4\xe0\xb4\xf4\xf5\xe0\xb5\
\xff\xf2\xdd\xb4\xff\xf1\xdb\xb2\xff\xef\xd8\xb1\xff\xed\xd4\xaf\
\xff\xeb\xd2\xad\xff\xe4\xc9\xa7\xe9rMJM+\x00\x0f\
46\x0a\x185P&-<S)/=J\x1f(\
<\xa8\x81sz\xd6\xb2\x98\xf7\xd6\xb0\x98\xff\xd4\xad\x95\
\xff\xd2\xa9\x93\xff\xd0\xa6\x91\xff\xce\xa4\x8f\xff\xc6\x9a\x88\
\xd3i=?7*\x00\x0f\x1d2\x06\x15\x162\x06\x15\
\x0f2\x06\x15\x0a2\x06\x15\x052\x06\x15\x022\x06\x15\
\x01\x00\x00\x00\x00\x00\x00\x00\x00\x00\x00\x00\x00\x00\x00\x00\
\x00\x00\x00\x00\x00\x00\x00\x00\x00\x00\x00\x00\x00\x00\x00\x00\
\x00\x00\x00\x00\x00\x00\x00\x00\x00\x00\x00\x00\x00\x00\x00\x00\
\x00\x00\x00\x00\x00\x00\x00\x00\x00\x00\x00\x00\x00\x00\x00\x00\
\x00\x00\x00\x00\x00\x00\x00\x00\x00\x00\x00\x00\x00\x00\x00\x00\
\x00\x00\x00\x00\x00\x00\x00\x00\x00\x00\x00\x00\x00\x00\x00\x00\
\x00\x00\x00\x00\x00\x00\x00\x00\x00\x00\x00\x00\x00\x00\x00\x00\
\x00\x00\x00\x00\x00\x00\x00\x00\x00\x00\x00\x00\x00\x00\x00\x00\
\x00\x00\x00\x00\x00\x00\x00\x00\x00\x00\x00\x00\x00\x00\x00\x00\
\x00\x00\x00\x00\x00\x00\x00\x00\x00\x00\x00\x00\x00\x00\x00\x00\
\x00\x00\x00\x00\x00\x00\x00\x00\x00\x00\x00\x00\x00\x00\x00\x00\
\x00\x00\x00\x00\x00\x00\x00\x00\x00\x00\x00\x00\x00\x00\x00\x00\
\x00\x00\x00\x00\x00\x00\x00\x00\x00\x00\x00\x00\x00\x00\x00\x00\
\x00\x00\x00\x00\x00\x00\x00\x00\x00\x00\x00\x00\x00\x00\x00\x00\
\x00\x00\x00\x00\x00\x00\x00\x00\x00\x00\x00\x00\x00\x00\x00\x00\
\x00\x00\x00\x00\x00\x00\x00\x00\x00\x00\x00\x00\x002\x06\x15\
\x002\x06\x15\x012\x06\x15\x032\x06\x15\x062\x06\x15\
\x0a2\x06\x15\x102\x06\x15\x17.\x02\x12\x1eJ\x1f&\
+\xc9\xa2\x81\x96\xdf\xb7\x90\xfa\xdc\xb2\x8c\xff\xd8\xac\x88\
\xff\xd4\xa6\x84\xff\xd0\xa0\x81\xff\xcc\x9a}\xff\xc8\x94y\
\xff\xc5\x8fu\xff\xc1\x89q\xff\xbd\x83n\xff\xba~k\
\xff\xb6yg\xff\xb2sd\xff\xafna\xff\xabh]\
\xff\xa7cZ\xff\xa3]V\xff\x9fWS\xff\x9bRP\
\xff\x97LL\xfb\x8dCF\xd0g(1e/\x04\x13\
7&\x00\x0b7\xb4\x98\x80w\xf4\xe0\xb5\xf6\xf5\xe0\xb5\
\xff\xf2\xdd\xb4\xff\xf1\xdb\xb2\xff\xef\xd8\xb0\xff\xed\xd5\xaf\
\xff\xec\xd2\xad\xff\xe4\xc9\xa7\xearMJO'\x00\x0c\
5c;=E\xcd\xac\x93\xb2\xd1\xaf\x95\xc3\xce\xab\x93\
\xc1\xd1\xad\x95\xd5\xd8\xb3\x99\xfc\xd6\xb0\x98\xff\xd4\xad\x96\
\xff\xd2\xaa\x94\xff\xd0\xa7\x91\xff\xce\xa4\x8f\xff\xc6\x9b\x89\
\xd3j>A6*\x00\x0f\x1c2\x06\x15\x152\x06\x15\
\x0e2\x06\x15\x092\x06\x15\x052\x06\x15\x022\x06\x15\
\x01\x00\x00\x00\x00\x00\x00\x00\x00\x00\x00\x00\x00\x00\x00\x00\
\x00\x00\x00\x00\x00\x00\x00\x00\x00\x00\x00\x00\x00\x00\x00\x00\
\x00\x00\x00\x00\x00\x00\x00\x00\x00\x00\x00\x00\x00\x00\x00\x00\
\x00\x00\x00\x00\x00\x00\x00\x00\x00\x00\x00\x00\x00\x00\x00\x00\
\x00\x00\x00\x00\x00\x00\x00\x00\x00\x00\x00\x00\x00\x00\x00\x00\
\x00\x00\x00\x00\x00\x00\x00\x00\x00\x00\x00\x00\x00\x00\x00\x00\
\x00\x00\x00\x00\x00\x00\x00\x00\x00\x00\x00\x00\x00\x00\x00\x00\
\x00\x00\x00\x00\x00\x00\x00\x00\x00\x00\x00\x00\x00\x00\x00\x00\
\x00\x00\x00\x00\x00\x00\x00\x00\x00\x00\x00\x00\x00\x00\x00\x00\
\x00\x00\x00\x00\x00\x00\x00\x00\x00\x00\x00\x00\x00\x00\x00\x00\
\x00\x00\x00\x00\x00\x00\x00\x00\x00\x00\x00\x00\x00\x00\x00\x00\
\x00\x00\x00\x00\x00\x00\x00\x00\x00\x00\x00\x00\x00\x00\x00\x00\
\x00\x00\x00\x00\x00\x00\x00\x00\x00\x00\x00\x00\x00\x00\x00\x00\
\x00\x00\x00\x00\x00\x00\x00\x00\x00\x00\x00\x00\x00\x00\x00\x00\
\x00\x00\x00\x00\x00\x00\x00\x00\x00\x00\x00\x00\x00\x00\x00\x00\
\x00\x00\x00\x00\x00\x00\x00\x00\x00\x00\x00\x00\x002\x06\x15\
\x012\x06\x15\x022\x06\x15\x042\x06\x15\x072\x06\x15\
\x0c2\x06\x15\x121\x05\x15\x1a&\x00\x0d \xbc\x97y\
p\xe2\xbd\x93\xf2\xe1\xba\x92\xff\xdd\xb4\x8d\xff\xd9\xae\x89\
\xff\xd5\xa8\x86\xff\xd1\xa2\x82\xff\xcd\x9c~\xff\xca\x97{\
\xff\xc6\x91w\xff\xc2\x8bs\xff\xbe\x85o\xff\xbb\x80l\
\xff\xb7{i\xff\xb3uf\xff\xb0pb\xff\xacj^\
\xff\xa8e[\xff\xa4_W\xff\xa0YT\xff\x9dTQ\
\xff\x99NN\xff\x95HJ\xff\x8b@D\xd4X\x1e)\
W\x22\x00\x098\xb1\x96~x\xf4\xe0\xb5\xf6\xf5\xe1\xb5\
\xff\xf2\xde\xb4\xff\xf1\xdb\xb2\xff\xf0\xd8\xb0\xff\xed\xd5\xaf\
\xff\xec\xd2\xae\xff\xe4\xc9\xa7\xearLJO%\x00\x0a\
4sLJK\xdd\xbd\x9f\xe9\xdf\xbf\xa1\xff\xdd\xbc\x9f\
\xff\xdb\xb8\x9d\xff\xd9\xb4\x9a\xff\xd7\xb1\x98\xff\xd5\xad\x96\
\xff\xd2\xaa\x94\xff\xd1\xa7\x92\xff\xcf\xa4\x8f\xff\xc7\x9b\x89\
\xd3l@C4*\x00\x0e\x1a2\x06\x15\x142\x06\x15\
\x0d2\x06\x15\x082\x06\x15\x052\x06\x15\x022\x06\x15\
\x00\x00\x00\x00\x00\x00\x00\x00\x00\x00\x00\x00\x00\x00\x00\x00\
\x00\x00\x00\x00\x00\x00\x00\x00\x00\x00\x00\x00\x00\x00\x00\x00\
\x00\x00\x00\x00\x00\x00\x00\x00\x00\x00\x00\x00\x00\x00\x00\x00\
\x00\x00\x00\x00\x00\x00\x00\x00\x00\x00\x00\x00\x00\x00\x00\x00\
\x00\x00\x00\x00\x00\x00\x00\x00\x00\x00\x00\x00\x00\x00\x00\x00\
\x00\x00\x00\x00\x00\x00\x00\x00\x00\x00\x00\x00\x00\x00\x00\x00\
\x00\x00\x00\x00\x00\x00\x00\x00\x00\x00\x00\x00\x00\x00\x00\x00\
\x00\x00\x00\x00\x00\x00\x00\x00\x00\x00\x00\x00\x00\x00\x00\x00\
\x00\x00\x00\x00\x00\x00\x00\x00\x00\x00\x00\x00\x00\x00\x00\x00\
\x00\x00\x00\x00\x00\x00\x00\x00\x00\x00\x00\x00\x00\x00\x00\x00\
\x00\x00\x00\x00\x00\x00\x00\x00\x00\x00\x00\x00\x00\x00\x00\x00\
\x00\x00\x00\x00\x00\x00\x00\x00\x00\x00\x00\x00\x00\x00\x00\x00\
\x00\x00\x00\x00\x00\x00\x00\x00\x00\x00\x00\x00\x00\x00\x00\x00\
\x00\x00\x00\x00\x00\x00\x00\x00\x00\x00\x00\x00\x00\x00\x00\x00\
\x00\x00\x00\x00\x00\x00\x00\x00\x00\x00\x00\x00\x00\x00\x00\x00\
\x00\x00\x00\x00\x00\x00\x00\x00\x002\x06\x15\x002\x06\x15\
\x012\x06\x15\x032\x06\x15\x052\x06\x15\x092\x06\x15\
\x0f2\x06\x15\x15-\x00\x11\x1cW.0-\xdb\xb9\x90\
\xb9\xe6\xc3\x97\xff\xe2\xbc\x93\xff\xde\xb6\x8f\xff\xdb\xb0\x8b\
\xff\xd7\xaa\x87\xff\xd3\xa4\x83\xff\xcf\x9e\x80\xff\xcb\x99|\
\xff\xc7\x93x\xff\xc3\x8dt\xff\xc0\x88q\xff\xbc\x82m\
\xff\xb8|j\xff\xb5wf\xff\xb1rc\xff\xadl`\
\xff\xaag\x5c\xff\xa6aY\xff\xa2\x5cU\xff\x9eVR\
\xff\x9aPO\xff\x96JK\xff\x92EH\xff\x818>\
\xab/\x00\x10?\xb0\x95}y\xf4\xe0\xb5\xf6\xf5\xe1\xb5\
\xff\xf2\xde\xb4\xff\xf1\xdb\xb2\xff\xf0\xd8\xb0\xff\xee\xd5\xaf\
\xff\xec\xd2\xae\xff\xe5\xc9\xa8\xeasMJN&\x00\x0b\
3nGFH\xd8\xb8\x9c\xd5\xdb\xba\x9e\xea\xd9\xb7\x9b\
\xe9\xd7\xb3\x99\xe9\xd5\xb0\x97\xe9\xd2\xad\x94\xe9\xd0\xa9\x92\
\xe9\xce\xa6\x90\xe9\xcd\xa3\x8f\xe9\xcb\xa1\x8d\xea\xc4\x98\x87\
\xc0j>A0*\x00\x0f\x182\x06\x15\x122\x06\x15\
\x0c2\x06\x15\x082\x06\x15\x042\x06\x15\x022\x06\x15\
\x00\x00\x00\x00\x00\x00\x00\x00\x00\x00\x00\x00\x00\x00\x00\x00\
\x00\x00\x00\x00\x00\x00\x00\x00\x00\x00\x00\x00\x00\x00\x00\x00\
\x00\x00\x00\x00\x00\x00\x00\x00\x00\x00\x00\x00\x00\x00\x00\x00\
\x00\x00\x00\x00\x00\x00\x00\x00\x00\x00\x00\x00\x00\x00\x00\x00\
\x00\x00\x00\x00\x00\x00\x00\x00\x00\x00\x00\x00\x00\x00\x00\x00\
\x00\x00\x00\x00\x00\x00\x00\x00\x00\x00\x00\x00\x00\x00\x00\x00\
\x00\x00\x00\x00\x00\x00\x00\x00\x00\x00\x00\x00\x00\x00\x00\x00\
\x00\x00\x00\x00\x00\x00\x00\x00\x00\x00\x00\x00\x00\x00\x00\x00\
\x00\x00\x00\x00\x00\x00\x00\x00\x00\x00\x00\x00\x00\x00\x00\x00\
\x00\x00\x00\x00\x00\x00\x00\x00\x00\x00\x00\x00\x00\x00\x00\x00\
\x00\x00\x00\x00\x00\x00\x00\x00\x00\x00\x00\x00\x00\x00\x00\x00\
\x00\x00\x00\x00\x00\x00\x00\x00\x00\x00\x00\x00\x00\x00\x00\x00\
\x00\x00\x00\x00\x00\x00\x00\x00\x00\x00\x00\x00\x00\x00\x00\x00\
\x00\x00\x00\x00\x00\x00\x00\x00\x00\x00\x00\x00\x00\x00\x00\x00\
\x00\x00\x00\x00\x00\x00\x00\x00\x00\x00\x00\x00\x00\x00\x00\x00\
\x00\x00\x00\x00\x00\x00\x00\x00\x002\x06\x15\x002\x06\x15\
\x012\x06\x15\x032\x06\x15\x072\x06\x15\x0b2\x06\x15\
\x112\x06\x15\x18&\x00\x0c\x1e\x8fiYD\xe6\xc4\x98\
\xe3\xe7\xc4\x98\xff\xe3\xbe\x94\xff\xdf\xb9\x90\xff\xdc\xb2\x8c\
\xff\xd8\xac\x88\xff\xd4\xa6\x85\xff\xd0\xa0\x81\xff\xcc\x9b}\
\xff\xc8\x95y\xff\xc5\x8fv\xff\xc1\x8ar\xff\xbd\x84n\
\xff\xba\x7fk\xff\xb6yg\xff\xb2td\xff\xafna\
\xff\xabi]\xff\xa7cZ\xff\xa3]W\xff\x9fXS\
\xff\x9cRP\xff\x98LM\xff\x94GI\xff\x8eAF\
\xefd\x22-q\xab\x90zt\xf4\xe0\xb4\xf5\xf5\xe1\xb5\
\xff\xf2\xde\xb4\xff\xf1\xdb\xb2\xff\xf0\xd8\xb0\xff\xee\xd5\xaf\
\xff\xec\xd2\xae\xff\xe5\xca\xa8\xe9tNKN*\x00\x0f\
3<\x11\x1d4rKICwPMEvNL\
EuLKFsJIHpGGIoEE\
JoEEIpEFGtHHCnBD\
9<\x10\x1d!1\x05\x14\x172\x06\x15\x112\x06\x15\
\x0b2\x06\x15\x072\x06\x15\x042\x06\x15\x022\x06\x15\
\x00\x00\x00\x00\x00\x00\x00\x00\x00\x00\x00\x00\x00\x00\x00\x00\
\x00\x00\x00\x00\x00\x00\x00\x00\x00\x00\x00\x00\x00\x00\x00\x00\
\x00\x00\x00\x00\x00\x00\x00\x00\x00\x00\x00\x00\x00\x00\x00\x00\
\x00\x00\x00\x00\x00\x00\x00\x00\x00\x00\x00\x00\x00\x00\x00\x00\
\x00\x00\x00\x00\x00\x00\x00\x00\x00\x00\x00\x00\x00\x00\x00\x00\
\x00\x00\x00\x00\x00\x00\x00\x00\x00\x00\x00\x00\x00\x00\x00\x00\
\x00\x00\x00\x00\x00\x00\x00\x00\x00\x00\x00\x00\x00\x00\x00\x00\
\x00\x00\x00\x00\x00\x00\x00\x00\x00\x00\x00\x00\x00\x00\x00\x00\
\x00\x00\x00\x00\x00\x00\x00\x00\x00\x00\x00\x00\x00\x00\x00\x00\
\x00\x00\x00\x00\x00\x00\x00\x00\x00\x00\x00\x00\x00\x00\x00\x00\
\x00\x00\x00\x00\x00\x00\x00\x00\x00\x00\x00\x00\x00\x00\x00\x00\
\x00\x00\x00\x00\x00\x00\x00\x00\x00\x00\x00\x00\x00\x00\x00\x00\
\x00\x00\x00\x00\x00\x00\x00\x00\x00\x00\x00\x00\x00\x00\x00\x00\
\x00\x00\x00\x00\x00\x00\x00\x00\x00\x00\x00\x00\x00\x00\x00\x00\
\x00\x00\x00\x00\x00\x00\x00\x00\x00\x00\x00\x00\x00\x00\x00\x00\
\x00\x00\x00\x00\x002\x06\x15\x002\x06\x15\x012\x06\x15\
\x022\x06\x15\x042\x06\x15\x082\x06\x15\x0d2\x06\x15\
\x142\x06\x15\x1b\x1c\x00\x05 \xbf\x9d}p\xeb\xca\x9c\
\xf7\xe9\xc6\x99\xff\xe5\xc0\x95\xff\xe2\xbb\x92\xff\xde\xb5\x8e\
\xff\xd9\xae\x8a\xff\xd5\xa9\x86\xff\xd2\xa3\x82\xff\xce\x9d~\
\xff\xca\x97{\xff\xc6\x91w\xff\xc3\x8cs\xff\xbf\x86p\
\xff\xbb\x80l\xff\xb7{i\xff\xb4vf\xff\xb0pb\
\xff\xack_\xff\xa8e[\xff\xa5`X\xff\xa0ZT\
\xfc\x9bTP\xf5\x99NN\xfb\x95IK\xff\x91CG\
\xff\x847?\xc8\x93k_t\xf3\xdf\xb4\xee\xf5\xe1\xb6\
\xff\xf3\xde\xb4\xff\xf1\xdb\xb2\xff\xf0\xd8\xb0\xff\xee\xd5\xaf\
\xff\xec\xd2\xae\xff\xe6\xcb\xa8\xed\x8bh^W)\x00\x0e\
01\x05\x14.+\x01\x0f**\x00\x0f)*\x00\x0f\
)*\x00\x0f*+\x00\x0f,+\x00\x0f.+\x00\x0f\
/+\x00\x10/+\x00\x10,*\x00\x0f(+\x01\x10\
\x221\x05\x14\x1c2\x06\x15\x152\x06\x15\x0f2\x06\x15\
\x0a2\x06\x15\x062\x06\x15\x032\x06\x15\x012\x06\x15\
\x00\x00\x00\x00\x00\x00\x00\x00\x00\x00\x00\x00\x00\x00\x00\x00\
\x00\x00\x00\x00\x00\x00\x00\x00\x00\x00\x00\x00\x00\x00\x00\x00\
\x00\x00\x00\x00\x00\x00\x00\x00\x00\x00\x00\x00\x00\x00\x00\x00\
\x00\x00\x00\x00\x00\x00\x00\x00\x00\x00\x00\x00\x00\x00\x00\x00\
\x00\x00\x00\x00\x00\x00\x00\x00\x00\x00\x00\x00\x00\x00\x00\x00\
\x00\x00\x00\x00\x00\x00\x00\x00\x00\x00\x00\x00\x00\x00\x00\x00\
\x00\x00\x00\x00\x00\x00\x00\x00\x00\x00\x00\x00\x00\x00\x00\x00\
\x00\x00\x00\x00\x00\x00\x00\x00\x00\x00\x00\x00\x00\x00\x00\x00\
\x00\x00\x00\x00\x00\x00\x00\x00\x00\x00\x00\x00\x00\x00\x00\x00\
\x00\x00\x00\x00\x00\x00\x00\x00\x00\x00\x00\x00\x00\x00\x00\x00\
\x00\x00\x00\x00\x00\x00\x00\x00\x00\x00\x00\x00\x00\x00\x00\x00\
\x00\x00\x00\x00\x00\x00\x00\x00\x00\x00\x00\x00\x00\x00\x00\x00\
\x00\x00\x00\x00\x00\x00\x00\x00\x00\x00\x00\x00\x00\x00\x00\x00\
\x00\x00\x00\x00\x00\x00\x00\x00\x00\x00\x00\x00\x00\x00\x00\x00\
\x00\x00\x00\x00\x00\x00\x00\x00\x00\x00\x00\x00\x00\x00\x00\x00\
\x00\x00\x00\x00\x002\x06\x15\x002\x06\x15\x012\x06\x15\
\x032\x06\x15\x062\x06\x15\x0a2\x06\x15\x102\x06\x15\
\x170\x04\x13\x1e6\x0a\x18'\xd9\xb9\x90\xa0\xee\xce\x9f\
\xff\xea\xc8\x9b\xff\xe4\xc1\x96\xf8\xd2\xab\x87\xc6\xd3\xaa\x87\
\xd5\xda\xb0\x8b\xfd\xd7\xab\x88\xff\xd3\xa5\x84\xff\xcf\x9f\x80\
\xff\xcc\x99|\xff\xc7\x93x\xff\xc4\x8eu\xff\xc0\x88q\
\xff\xbc\x83n\xff\xb9}j\xff\xb5xg\xff\xb2rc\
\xff\xaem`\xff\xaag]\xff\xa5aY\xfb\x90NK\
\xaar6:t\x8dGG\xba\x97KL\xff\x93EH\
\xff\x8e?D\xfb\x8eIK\xbf\xe7\xce\xa7\xe9\xf7\xe4\xb7\
\xff\xf4\xdf\xb4\xff\xf1\xdb\xb2\xff\xef\xd9\xb1\xff\xed\xd6\xaf\
\xff\xec\xd3\xae\xff\xe6\xcc\xa9\xf0\x9ayk_'\x00\x0c\
-2\x06\x15+2\x06\x15(2\x06\x15&2\x06\x15\
&2\x06\x15(2\x06\x15*5\x09\x18.6\x0c\x18\
/(\x00\x0d,/\x03\x13+2\x06\x15'2\x06\x15\
!2\x06\x15\x1b2\x06\x15\x142\x06\x15\x0d2\x06\x15\
\x092\x06\x15\x052\x06\x15\x022\x06\x15\x012\x06\x15\
\x00\x00\x00\x00\x00\x00\x00\x00\x00\x00\x00\x00\x00\x00\x00\x00\
\x00\x00\x00\x00\x00\x00\x00\x00\x00\x00\x00\x00\x00\x00\x00\x00\
\x00\x00\x00\x00\x00\x00\x00\x00\x00\x00\x00\x00\x00\x00\x00\x00\
\x00\x00\x00\x00\x00\x00\x00\x00\x00\x00\x00\x00\x00\x00\x00\x00\
\x00\x00\x00\x00\x00\x00\x00\x00\x00\x00\x00\x00\x00\x00\x00\x00\
\x00\x00\x00\x00\x00\x00\x00\x00\x00\x00\x00\x00\x00\x00\x00\x00\
\x00\x00\x00\x00\x00\x00\x00\x00\x00\x00\x00\x00\x00\x00\x00\x00\
\x00\x00\x00\x00\x00\x00\x00\x00\x00\x00\x00\x00\x00\x00\x00\x00\
\x00\x00\x00\x00\x00\x00\x00\x00\x00\x00\x00\x00\x00\x00\x00\x00\
\x00\x00\x00\x00\x00\x00\x00\x00\x00\x00\x00\x00\x00\x00\x00\x00\
\x00\x00\x00\x00\x00\x00\x00\x00\x00\x00\x00\x00\x00\x00\x00\x00\
\x00\x00\x00\x00\x00\x00\x00\x00\x00\x00\x00\x00\x00\x00\x00\x00\
\x00\x00\x00\x00\x00\x00\x00\x00\x00\x00\x00\x00\x00\x00\x00\x00\
\x00\x00\x00\x00\x00\x00\x00\x00\x00\x00\x00\x00\x00\x00\x00\x00\
\x00\x00\x00\x00\x00\x00\x00\x00\x00\x00\x00\x00\x00\x00\x00\x00\
\x002\x06\x15\x002\x06\x15\x012\x06\x15\x022\x06\x15\
\x042\x06\x15\x072\x06\x15\x0c2\x06\x15\x122\x06\x15\
\x1a*\x00\x0f pIC8\xe8\xca\x9c\xcf\xef\xd0\xa0\
\xff\xec\xcb\x9c\xff\xd9\xb5\x8e\xcb^45N\xa4ze\
~\xda\xb1\x8b\xf7\xd9\xad\x89\xff\xd5\xa7\x85\xff\xd1\xa1\x81\
\xff\xcd\x9b~\xff\xc9\x95z\xff\xc5\x8fv\xff\xc2\x8ar\
\xff\xbe\x85o\xff\xba\x7fk\xff\xb7zh\xff\xb3ud\
\xff\xafoa\xff\xabj^\xff\xa3aX\xe6^)/\
Y#\x00\x0c9k/4j\x95KK\xef\x94GJ\
\xff\x90BG\xff\x8c=D\xfc\xa5d_\xfa\xcf\xa5\x8c\
\xff\xee\xd5\xae\xff\xf2\xdc\xb3\xff\xef\xd9\xb1\xff\xee\xd6\xb0\
\xff\xec\xd3\xae\xff\xe7\xcd\xaa\xf4\xaa\x8axk%\x00\x0a\
+2\x06\x15)2\x06\x15&2\x06\x15$2\x06\x15\
$2\x06\x15&.\x02\x12(\x5c167\xb5\x8e~\
\x88\x9cticO%,2'\x00\x0c%1\x05\x14\
 2\x06\x15\x1a2\x06\x15\x132\x06\x15\x0d2\x06\x15\
\x082\x06\x15\x042\x06\x15\x022\x06\x15\x012\x06\x15\
\x00\x00\x00\x00\x00\x00\x00\x00\x00\x00\x00\x00\x00\x00\x00\x00\
\x00\x00\x00\x00\x00\x00\x00\x00\x00\x00\x00\x00\x00\x00\x00\x00\
\x00\x00\x00\x00\x00\x00\x00\x00\x00\x00\x00\x00\x00\x00\x00\x00\
\x00\x00\x00\x00\x00\x00\x00\x00\x00\x00\x00\x00\x00\x00\x00\x00\
\x00\x00\x00\x00\x00\x00\x00\x00\x00\x00\x00\x00\x00\x00\x00\x00\
\x00\x00\x00\x00\x00\x00\x00\x00\x00\x00\x00\x00\x00\x00\x00\x00\
\x00\x00\x00\x00\x00\x00\x00\x00\x00\x00\x00\x00\x00\x00\x00\x00\
\x00\x00\x00\x00\x00\x00\x00\x00\x00\x00\x00\x00\x00\x00\x00\x00\
\x00\x00\x00\x00\x00\x00\x00\x00\x00\x00\x00\x00\x00\x00\x00\x00\
\x00\x00\x00\x00\x00\x00\x00\x00\x00\x00\x00\x00\x00\x00\x00\x00\
\x00\x00\x00\x00\x00\x00\x00\x00\x00\x00\x00\x00\x00\x00\x00\x00\
\x00\x00\x00\x00\x00\x00\x00\x00\x00\x00\x00\x00\x00\x00\x00\x00\
\x00\x00\x00\x00\x00\x00\x00\x00\x00\x00\x00\x00\x00\x00\x00\x00\
\x00\x00\x00\x00\x00\x00\x00\x00\x00\x00\x00\x00\x00\x00\x00\x00\
\x00\x00\x00\x00\x00\x00\x00\x00\x00\x00\x00\x00\x00\x00\x00\x00\
\x002\x06\x15\x002\x06\x15\x012\x06\x15\x032\x06\x15\
\x052\x06\x15\x092\x06\x15\x0f2\x06\x15\x152\x06\x15\
\x1d\x22\x00\x09\x22\xaa\x89oX\xf0\xd4\xa2\xef\xf0\xd2\xa1\
\xff\xec\xcb\x9d\xfb\xb8\x93v\x8a \x00\x08;\x8dcU\
i\xda\xb2\x8c\xf1\xda\xb0\x8b\xff\xd6\xa9\x86\xff\xd2\xa3\x83\
\xff\xce\x9e\x7f\xff\xca\x97{\xff\xc7\x92w\xff\xc3\x8ct\
\xff\xbf\x87p\xff\xbc\x81l\xff\xb8|i\xff\xb4wf\
\xff\xb0qb\xff\xadl_\xff\xa0_W\xd0K\x1a$\
J.\x03\x13<>\x0f\x1cD\x8dFG\xbc\x96JK\
\xff\x92DH\xff\x8e>D\xff\x897@\xff\x8b:D\
\xff\xca\x9d\x87\xff\xf3\xde\xb4\xff\xf0\xd9\xb1\xff\xee\xd6\xb0\
\xff\xec\xd3\xae\xff\xe9\xce\xab\xfa\xbb\x9c\x85}!\x00\x07\
*2\x06\x15(2\x06\x15%2\x06\x15#2\x06\x15\
#2\x06\x15%,\x00\x10'i?A<\xce\xa7\x91\
\xd4\xd1\xa9\x93\xf2\xc4\x9c\x88\xb7\xa2xm`<\x10\x1d\
\x220\x04\x14\x192\x06\x15\x122\x06\x15\x0c2\x06\x15\
\x072\x06\x15\x042\x06\x15\x022\x06\x15\x00\x00\x00\x00\
\x00\x00\x00\x00\x00\x00\x00\x00\x00\x00\x00\x00\x00\x00\x00\x00\
\x00\x00\x00\x00\x00\x00\x00\x00\x00\x00\x00\x00\x00\x00\x00\x00\
\x00\x00\x00\x00\x00\x00\x00\x00\x00\x00\x00\x00\x00\x00\x00\x00\
\x00\x00\x00\x00\x00\x00\x00\x00\x00\x00\x00\x00\x00\x00\x00\x00\
\x00\x00\x00\x00\x00\x00\x00\x00\x00\x00\x00\x00\x00\x00\x00\x00\
\x00\x00\x00\x00\x00\x00\x00\x00\x00\x00\x00\x00\x00\x00\x00\x00\
\x00\x00\x00\x00\x00\x00\x00\x00\x00\x00\x00\x00\x00\x00\x00\x00\
\x00\x00\x00\x00\x00\x00\x00\x00\x00\x00\x00\x00\x00\x00\x00\x00\
\x00\x00\x00\x00\x00\x00\x00\x00\x00\x00\x00\x00\x00\x00\x00\x00\
\x00\x00\x00\x00\x00\x00\x00\x00\x00\x00\x00\x00\x00\x00\x00\x00\
\x00\x00\x00\x00\x00\x00\x00\x00\x00\x00\x00\x00\x00\x00\x00\x00\
\x00\x00\x00\x00\x00\x00\x00\x00\x00\x00\x00\x00\x00\x00\x00\x00\
\x00\x00\x00\x00\x00\x00\x00\x00\x00\x00\x00\x00\x00\x00\x00\x00\
\x00\x00\x00\x00\x00\x00\x00\x00\x00\x00\x00\x00\x00\x00\x00\x00\
\x00\x00\x00\x00\x00\x00\x00\x00\x00\x00\x00\x00\x002\x06\x15\
\x002\x06\x15\x012\x06\x15\x022\x06\x15\x042\x06\x15\
\x072\x06\x15\x0b2\x06\x15\x112\x06\x15\x182\x06\x15\
 \x1c\x00\x05$\xd2\xb4\x8c\x87\xf4\xd9\xa5\xfe\xf2\xd4\xa3\
\xff\xe4\xc5\x98\xdcsKET&\x00\x0d;sIC\
X\xd9\xb2\x8c\xe9\xdb\xb2\x8c\xff\xd7\xab\x88\xff\xd3\xa5\x84\
\xff\xcf\xa0\x80\xff\xcc\x9a}\xff\xc8\x94y\xff\xc4\x8eu\
\xff\xc0\x89r\xff\xbd\x83n\xff\xb9~k\xff\xb5xg\
\xff\xb2sd\xff\xaema\xff\xa0`X\xc9I\x18#\
G0\x04\x14;+\x01\x119|:>\x85\x96KL\
\xfa\x93FI\xff\x8f@E\xff\x8b:B\xff\x875?\
\xff\xc2\x91\x7f\xff\xf3\xdf\xb5\xff\xef\xd9\xb2\xff\xee\xd6\xaf\
\xff\xec\xd3\xad\xff\xea\xd0\xac\xff\xca\xac\x91\x97%\x00\x0b\
,2\x06\x15)2\x06\x15&2\x06\x15$2\x06\x15\
$2\x06\x15&+\x00\x0f'rHHA\xd0\xa9\x93\
\xe0\xd3\xac\x94\xff\xd1\xa9\x93\xff\xc2\x99\x86\xaaG\x1b%\
#.\x02\x12\x172\x06\x15\x112\x06\x15\x0b2\x06\x15\
\x072\x06\x15\x032\x06\x15\x012\x06\x15\x00\x00\x00\x00\
\x00\x00\x00\x00\x00\x00\x00\x00\x00\x00\x00\x00\x00\x00\x00\x00\
\x00\x00\x00\x00\x00\x00\x00\x00\x00\x00\x00\x00\x00\x00\x00\x00\
\x00\x00\x00\x00\x00\x00\x00\x00\x00\x00\x00\x00\x00\x00\x00\x00\
\x00\x00\x00\x00\x00\x00\x00\x00\x00\x00\x00\x00\x00\x00\x00\x00\
\x00\x00\x00\x00\x00\x00\x00\x00\x00\x00\x00\x00\x00\x00\x00\x00\
\x00\x00\x00\x00\x00\x00\x00\x00\x00\x00\x00\x00\x00\x00\x00\x00\
\x00\x00\x00\x00\x00\x00\x00\x00\x00\x00\x00\x00\x00\x00\x00\x00\
\x00\x00\x00\x00\x00\x00\x00\x00\x00\x00\x00\x00\x00\x00\x00\x00\
\x00\x00\x00\x00\x00\x00\x00\x00\x00\x00\x00\x00\x00\x00\x00\x00\
\x00\x00\x00\x00\x00\x00\x00\x00\x00\x00\x00\x00\x00\x00\x00\x00\
\x00\x00\x00\x00\x00\x00\x00\x00\x00\x00\x00\x00\x00\x00\x00\x00\
\x00\x00\x00\x00\x00\x00\x00\x00\x00\x00\x00\x00\x00\x00\x00\x00\
\x00\x00\x00\x00\x00\x00\x00\x00\x00\x00\x00\x00\x00\x00\x00\x00\
\x00\x00\x00\x00\x00\x00\x00\x00\x00\x00\x00\x00\x00\x00\x00\x00\
\x00\x00\x00\x00\x00\x00\x00\x00\x00\x00\x00\x00\x002\x06\x15\
\x002\x06\x15\x012\x06\x15\x022\x06\x15\x052\x06\x15\
\x082\x06\x15\x0e2\x06\x15\x142\x06\x15\x1c#\x00\x0a\
!\x84bS@\xed\xd3\xa1\xca\xf6\xdb\xa7\xff\xf2\xd6\xa3\
\xff\xcc\xac\x87\x9f2\x06\x15=-\x01\x11<_56\
M\xd6\xae\x8a\xd9\xdd\xb4\x8e\xff\xd9\xae\x89\xff\xd5\xa8\x86\
\xff\xd1\xa2\x82\xff\xce\x9c~\xff\xc9\x96z\xff\xc5\x90v\
\xff\xc2\x8bs\xff\xbe\x85o\xff\xba\x80l\xff\xb7zi\
\xff\xb3ue\xff\xb0ob\xff\xa4dZ\xd3O\x1e&\
I/\x04\x139-\x03\x128g,2`\x96LL\
\xef\x95HJ\xff\x91BG\xff\x8c<C\xff\x8f@G\
\xff\xd5\xae\x93\xff\xf3\xde\xb5\xff\xf0\xd9\xb2\xff\xee\xd6\xb0\
\xff\xec\xd3\xae\xff\xea\xd1\xac\xff\xd9\xbd\x9e\xbfQ*/\
7.\x02\x12+2\x06\x15(2\x06\x15'2\x06\x15\
'2\x06\x15('\x00\x0c(\x92jaV\xd3\xac\x94\
\xee\xd3\xab\x95\xff\xd1\xa8\x92\xfc\xb6\x8c|}\x1d\x00\x04\
\x1a2\x06\x15\x162\x06\x15\x0f2\x06\x15\x0a2\x06\x15\
\x062\x06\x15\x032\x06\x15\x012\x06\x15\x00\x00\x00\x00\
\x00\x00\x00\x00\x00\x00\x00\x00\x00\x00\x00\x00\x00\x00\x00\x00\
\x00\x00\x00\x00\x00\x00\x00\x00\x00\x00\x00\x00\x00\x00\x00\x00\
\x00\x00\x00\x00\x00\x00\x00\x00\x00\x00\x00\x00\x00\x00\x00\x00\
\x00\x00\x00\x00\x00\x00\x00\x00\x00\x00\x00\x00\x00\x00\x00\x00\
\x00\x00\x00\x00\x00\x00\x00\x00\x00\x00\x00\x00\x00\x00\x00\x00\
\x00\x00\x00\x00\x00\x00\x00\x00\x00\x00\x00\x00\x00\x00\x00\x00\
\x00\x00\x00\x00\x00\x00\x00\x00\x00\x00\x00\x00\x00\x00\x00\x00\
\x00\x00\x00\x00\x00\x00\x00\x00\x00\x00\x00\x00\x00\x00\x00\x00\
\x00\x00\x00\x00\x00\x00\x00\x00\x00\x00\x00\x00\x00\x00\x00\x00\
\x00\x00\x00\x00\x00\x00\x00\x00\x00\x00\x00\x00\x00\x00\x00\x00\
\x00\x00\x00\x00\x00\x00\x00\x00\x00\x00\x00\x00\x00\x00\x00\x00\
\x00\x00\x00\x00\x00\x00\x00\x00\x00\x00\x00\x00\x00\x00\x00\x00\
\x00\x00\x00\x00\x00\x00\x00\x00\x00\x00\x00\x00\x00\x00\x00\x00\
\x00\x00\x00\x00\x00\x00\x00\x00\x00\x00\x00\x00\x00\x00\x00\x00\
\x00\x00\x00\x00\x00\x00\x00\x00\x00\x00\x00\x00\x002\x06\x15\
\x002\x06\x15\x012\x06\x15\x032\x06\x15\x062\x06\x15\
\x0a2\x06\x15\x102\x06\x15\x17)\x00\x0e\x1d\x87dV\
;\xeb\xd2\xa1\xb3\xfa\xe1\xab\xfd\xf7\xdd\xa8\xff\xef\xd3\xa2\
\xed\x95r^b(\x00\x0d:/\x03\x13;P%*\
F\xd0\xa9\x86\xc5\xdf\xb6\x8f\xff\xda\xb0\x8b\xff\xd6\xaa\x87\
\xff\xd3\xa4\x83\xff\xcf\x9e\x7f\xff\xcb\x98{\xff\xc7\x92x\
\xff\xc3\x8dt\xff\xc0\x87p\xff\xbc\x82m\xff\xb8|j\
\xff\xb4wf\xff\xb1rc\xff\xa9i]\xe5^*0\
Q.\x03\x138/\x04\x137U\x1f)L\x95LL\
\xdd\x96JK\xfe\x92DH\xff\x8e?D\xff\x8c<C\
\xfc\xc8\x9c\x86\xf2\xf3\xdf\xb5\xfe\xf0\xd9\xb2\xff\xee\xd6\xb0\
\xff\xec\xd3\xae\xff\xeb\xd0\xac\xff\xe4\xc9\xa7\xeb\x97tg\
Z#\x00\x09+2\x06\x15+2\x06\x15*2\x06\x15\
*1\x05\x14+&\x00\x0b*\xb8\x91\x7f\x89\xd5\xae\x96\
\xfc\xd3\xac\x95\xff\xcd\xa4\x8f\xdc\x89^YA&\x00\x0b\
\x1a2\x06\x15\x142\x06\x15\x0e2\x06\x15\x092\x06\x15\
\x052\x06\x15\x022\x06\x15\x012\x06\x15\x00\x00\x00\x00\
\x00\x00\x00\x00\x00\x00\x00\x00\x00\x00\x00\x00\x00\x00\x00\x00\
\x00\x00\x00\x00\x00\x00\x00\x00\x00\x00\x00\x00\x00\x00\x00\x00\
\x00\x00\x00\x00\x00\x00\x00\x00\x00\x00\x00\x00\x00\x00\x00\x00\
\x00\x00\x00\x00\x00\x00\x00\x00\x00\x00\x00\x00\x00\x00\x00\x00\
\x00\x00\x00\x00\x00\x00\x00\x00\x00\x00\x00\x00\x00\x00\x00\x00\
\x00\x00\x00\x00\x00\x00\x00\x00\x00\x00\x00\x00\x00\x00\x00\x00\
\x00\x00\x00\x00\x00\x00\x00\x00\x00\x00\x00\x00\x00\x00\x00\x00\
\x00\x00\x00\x00\x00\x00\x00\x00\x00\x00\x00\x00\x00\x00\x00\x00\
\x00\x00\x00\x00\x00\x00\x00\x00\x00\x00\x00\x00\x00\x00\x00\x00\
\x00\x00\x00\x00\x00\x00\x00\x00\x00\x00\x00\x00\x00\x00\x00\x00\
\x00\x00\x00\x00\x00\x00\x00\x00\x00\x00\x00\x00\x00\x00\x00\x00\
\x00\x00\x00\x00\x00\x00\x00\x00\x00\x00\x00\x00\x00\x00\x00\x00\
\x00\x00\x00\x00\x00\x00\x00\x00\x00\x00\x00\x00\x00\x00\x00\x00\
\x00\x00\x00\x00\x00\x00\x00\x00\x00\x00\x00\x00\x00\x00\x00\x00\
\x00\x00\x00\x00\x00\x00\x00\x00\x00\x00\x00\x00\x002\x06\x15\
\x002\x06\x15\x022\x06\x15\x042\x06\x15\x072\x06\x15\
\x0c2\x06\x15\x12/\x03\x13\x19;\x10\x1c#\xe5\xcd\x9d\
\x95\xfd\xe7\xaf\xfe\xfb\xe3\xad\xff\xf8\xdf\xaa\xff\xf2\xd7\xa4\
\xf5\xbd\x9d|\x856\x0b\x18<0\x04\x13:;\x0f\x1c\
>\xca\xa3\x81\xb0\xe0\xb9\x91\xff\xdb\xb2\x8c\xff\xd8\xac\x89\
\xff\xd4\xa6\x84\xff\xd0\xa0\x80\xff\xcc\x9b}\xff\xc8\x94y\
\xff\xc4\x8fu\xff\xc1\x89r\xff\xbd\x83n\xff\xb9~k\
\xff\xb6yh\xff\xb2td\xff\xadm`\xf3{BA\
k+\x00\x1161\x05\x157<\x0e\x1b<p27\
h\x87@C\xa7\x93FI\xf9\x90AF\xff\x8b:B\
\xff\x98TT\xdc\xe4\xcb\xa7\xe0\xf1\xda\xb2\xff\xef\xd6\xb0\
\xff\xed\xd4\xae\xff\xeb\xd0\xad\xff\xe9\xcd\xab\xff\xd6\xb8\x9b\
\xb9mGEC\x22\x00\x08,'\x00\x0c+&\x00\x0b\
+$\x00\x0a+\x90iaV\xd1\xab\x93\xd9\xd6\xaf\x97\
\xff\xd3\xac\x94\xfd\xbc\x94\x82\x8d6\x0b\x18!0\x04\x13\
\x192\x06\x15\x122\x06\x15\x0c2\x06\x15\x082\x06\x15\
\x042\x06\x15\x022\x06\x15\x01\x00\x00\x00\x00\x00\x00\x00\
\x00\x00\x00\x00\x00\x00\x00\x00\x00\x00\x00\x00\x00\x00\x00\x00\
\x00\x00\x00\x00\x00\x00\x00\x00\x00\x00\x00\x00\x00\x00\x00\x00\
\x00\x00\x00\x00\x00\x00\x00\x00\x00\x00\x00\x00\x00\x00\x00\x00\
\x00\x00\x00\x00\x00\x00\x00\x00\x00\x00\x00\x00\x00\x00\x00\x00\
\x00\x00\x00\x00\x00\x00\x00\x00\x00\x00\x00\x00\x00\x00\x00\x00\
\x00\x00\x00\x00\x00\x00\x00\x00\x00\x00\x00\x00\x00\x00\x00\x00\
\x00\x00\x00\x00\x00\x00\x00\x00\x00\x00\x00\x00\x00\x00\x00\x00\
\x00\x00\x00\x00\x00\x00\x00\x00\x00\x00\x00\x00\x00\x00\x00\x00\
\x00\x00\x00\x00\x00\x00\x00\x00\x00\x00\x00\x00\x00\x00\x00\x00\
\x00\x00\x00\x00\x00\x00\x00\x00\x00\x00\x00\x00\x00\x00\x00\x00\
\x00\x00\x00\x00\x00\x00\x00\x00\x00\x00\x00\x00\x00\x00\x00\x00\
\x00\x00\x00\x00\x00\x00\x00\x00\x00\x00\x00\x00\x00\x00\x00\x00\
\x00\x00\x00\x00\x00\x00\x00\x00\x00\x00\x00\x00\x00\x00\x00\x00\
\x00\x00\x00\x00\x00\x00\x00\x00\x00\x00\x00\x00\x00\x00\x00\x00\
\x00\x00\x00\x00\x00\x00\x00\x00\x00\x00\x00\x00\x002\x06\x15\
\x002\x06\x15\x022\x06\x15\x042\x06\x15\x082\x06\x15\
\x0d2\x06\x15\x13,\x00\x11\x1bX02*\xef\xd8\xa5\
\xb4\xff\xe9\xb0\xff\xfc\xe5\xad\xff\xf9\xe0\xab\xff\xf6\xdc\xa8\
\xff\xe7\xca\x9b\xd3b:9H-\x01\x118'\x00\x0d\
7\xc2\x9b|\x9d\xe1\xbb\x92\xff\xdd\xb4\x8e\xff\xd9\xae\x8a\
\xff\xd5\xa8\x86\xff\xd2\xa2\x82\xff\xce\x9d~\xff\xca\x96z\
\xff\xc6\x91w\xff\xc2\x8bs\xff\xbf\x86o\xff\xbb\x80l\
\xff\xb7{i\xff\xb3ue\xff\xb0pb\xfe\x93VO\
\x91*\x00\x1052\x06\x1561\x06\x156(\x00\x10\
3X )P\x91EH\xe1\x91CG\xff\x8d=D\
\xff\x875?\xef\x9cha\x9a\xe4\xcc\xa7\xd0\xef\xd7\xb0\
\xff\xed\xd4\xaf\xff\xeb\xd0\xad\xff\xe9\xcd\xab\xff\xe6\xc9\xa8\
\xfc\xd7\xb9\x9c\xc5\xb7\x95\x81}\x98sh\x5c\x9exl\
a\xbb\x96\x83\x89\xd2\xae\x96\xd7\xd8\xb3\x99\xff\xd6\xaf\x97\
\xff\xca\xa2\x8d\xbatKI5)\x00\x0e\x1b2\x06\x15\
\x162\x06\x15\x102\x06\x15\x0b2\x06\x15\x072\x06\x15\
\x032\x06\x15\x022\x06\x15\x00\x00\x00\x00\x00\x00\x00\x00\
\x00\x00\x00\x00\x00\x00\x00\x00\x00\x00\x00\x00\x00\x00\x00\x00\
\x00\x00\x00\x00\x00\x00\x00\x00\x00\x00\x00\x00\x00\x00\x00\x00\
\x00\x00\x00\x00\x00\x00\x00\x00\x00\x00\x00\x00\x00\x00\x00\x00\
\x00\x00\x00\x00\x00\x00\x00\x00\x00\x00\x00\x00\x00\x00\x00\x00\
\x00\x00\x00\x00\x00\x00\x00\x00\x00\x00\x00\x00\x00\x00\x00\x00\
\x00\x00\x00\x00\x00\x00\x00\x00\x00\x00\x00\x00\x00\x00\x00\x00\
\x00\x00\x00\x00\x00\x00\x00\x00\x00\x00\x00\x00\x00\x00\x00\x00\
\x00\x00\x00\x00\x00\x00\x00\x00\x00\x00\x00\x00\x00\x00\x00\x00\
\x00\x00\x00\x00\x00\x00\x00\x00\x00\x00\x00\x00\x00\x00\x00\x00\
\x00\x00\x00\x00\x00\x00\x00\x00\x00\x00\x00\x00\x00\x00\x00\x00\
\x00\x00\x00\x00\x00\x00\x00\x00\x00\x00\x00\x00\x00\x00\x00\x00\
\x00\x00\x00\x00\x00\x00\x00\x00\x00\x00\x00\x00\x00\x00\x00\x00\
\x00\x00\x00\x00\x00\x00\x00\x00\x00\x00\x00\x00\x00\x00\x00\x00\
\x00\x00\x00\x00\x00\x00\x00\x00\x00\x00\x00\x00\x00\x00\x00\x00\
\x00\x00\x00\x00\x00\x00\x00\x00\x00\x00\x00\x00\x002\x06\x15\
\x002\x06\x15\x022\x06\x15\x052\x06\x15\x092\x06\x15\
\x0e2\x06\x15\x15,\x00\x10\x1c`98.\xf0\xd9\xa6\
\xbb\xff\xea\xb1\xff\xfd\xe6\xaf\xff\xfa\xe2\xac\xff\xf7\xde\xa9\
\xff\xdf\xc2\x96\xb8H\x1d%>0\x03\x137$\x00\x0b\
5\xb8\x92u\x8a\xe2\xbc\x92\xfd\xdf\xb7\x8f\xff\xdb\xb0\x8b\
\xff\xd7\xaa\x87\xff\xd3\xa5\x83\xff\xcf\x9f\x80\xff\xcb\x99|\
\xff\xc7\x93x\xff\xc4\x8et\xff\xc0\x88q\xff\xbc\x82m\
\xff\xb8}j\xff\xb5wg\xff\xb2rc\xff\xa1cY\
\xbcB\x13\x1e>0\x05\x1452\x06\x1550\x05\x14\
6C\x12\x1eA\x8cCF\xc2\x93EH\xff\x8e?E\
\xff\x8b:B\xffz,8\xb3~WQ^\xd3\xb9\x9a\
\xb0\xe9\xd0\xac\xf1\xeb\xd1\xad\xff\xe9\xce\xab\xff\xe7\xcb\xa9\
\xff\xe5\xc7\xa7\xff\xe1\xc3\xa4\xfa\xdd\xbd\xa0\xf0\xdc\xba\x9e\
\xf2\xdb\xb9\x9d\xfc\xda\xb7\x9c\xff\xd7\xb2\x99\xfa\xcb\xa4\x8e\
\xb8\x84[V>'\x00\x0c\x1d2\x06\x15\x192\x06\x15\
\x122\x06\x15\x0d2\x06\x15\x082\x06\x15\x052\x06\x15\
\x032\x06\x15\x012\x06\x15\x00\x00\x00\x00\x00\x00\x00\x00\
\x00\x00\x00\x00\x00\x00\x00\x00\x00\x00\x00\x00\x00\x00\x00\x00\
\x00\x00\x00\x00\x00\x00\x00\x00\x00\x00\x00\x00\x00\x00\x00\x00\
\x00\x00\x00\x00\x00\x00\x00\x00\x00\x00\x00\x00\x00\x00\x00\x00\
\x00\x00\x00\x00\x00\x00\x00\x00\x00\x00\x00\x00\x00\x00\x00\x00\
\x00\x00\x00\x00\x00\x00\x00\x00\x00\x00\x00\x00\x00\x00\x00\x00\
\x00\x00\x00\x00\x00\x00\x00\x00\x00\x00\x00\x00\x00\x00\x00\x00\
\x00\x00\x00\x00\x00\x00\x00\x00\x00\x00\x00\x00\x00\x00\x00\x00\
\x00\x00\x00\x00\x00\x00\x00\x00\x00\x00\x00\x00\x00\x00\x00\x00\
\x00\x00\x00\x00\x00\x00\x00\x00\x00\x00\x00\x00\x00\x00\x00\x00\
\x00\x00\x00\x00\x00\x00\x00\x00\x00\x00\x00\x00\x00\x00\x00\x00\
\x00\x00\x00\x00\x00\x00\x00\x00\x00\x00\x00\x00\x00\x00\x00\x00\
\x00\x00\x00\x00\x00\x00\x00\x00\x00\x00\x00\x00\x00\x00\x00\x00\
\x00\x00\x00\x00\x00\x00\x00\x00\x00\x00\x00\x00\x00\x00\x00\x00\
\x00\x00\x00\x00\x00\x00\x00\x00\x00\x00\x00\x00\x00\x00\x00\x00\
\x00\x00\x00\x00\x00\x00\x00\x00\x00\x00\x00\x00\x002\x06\x15\
\x012\x06\x15\x022\x06\x15\x052\x06\x15\x092\x06\x15\
\x0f2\x06\x15\x16+\x00\x10\x1dgA=1\xf2\xdb\xa7\
\xc2\xff\xea\xb1\xff\xfd\xe7\xaf\xff\xfb\xe3\xad\xff\xf8\xdf\xa9\
\xfd\xc8\xaa\x86\x8b$\x00\x0b42\x06\x156&\x00\x0c\
4\xac\x86mx\xe2\xbd\x93\xf7\xe0\xb9\x91\xff\xdc\xb2\x8d\
\xff\xd8\xad\x88\xff\xd4\xa7\x85\xff\xd0\xa1\x81\xff\xcd\x9b}\
\xff\xc9\x95y\xff\xc5\x8fu\xff\xc1\x8ar\xff\xbe\x84n\
\xff\xba\x7fk\xff\xb6zh\xff\xb3td\xff\xabk_\
\xe5g25T-\x02\x1252\x06\x1561\x05\x14\
6:\x0c\x19<\x8aCE\xb2\x94GJ\xff\x90AF\
\xff\x8c<C\xff\x865?\xe9T\x17$[D\x1d%\
@\xa3\x82rn\xd1\xb5\x97\xad\xe0\xc5\xa4\xdc\xe4\xc8\xa6\
\xf1\xe3\xc6\xa5\xf7\xe2\xc3\xa4\xfd\xe0\xc0\xa2\xfd\xdd\xbc\x9f\
\xf7\xd9\xb6\x9b\xec\xd0\xad\x94\xc8\xb9\x93\x81~nEE\
4(\x00\x0d\x1d2\x06\x15\x1a2\x06\x15\x142\x06\x15\
\x0f2\x06\x15\x0a2\x06\x15\x062\x06\x15\x042\x06\x15\
\x022\x06\x15\x012\x06\x15\x00\x00\x00\x00\x00\x00\x00\x00\
\x00\x00\x00\x00\x00\x00\x00\x00\x00\x00\x00\x00\x00\x00\x00\x00\
\x00\x00\x00\x00\x00\x00\x00\x00\x00\x00\x00\x00\x00\x00\x00\x00\
\x00\x00\x00\x00\x00\x00\x00\x00\x00\x00\x00\x00\x00\x00\x00\x00\
\x00\x00\x00\x00\x00\x00\x00\x00\x00\x00\x00\x00\x00\x00\x00\x00\
\x00\x00\x00\x00\x00\x00\x00\x00\x00\x00\x00\x00\x00\x00\x00\x00\
\x00\x00\x00\x00\x00\x00\x00\x00\x00\x00\x00\x00\x00\x00\x00\x00\
\x00\x00\x00\x00\x00\x00\x00\x00\x00\x00\x00\x00\x00\x00\x00\x00\
\x00\x00\x00\x00\x00\x00\x00\x00\x00\x00\x00\x00\x00\x00\x00\x00\
\x00\x00\x00\x00\x00\x00\x00\x00\x00\x00\x00\x00\x00\x00\x00\x00\
\x00\x00\x00\x00\x00\x00\x00\x00\x00\x00\x00\x00\x00\x00\x00\x00\
\x00\x00\x00\x00\x00\x00\x00\x00\x00\x00\x00\x00\x00\x00\x00\x00\
\x00\x00\x00\x00\x00\x00\x00\x00\x00\x00\x00\x00\x00\x00\x00\x00\
\x00\x00\x00\x00\x00\x00\x00\x00\x00\x00\x00\x00\x00\x00\x00\x00\
\x00\x00\x00\x00\x00\x00\x00\x00\x00\x00\x00\x00\x00\x00\x00\x00\
\x00\x00\x00\x00\x00\x00\x00\x00\x00\x00\x00\x00\x002\x06\x15\
\x012\x06\x15\x022\x06\x15\x052\x06\x15\x0a2\x06\x15\
\x0f2\x06\x15\x17*\x00\x0f\x1enIC5\xf3\xdd\xa8\
\xc9\xff\xea\xb1\xff\xfe\xe9\xb0\xff\xfc\xe5\xae\xff\xf6\xdd\xa8\
\xef\x9d|f`(\x00\x0d42\x06\x155(\x00\x0e\
4\x9ewcg\xe2\xbd\x94\xf2\xe1\xbb\x92\xff\xdd\xb5\x8e\
\xff\xd9\xaf\x8a\xff\xd6\xa9\x86\xff\xd2\xa3\x82\xff\xce\x9d~\
\xff\xca\x97{\xff\xc6\x91w\xff\xc3\x8cs\xff\xbf\x86p\
\xff\xbb\x81m\xff\xb8|i\xff\xb4vf\xff\xb0pb\
\xfa\x8cQK\x82*\x00\x1052\x06\x1571\x05\x14\
7=\x0e\x1b>\x8cFG\xb7\x96IK\xff\x91DH\
\xff\x8e>E\xff\x898A\xf4e\x22.p+\x01\x11\
9(\x00\x0d7;\x12\x1c;mGEK\x9awj\
d\xae\x8czv\xb9\x97\x83\x85\xb8\x95\x82\x83\xab\x87w\
p\x8fi`Ra8;6)\x04\x0e$+\x02\x0f\
\x1f2\x06\x15\x1b2\x06\x15\x152\x06\x15\x102\x06\x15\
\x0b2\x06\x15\x072\x06\x15\x052\x06\x15\x032\x06\x15\
\x012\x06\x15\x00\x00\x00\x00\x00\x00\x00\x00\x00\x00\x00\x00\
\x00\x00\x00\x00\x00\x00\x00\x00\x00\x00\x00\x00\x00\x00\x00\x00\
\x00\x00\x00\x00\x00\x00\x00\x00\x00\x00\x00\x00\x00\x00\x00\x00\
\x00\x00\x00\x00\x00\x00\x00\x00\x00\x00\x00\x00\x00\x00\x00\x00\
\x00\x00\x00\x00\x00\x00\x00\x00\x00\x00\x00\x00\x00\x00\x00\x00\
\x00\x00\x00\x00\x00\x00\x00\x00\x00\x00\x00\x00\x00\x00\x00\x00\
\x00\x00\x00\x00\x00\x00\x00\x00\x00\x00\x00\x00\x00\x00\x00\x00\
\x00\x00\x00\x00\x00\x00\x00\x00\x00\x00\x00\x00\x00\x00\x00\x00\
\x00\x00\x00\x00\x00\x00\x00\x00\x00\x00\x00\x00\x00\x00\x00\x00\
\x00\x00\x00\x00\x00\x00\x00\x00\x00\x00\x00\x00\x00\x00\x00\x00\
\x00\x00\x00\x00\x00\x00\x00\x00\x00\x00\x00\x00\x00\x00\x00\x00\
\x00\x00\x00\x00\x00\x00\x00\x00\x00\x00\x00\x00\x00\x00\x00\x00\
\x00\x00\x00\x00\x00\x00\x00\x00\x00\x00\x00\x00\x00\x00\x00\x00\
\x00\x00\x00\x00\x00\x00\x00\x00\x00\x00\x00\x00\x00\x00\x00\x00\
\x00\x00\x00\x00\x00\x00\x00\x00\x00\x00\x00\x00\x00\x00\x00\x00\
\x00\x00\x00\x00\x00\x00\x00\x00\x00\x00\x00\x00\x002\x06\x15\
\x012\x06\x15\x022\x06\x15\x052\x06\x15\x0a2\x06\x15\
\x102\x06\x15\x17)\x00\x0e\x1euPH7\xf5\xde\xa9\
\xcf\xff\xea\xb1\xff\xff\xea\xb0\xff\xfe\xe7\xaf\xff\xee\xd5\xa3\
\xd0e><E-\x01\x1142\x06\x154*\x00\x0f\
4\x8abTY\xe2\xbe\x94\xed\xe3\xbd\x93\xff\xdf\xb7\x8f\
\xff\xdb\xb1\x8c\xff\xd7\xab\x88\xff\xd3\xa5\x84\xff\xcf\x9f\x80\
\xff\xcc\x9a|\xff\xc8\x94x\xff\xc4\x8eu\xff\xc0\x88q\
\xff\xbc\x83n\xff\xb9}j\xff\xb5xg\xff\xb2sd\
\xff\xa1cX\xb9?\x11\x1d>0\x05\x1480\x04\x14\
8K\x18#G\x93KK\xd1\x97LL\xff\x93FI\
\xff\x8f@F\xff\x8a:B\xf3e#/n-\x03\x13\
82\x06\x1591\x04\x147-\x01\x115(\x00\x0d\
4%\x00\x0b2#\x00\x090#\x00\x09.%\x00\x0a\
,(\x00\x0d*-\x01\x11&1\x05\x15\x222\x06\x15\
\x1d2\x06\x15\x172\x06\x15\x122\x06\x15\x0d2\x06\x15\
\x092\x06\x15\x052\x06\x15\x032\x06\x15\x022\x06\x15\
\x012\x06\x15\x00\x00\x00\x00\x00\x00\x00\x00\x00\x00\x00\x00\
\x00\x00\x00\x00\x00\x00\x00\x00\x00\x00\x00\x00\x00\x00\x00\x00\
\x00\x00\x00\x00\x00\x00\x00\x00\x00\x00\x00\x00\x00\x00\x00\x00\
\x00\x00\x00\x00\x00\x00\x00\x00\x00\x00\x00\x00\x00\x00\x00\x00\
\x00\x00\x00\x00\x00\x00\x00\x00\x00\x00\x00\x00\x00\x00\x00\x00\
\x00\x00\x00\x00\x00\x00\x00\x00\x00\x00\x00\x00\x00\x00\x00\x00\
\x00\x00\x00\x00\x00\x00\x00\x00\x00\x00\x00\x00\x00\x00\x00\x00\
\x00\x00\x00\x00\x00\x00\x00\x00\x00\x00\x00\x00\x00\x00\x00\x00\
\x00\x00\x00\x00\x00\x00\x00\x00\x00\x00\x00\x00\x00\x00\x00\x00\
\x00\x00\x00\x00\x00\x00\x00\x00\x00\x00\x00\x00\x00\x00\x00\x00\
\x00\x00\x00\x00\x00\x00\x00\x00\x00\x00\x00\x00\x00\x00\x00\x00\
\x00\x00\x00\x00\x00\x00\x00\x00\x00\x00\x00\x00\x00\x00\x00\x00\
\x00\x00\x00\x00\x00\x00\x00\x00\x00\x00\x00\x00\x00\x00\x00\x00\
\x00\x00\x00\x00\x00\x00\x00\x00\x00\x00\x00\x00\x00\x00\x00\x00\
\x00\x00\x00\x00\x00\x00\x00\x00\x00\x00\x00\x00\x00\x00\x00\x00\
\x00\x00\x00\x00\x00\x00\x00\x00\x00\x00\x00\x00\x002\x06\x15\
\x012\x06\x15\x022\x06\x15\x052\x06\x15\x0a2\x06\x15\
\x102\x06\x15\x17(\x00\x0d\x1e|XM9\xf7\xe1\xab\
\xd6\xff\xea\xb1\xff\xff\xea\xb1\xff\xfe\xe8\xb0\xff\xdd\xc3\x96\
\xa54\x08\x1771\x05\x1452\x06\x154+\x00\x10\
4vNGN\xe2\xbf\x95\xe8\xe4\xbf\x95\xff\xe0\xb9\x91\
\xff\xdc\xb3\x8d\xff\xd8\xad\x89\xff\xd5\xa7\x85\xff\xd1\xa2\x81\
\xff\xcd\x9b~\xff\xc9\x96z\xff\xc5\x90v\xff\xc2\x8as\
\xff\xbe\x85o\xff\xba\x7fl\xff\xb7zh\xff\xb3ue\
\xff\xacl_\xe7j57[-\x02\x128,\x02\x12\
8l06d\x9aQO\xef\x98MM\xff\x94GJ\
\xff\x90BG\xff\x8a;C\xed[\x1e*].\x04\x13\
82\x06\x1581\x05\x1470\x04\x1460\x04\x14\
51\x05\x1442\x06\x1532\x06\x1512\x06\x15\
.2\x06\x15*2\x06\x15&2\x06\x15 2\x06\x15\
\x1a2\x06\x15\x152\x06\x15\x0f2\x06\x15\x0b2\x06\x15\
\x072\x06\x15\x042\x06\x15\x022\x06\x15\x012\x06\x15\
\x00\x00\x00\x00\x00\x00\x00\x00\x00\x00\x00\x00\x00\x00\x00\x00\
\x00\x00\x00\x00\x00\x00\x00\x00\x00\x00\x00\x00\x00\x00\x00\x00\
\x00\x00\x00\x00\x00\x00\x00\x00\x00\x00\x00\x00\x00\x00\x00\x00\
\x00\x00\x00\x00\x00\x00\x00\x00\x00\x00\x00\x00\x00\x00\x00\x00\
\x00\x00\x00\x00\x00\x00\x00\x00\x00\x00\x00\x00\x00\x00\x00\x00\
\x00\x00\x00\x00\x00\x00\x00\x00\x00\x00\x00\x00\x00\x00\x00\x00\
\x00\x00\x00\x00\x00\x00\x00\x00\x00\x00\x00\x00\x00\x00\x00\x00\
\x00\x00\x00\x00\x00\x00\x00\x00\x00\x00\x00\x00\x00\x00\x00\x00\
\x00\x00\x00\x00\x00\x00\x00\x00\x00\x00\x00\x00\x00\x00\x00\x00\
\x00\x00\x00\x00\x00\x00\x00\x00\x00\x00\x00\x00\x00\x00\x00\x00\
\x00\x00\x00\x00\x00\x00\x00\x00\x00\x00\x00\x00\x00\x00\x00\x00\
\x00\x00\x00\x00\x00\x00\x00\x00\x00\x00\x00\x00\x00\x00\x00\x00\
\x00\x00\x00\x00\x00\x00\x00\x00\x00\x00\x00\x00\x00\x00\x00\x00\
\x00\x00\x00\x00\x00\x00\x00\x00\x00\x00\x00\x00\x00\x00\x00\x00\
\x00\x00\x00\x00\x00\x00\x00\x00\x00\x00\x00\x00\x00\x00\x00\x00\
\x00\x00\x00\x00\x00\x00\x00\x00\x00\x00\x00\x00\x002\x06\x15\
\x012\x06\x15\x022\x06\x15\x052\x06\x15\x0a2\x06\x15\
\x102\x06\x15\x17'\x00\x0d\x1e\x82_R;\xf8\xe3\xac\
\xdc\xff\xea\xb1\xff\xff\xea\xb1\xff\xfd\xe7\xaf\xf9\xc0\xa5\x80\
{!\x00\x0842\x06\x1562\x06\x155,\x00\x11\
4lD?J\xe1\xbe\x94\xdf\xe6\xc1\x96\xff\xe1\xbb\x92\
\xff\xde\xb5\x8e\xff\xda\xaf\x8a\xff\xd6\xa9\x87\xff\xd2\xa4\x83\
\xff\xce\x9e\x7f\xff\xcb\x98{\xff\xc7\x92x\xff\xc3\x8ct\
\xff\xbf\x87p\xff\xbc\x82m\xff\xb8|i\xff\xb4wf\
\xff\xb0qc\xfd\x90TN\x8f+\x00\x11:2\x06\x15\
=\x8cJH\xa0\x9eUR\xff\x99ON\xff\x95JK\
\xff\x92DH\xff\x88;B\xd7F\x10\x1eJ$\x00\x0a\
6!\x00\x074,\x06\x105<\x11\x1e8=\x12\x1e\
87\x0d\x195#\x01\x090$\x00\x09.*\x00\x0f\
-0\x04\x13*2\x06\x15&2\x06\x15 2\x06\x15\
\x1a2\x06\x15\x142\x06\x15\x0f2\x06\x15\x0a2\x06\x15\
\x072\x06\x15\x042\x06\x15\x022\x06\x15\x012\x06\x15\
\x00\x00\x00\x00\x00\x00\x00\x00\x00\x00\x00\x00\x00\x00\x00\x00\
\x00\x00\x00\x00\x00\x00\x00\x00\x00\x00\x00\x00\x00\x00\x00\x00\
\x00\x00\x00\x00\x00\x00\x00\x00\x00\x00\x00\x00\x00\x00\x00\x00\
\x00\x00\x00\x00\x00\x00\x00\x00\x00\x00\x00\x00\x00\x00\x00\x00\
\x00\x00\x00\x00\x00\x00\x00\x00\x00\x00\x00\x00\x00\x00\x00\x00\
\x00\x00\x00\x00\x00\x00\x00\x00\x00\x00\x00\x00\x00\x00\x00\x00\
\x00\x00\x00\x00\x00\x00\x00\x00\x00\x00\x00\x00\x00\x00\x00\x00\
\x00\x00\x00\x00\x00\x00\x00\x00\x00\x00\x00\x00\x00\x00\x00\x00\
\x00\x00\x00\x00\x00\x00\x00\x00\x00\x00\x00\x00\x00\x00\x00\x00\
\x00\x00\x00\x00\x00\x00\x00\x00\x00\x00\x00\x00\x00\x00\x00\x00\
\x00\x00\x00\x00\x00\x00\x00\x00\x00\x00\x00\x00\x00\x00\x00\x00\
\x00\x00\x00\x00\x00\x00\x00\x00\x00\x00\x00\x00\x00\x00\x00\x00\
\x00\x00\x00\x00\x00\x00\x00\x00\x00\x00\x00\x00\x00\x00\x00\x00\
\x00\x00\x00\x00\x00\x00\x00\x00\x00\x00\x00\x00\x00\x00\x00\x00\
\x00\x00\x00\x00\x00\x00\x00\x00\x00\x00\x00\x00\x00\x00\x00\x00\
\x00\x00\x00\x00\x00\x00\x00\x00\x00\x00\x00\x00\x002\x06\x15\
\x012\x06\x15\x022\x06\x15\x052\x06\x15\x0a2\x06\x15\
\x0f2\x06\x15\x16&\x00\x0c\x1d\x89fW<\xfa\xe4\xad\
\xe2\xff\xea\xb1\xff\xff\xea\xb1\xff\xfe\xe9\xb0\xfc\xda\xc0\x95\
\x9eG\x1f%=.\x02\x1262\x06\x156-\x01\x11\
6g?<I\xe1\xbe\x94\xd9\xe7\xc4\x98\xff\xe3\xbd\x93\
\xff\xdf\xb7\x90\xff\xdb\xb1\x8c\xff\xd7\xac\x88\xff\xd4\xa6\x84\
\xff\xd0\xa0\x80\xff\xcc\x9a|\xff\xc8\x94y\xff\xc4\x8eu\
\xff\xc1\x89q\xff\xbd\x83n\xff\xb9~k\xff\xb5xg\
\xff\xb2sd\xff\xa3eZ\xc5A\x13\x1eEf.3\
^\x9eYS\xe2\x9fWS\xff\x9bQO\xff\x97LL\
\xff\x93FH\xff\x86>B\xb3|WQV\xae\x8f{\
t\xc6\xa9\x8e\x91\xcf\xb3\x96\xa3\xd2\xb6\x98\xae\xd1\xb3\x97\
\xae\xce\xaf\x94\xaa\xc4\xa4\x8c\x97\xb2\x90}y\x84]W\
MA\x19!0'\x00\x0c%1\x05\x14\x222\x06\x15\
\x1c2\x06\x15\x162\x06\x15\x102\x06\x15\x0b2\x06\x15\
\x072\x06\x15\x042\x06\x15\x022\x06\x15\x012\x06\x15\
\x00\x00\x00\x00\x00\x00\x00\x00\x00\x00\x00\x00\x00\x00\x00\x00\
\x00\x00\x00\x00\x00\x00\x00\x00\x00\x00\x00\x00\x00\x00\x00\x00\
\x00\x00\x00\x00\x00\x00\x00\x00\x00\x00\x00\x00\x00\x00\x00\x00\
\x00\x00\x00\x00\x00\x00\x00\x00\x00\x00\x00\x00\x00\x00\x00\x00\
\x00\x00\x00\x00\x00\x00\x00\x00\x00\x00\x00\x00\x00\x00\x00\x00\
\x00\x00\x00\x00\x00\x00\x00\x00\x00\x00\x00\x00\x00\x00\x00\x00\
\x00\x00\x00\x00\x00\x00\x00\x00\x00\x00\x00\x00\x00\x00\x00\x00\
\x00\x00\x00\x00\x00\x00\x00\x00\x00\x00\x00\x00\x00\x00\x00\x00\
\x00\x00\x00\x00\x00\x00\x00\x00\x00\x00\x00\x00\x00\x00\x00\x00\
\x00\x00\x00\x00\x00\x00\x00\x00\x00\x00\x00\x00\x00\x00\x00\x00\
\x00\x00\x00\x00\x00\x00\x00\x00\x00\x00\x00\x00\x00\x00\x00\x00\
\x00\x00\x00\x00\x00\x00\x00\x00\x00\x00\x00\x00\x00\x00\x00\x00\
\x00\x00\x00\x00\x00\x00\x00\x00\x00\x00\x00\x00\x00\x00\x00\x00\
\x00\x00\x00\x00\x00\x00\x00\x00\x00\x00\x00\x00\x00\x00\x00\x00\
\x00\x00\x00\x00\x00\x00\x00\x00\x00\x00\x00\x00\x00\x00\x00\x00\
\x00\x00\x00\x00\x00\x00\x00\x00\x00\x00\x00\x00\x002\x06\x15\
\x012\x06\x15\x022\x06\x15\x052\x06\x15\x092\x06\x15\
\x0e2\x06\x15\x15$\x00\x0a\x1c\x93r_?\xfb\xe6\xae\
\xe8\xff\xea\xb1\xff\xff\xea\xb1\xff\xff\xea\xb1\xff\xfc\xe6\xae\
\xf5\xcf\xb3\x8c\x90?\x16\x1f</\x03\x137-\x01\x12\
8e=:I\xe1\xbf\x95\xd8\xe8\xc6\x99\xff\xe4\xbf\x95\
\xff\xe0\xba\x91\xff\xdd\xb3\x8d\xff\xd9\xae\x89\xff\xd5\xa8\x86\
\xff\xd1\xa2\x82\xff\xcd\x9c~\xff\xc9\x97z\xff\xc6\x91v\
\xff\xc2\x8bs\xff\xbe\x85o\xff\xbb\x80l\xff\xb7zh\
\xff\xb4ue\xff\xadm`\xedyA@p\x97VP\
\xb3\xa4_X\xff\xa0YT\xff\x9cSQ\xff\x98MM\
\xff\x97LM\xfd\xc3\x96\x81\xda\xeb\xd4\xae\xe1\xee\xd6\xaf\
\xf7\xee\xd6\xaf\xff\xed\xd3\xaf\xff\xea\xd0\xac\xff\xe9\xcd\xaa\
\xff\xe6\xc9\xa8\xff\xe3\xc6\xa5\xff\xe0\xc0\xa2\xf9\xda\xb9\x9d\
\xe4\xc9\xa7\x8f\xa8\x96pfS1\x07\x14%/\x04\x12\
\x1f2\x06\x15\x192\x06\x15\x132\x06\x15\x0d2\x06\x15\
\x082\x06\x15\x052\x06\x15\x032\x06\x15\x012\x06\x15\
\x00\x00\x00\x00\x00\x00\x00\x00\x00\x00\x00\x00\x00\x00\x00\x00\
\x00\x00\x00\x00\x00\x00\x00\x00\x00\x00\x00\x00\x00\x00\x00\x00\
\x00\x00\x00\x00\x00\x00\x00\x00\x00\x00\x00\x00\x00\x00\x00\x00\
\x00\x00\x00\x00\x00\x00\x00\x00\x00\x00\x00\x00\x00\x00\x00\x00\
\x00\x00\x00\x00\x00\x00\x00\x00\x00\x00\x00\x00\x00\x00\x00\x00\
\x00\x00\x00\x00\x00\x00\x00\x00\x00\x00\x00\x00\x00\x00\x00\x00\
\x00\x00\x00\x00\x00\x00\x00\x00\x00\x00\x00\x00\x00\x00\x00\x00\
\x00\x00\x00\x00\x00\x00\x00\x00\x00\x00\x00\x00\x00\x00\x00\x00\
\x00\x00\x00\x00\x00\x00\x00\x00\x00\x00\x00\x00\x00\x00\x00\x00\
\x00\x00\x00\x00\x00\x00\x00\x00\x00\x00\x00\x00\x00\x00\x00\x00\
\x00\x00\x00\x00\x00\x00\x00\x00\x00\x00\x00\x00\x00\x00\x00\x00\
\x00\x00\x00\x00\x00\x00\x00\x00\x00\x00\x00\x00\x00\x00\x00\x00\
\x00\x00\x00\x00\x00\x00\x00\x00\x00\x00\x00\x00\x00\x00\x00\x00\
\x00\x00\x00\x00\x00\x00\x00\x00\x00\x00\x00\x00\x00\x00\x00\x00\
\x00\x00\x00\x00\x00\x00\x00\x00\x00\x00\x00\x00\x00\x00\x00\x00\
\x00\x00\x00\x00\x00\x00\x00\x00\x00\x00\x00\x00\x002\x06\x15\
\x002\x06\x15\x022\x06\x15\x042\x06\x15\x082\x06\x15\
\x0d2\x06\x15\x14'\x00\x0c\x1a\x82_R6\xf7\xe1\xab\
\xd3\xff\xea\xb1\xff\xff\xea\xb1\xff\xff\xea\xb1\xff\xff\xe9\xb1\
\xff\xfa\xe2\xac\xf1\xc6\xa9\x84\x877\x0c\x19<+\x00\x10\
9g?<L\xe3\xc2\x97\xdc\xea\xc8\x9b\xff\xe6\xc2\x96\
\xff\xe2\xbc\x93\xff\xde\xb6\x8f\xff\xda\xb0\x8b\xff\xd6\xaa\x87\
\xff\xd3\xa4\x83\xff\xcf\x9e\x7f\xff\xcb\x98{\xff\xc7\x93x\
\xff\xc3\x8dt\xff\xc0\x87q\xff\xbc\x82m\xff\xb8|j\
\xff\xb5wg\xff\xb1qc\xfc\xa8g\x5c\xdf\xa8f[\
\xf6\xa5aY\xff\xa1[U\xff\x9dVR\xff\x99NM\
\xff\xa8h`\xff\xe9\xcf\xa9\xff\xf2\xdd\xb3\xff\xed\xd5\xae\
\xf0\xe2\xc8\xa5\xcb\xd7\xbb\x9d\xae\xd5\xb8\x9a\xac\xd3\xb6\x99\
\xae\xda\xbc\x9f\xcd\xe1\xc3\xa3\xf3\xe1\xc2\xa3\xff\xdf\xbe\xa1\
\xff\xdd\xbb\x9f\xff\xd6\xb3\x99\xe2\xb5\x8f~v=\x12\x1e\
&/\x03\x12\x1c2\x06\x15\x162\x06\x15\x102\x06\x15\
\x0b2\x06\x15\x072\x06\x15\x042\x06\x15\x022\x06\x15\
\x012\x06\x15\x00\x00\x00\x00\x00\x00\x00\x00\x00\x00\x00\x00\
\x00\x00\x00\x00\x00\x00\x00\x00\x00\x00\x00\x00\x00\x00\x00\x00\
\x00\x00\x00\x00\x00\x00\x00\x00\x00\x00\x00\x00\x00\x00\x00\x00\
\x00\x00\x00\x00\x00\x00\x00\x00\x00\x00\x00\x00\x00\x00\x00\x00\
\x00\x00\x00\x00\x00\x00\x00\x00\x00\x00\x00\x00\x00\x00\x00\x00\
\x00\x00\x00\x00\x00\x00\x00\x00\x00\x00\x00\x00\x00\x00\x00\x00\
\x00\x00\x00\x00\x00\x00\x00\x00\x00\x00\x00\x00\x00\x00\x00\x00\
\x00\x00\x00\x00\x00\x00\x00\x00\x00\x00\x00\x00\x00\x00\x00\x00\
\x00\x00\x00\x00\x00\x00\x00\x00\x00\x00\x00\x00\x00\x00\x00\x00\
\x00\x00\x00\x00\x00\x00\x00\x00\x00\x00\x00\x00\x00\x00\x00\x00\
\x00\x00\x00\x00\x00\x00\x00\x00\x00\x00\x00\x00\x00\x00\x00\x00\
\x00\x00\x00\x00\x00\x00\x00\x00\x00\x00\x00\x00\x00\x00\x00\x00\
\x00\x00\x00\x00\x00\x00\x00\x00\x00\x00\x00\x00\x00\x00\x00\x00\
\x00\x00\x00\x00\x00\x00\x00\x00\x00\x00\x00\x00\x00\x00\x00\x00\
\x00\x00\x00\x00\x00\x00\x00\x00\x00\x00\x00\x00\x00\x00\x00\x00\
\x00\x00\x00\x00\x00\x00\x00\x00\x00\x00\x00\x00\x002\x06\x15\
\x002\x06\x15\x022\x06\x15\x042\x06\x15\x072\x06\x15\
\x0c2\x06\x15\x120\x04\x14\x190\x04\x13!\xdd\xc4\x97\
\x85\xfe\xe9\xb0\xfb\xff\xea\xb1\xff\xff\xea\xb1\xff\xff\xea\xb1\
\xff\xfe\xe8\xb0\xff\xf7\xdf\xaa\xed\xbb\x9c|\x7f*\x00\x0f\
;xQHV\xe8\xc8\x9b\xe9\xeb\xca\x9c\xff\xe7\xc4\x98\
\xff\xe3\xbe\x94\xff\xdf\xb8\x90\xff\xdc\xb2\x8c\xff\xd8\xac\x88\
\xff\xd4\xa6\x84\xff\xd0\xa0\x81\xff\xcc\x9b}\xff\xc8\x95y\
\xff\xc5\x8fu\xff\xc1\x89r\xff\xbd\x83n\xff\xb9~k\
\xff\xb6yh\xff\xb2td\xff\xafna\xff\xabi]\
\xff\xa7cZ\xff\xa3]W\xff\x9fWS\xff\x9bRP\
\xff\xc7\x99\x83\xff\xf2\xde\xb4\xfe\xe2\xca\xa6\xc2\xa5\x86t\
b`9;<A\x16!2>\x13\x1f2@\x15 \
3`8;>\xac\x89xr\xda\xbb\x9e\xdf\xdf\xbe\xa1\
\xff\xdd\xbb\x9f\xff\xdb\xb8\x9d\xff\xd6\xb2\x99\xee\xb3\x8d|\
r-\x03\x11!1\x05\x14\x1a2\x06\x15\x132\x06\x15\
\x0d2\x06\x15\x082\x06\x15\x052\x06\x15\x022\x06\x15\
\x012\x06\x15\x00\x00\x00\x00\x00\x00\x00\x00\x00\x00\x00\x00\
\x00\x00\x00\x00\x00\x00\x00\x00\x00\x00\x00\x00\x00\x00\x00\x00\
\x00\x00\x00\x00\x00\x00\x00\x00\x00\x00\x00\x00\x00\x00\x00\x00\
\x00\x00\x00\x00\x00\x00\x00\x00\x00\x00\x00\x00\x00\x00\x00\x00\
\x00\x00\x00\x00\x00\x00\x00\x00\x00\x00\x00\x00\x00\x00\x00\x00\
\x00\x00\x00\x00\x00\x00\x00\x00\x00\x00\x00\x00\x00\x00\x00\x00\
\x00\x00\x00\x00\x00\x00\x00\x00\x00\x00\x00\x00\x00\x00\x00\x00\
\x00\x00\x00\x00\x00\x00\x00\x00\x00\x00\x00\x00\x00\x00\x00\x00\
\x00\x00\x00\x00\x00\x00\x00\x00\x00\x00\x00\x00\x00\x00\x00\x00\
\x00\x00\x00\x00\x00\x00\x00\x00\x00\x00\x00\x00\x00\x00\x00\x00\
\x00\x00\x00\x00\x00\x00\x00\x00\x00\x00\x00\x00\x00\x00\x00\x00\
\x00\x00\x00\x00\x00\x00\x00\x00\x00\x00\x00\x00\x00\x00\x00\x00\
\x00\x00\x00\x00\x00\x00\x00\x00\x00\x00\x00\x00\x00\x00\x00\x00\
\x00\x00\x00\x00\x00\x00\x00\x00\x00\x00\x00\x00\x00\x00\x00\x00\
\x00\x00\x00\x00\x00\x00\x00\x00\x00\x00\x00\x00\x00\x00\x00\x00\
\x00\x00\x00\x00\x00\x00\x00\x00\x00\x00\x00\x00\x002\x06\x15\
\x002\x06\x15\x012\x06\x15\x032\x06\x15\x062\x06\x15\
\x0a2\x06\x15\x102\x06\x15\x16(\x00\x0d\x1d{YM\
6\xf1\xdb\xa7\xbf\xff\xea\xb1\xff\xff\xea\xb1\xff\xff\xea\xb1\
\xff\xfe\xe9\xb0\xff\xfc\xe5\xae\xff\xf3\xda\xa6\xe8\xb1\x90s\
y\xb8\x97y\x85\xed\xcf\x9f\xf7\xec\xcc\x9d\xff\xe8\xc6\x99\
\xff\xe5\xc0\x95\xff\xe1\xba\x92\xff\xdd\xb4\x8e\xff\xd9\xae\x8a\
\xff\xd5\xa9\x86\xff\xd2\xa3\x82\xff\xce\x9d~\xff\xca\x97{\
\xff\xc6\x91w\xff\xc2\x8bs\xff\xbe\x86p\xff\xbb\x80l\
\xff\xb7{i\xff\xb3ve\xff\xb0pb\xff\xack_\
\xff\xa8e[\xff\xa4_X\xff\xa0XS\xff\xaaja\
\xff\xe7\xcb\xa6\xff\xe8\xd3\xab\xcf\x82`WM\x22\x00\x08\
--\x01\x11-0\x04\x13,0\x04\x13,0\x04\x13\
.-\x01\x11/$\x00\x090\xba\x98\x83\x8b\xde\xbe\xa0\
\xfc\xdd\xbb\x9f\xff\xda\xb8\x9c\xff\xd9\xb5\x9b\xff\xd2\xad\x95\
\xdc\x8fg_G%\x00\x0a\x1c2\x06\x15\x172\x06\x15\
\x102\x06\x15\x0a2\x06\x15\x062\x06\x15\x032\x06\x15\
\x012\x06\x15\x00\x00\x00\x00\x00\x00\x00\x00\x00\x00\x00\x00\
\x00\x00\x00\x00\x00\x00\x00\x00\x00\x00\x00\x00\x00\x00\x00\x00\
\x00\x00\x00\x00\x00\x00\x00\x00\x00\x00\x00\x00\x00\x00\x00\x00\
\x00\x00\x00\x00\x00\x00\x00\x00\x00\x00\x00\x00\x00\x00\x00\x00\
\x00\x00\x00\x00\x00\x00\x00\x00\x00\x00\x00\x00\x00\x00\x00\x00\
\x00\x00\x00\x00\x00\x00\x00\x00\x00\x00\x00\x00\x00\x00\x00\x00\
\x00\x00\x00\x00\x00\x00\x00\x00\x00\x00\x00\x00\x00\x00\x00\x00\
\x00\x00\x00\x00\x00\x00\x00\x00\x00\x00\x00\x00\x00\x00\x00\x00\
\x00\x00\x00\x00\x00\x00\x00\x00\x00\x00\x00\x00\x00\x00\x00\x00\
\x00\x00\x00\x00\x00\x00\x00\x00\x00\x00\x00\x00\x00\x00\x00\x00\
\x00\x00\x00\x00\x00\x00\x00\x00\x00\x00\x00\x00\x00\x00\x00\x00\
\x00\x00\x00\x00\x00\x00\x00\x00\x00\x00\x00\x00\x00\x00\x00\x00\
\x00\x00\x00\x00\x00\x00\x00\x00\x00\x00\x00\x00\x00\x00\x00\x00\
\x00\x00\x00\x00\x00\x00\x00\x00\x00\x00\x00\x00\x00\x00\x00\x00\
\x00\x00\x00\x00\x00\x00\x00\x00\x00\x00\x00\x00\x00\x00\x00\x00\
\x00\x00\x00\x00\x00\x00\x00\x00\x00\x00\x00\x00\x002\x06\x15\
\x002\x06\x15\x012\x06\x15\x022\x06\x15\x052\x06\x15\
\x082\x06\x15\x0d2\x06\x15\x132\x06\x15\x1a\x22\x00\x09\
 \xb2\x94vT\xf9\xe3\xac\xde\xff\xea\xb1\xff\xff\xea\xb1\
\xff\xff\xe9\xb1\xff\xfd\xe6\xaf\xff\xfa\xe2\xac\xff\xf3\xd8\xa5\
\xed\xef\xd3\xa2\xee\xf1\xd3\xa2\xff\xed\xce\x9e\xff\xea\xc8\x9a\
\xff\xe6\xc2\x97\xff\xe2\xbc\x93\xff\xdf\xb7\x8f\xff\xdb\xb1\x8b\
\xff\xd7\xab\x87\xff\xd3\xa5\x83\xff\xcf\x9f\x80\xff\xcb\x99|\
\xff\xc7\x93x\xff\xc4\x8dt\xff\xc0\x88q\xff\xbc\x82n\
\xff\xb9}j\xff\xb5xg\xff\xb2rc\xff\xaem`\
\xff\xaag\x5c\xff\xa6aY\xff\xa2\x5cV\xff\xcb\x9e\x86\
\xff\xf4\xe0\xb5\xfc\xc6\xab\x8e\x86!\x00\x07/2\x06\x15\
.2\x06\x15,2\x06\x15+2\x06\x15+2\x06\x15\
-2\x06\x15/(\x00\x0d1\x93nc`\xdc\xbc\x9f\
\xf0\xdd\xbc\x9f\xff\xda\xb8\x9c\xff\xd9\xb5\x9b\xff\xd6\xb1\x98\
\xfe\xbe\x97\x85\x8f0\x04\x13!1\x04\x14\x192\x06\x15\
\x122\x06\x15\x0c2\x06\x15\x072\x06\x15\x042\x06\x15\
\x022\x06\x15\x00\x00\x00\x00\x00\x00\x00\x00\x00\x00\x00\x00\
\x00\x00\x00\x00\x00\x00\x00\x00\x00\x00\x00\x00\x00\x00\x00\x00\
\x00\x00\x00\x00\x00\x00\x00\x00\x00\x00\x00\x00\x00\x00\x00\x00\
\x00\x00\x00\x00\x00\x00\x00\x00\x00\x00\x00\x00\x00\x00\x00\x00\
\x00\x00\x00\x00\x00\x00\x00\x00\x00\x00\x00\x00\x00\x00\x00\x00\
\x00\x00\x00\x00\x00\x00\x00\x00\x00\x00\x00\x00\x00\x00\x00\x00\
\x00\x00\x00\x00\x00\x00\x00\x00\x00\x00\x00\x00\x00\x00\x00\x00\
\x00\x00\x00\x00\x00\x00\x00\x00\x00\x00\x00\x00\x00\x00\x00\x00\
\x00\x00\x00\x00\x00\x00\x00\x00\x00\x00\x00\x00\x00\x00\x00\x00\
\x00\x00\x00\x00\x00\x00\x00\x00\x00\x00\x00\x00\x00\x00\x00\x00\
\x00\x00\x00\x00\x00\x00\x00\x00\x00\x00\x00\x00\x00\x00\x00\x00\
\x00\x00\x00\x00\x00\x00\x00\x00\x00\x00\x00\x00\x00\x00\x00\x00\
\x00\x00\x00\x00\x00\x00\x00\x00\x00\x00\x00\x00\x00\x00\x00\x00\
\x00\x00\x00\x00\x00\x00\x00\x00\x00\x00\x00\x00\x00\x00\x00\x00\
\x00\x00\x00\x00\x00\x00\x00\x00\x00\x00\x00\x00\x00\x00\x00\x00\
\x00\x00\x00\x00\x00\x00\x00\x00\x00\x00\x00\x00\x002\x06\x15\
\x002\x06\x15\x012\x06\x15\x022\x06\x15\x042\x06\x15\
\x072\x06\x15\x0b2\x06\x15\x102\x06\x15\x161\x04\x14\
\x1d)\x02\x0e#\xcc\xb2\x8ao\xfc\xe6\xaf\xee\xff\xea\xb1\
\xff\xff\xea\xb1\xff\xfe\xe8\xb0\xff\xfb\xe4\xad\xff\xf9\xdf\xaa\
\xff\xf5\xda\xa7\xff\xf2\xd5\xa3\xff\xee\xd0\x9f\xff\xeb\xca\x9c\
\xff\xe7\xc4\x98\xff\xe4\xbf\x94\xff\xe0\xb9\x90\xff\xdc\xb3\x8d\
\xff\xd8\xad\x89\xff\xd4\xa7\x85\xff\xd0\xa1\x81\xff\xcd\x9b}\
\xff\xc9\x95y\xff\xc5\x8fv\xff\xc1\x8ar\xff\xbe\x84o\
\xff\xba\x7fk\xff\xb6zh\xff\xb3te\xff\xafoa\
\xff\xabi^\xff\xa6bY\xff\xb3wi\xff\xeb\xd1\xa9\
\xff\xf3\xdf\xb4\xf2\xa7\x88ud&\x00\x0b.2\x06\x15\
-2\x06\x15+2\x06\x15*2\x06\x15*2\x06\x15\
,2\x06\x15/$\x00\x0a0\x99uhf\xdd\xbc\x9f\
\xf2\xdd\xbc\x9f\xff\xdb\xb8\x9c\xff\xd9\xb5\x9a\xff\xd7\xb2\x99\
\xff\xcc\xa6\x90\xc7e:=1+\x00\x0f\x1a2\x06\x15\
\x142\x06\x15\x0d2\x06\x15\x082\x06\x15\x042\x06\x15\
\x022\x06\x15\x00\x00\x00\x00\x00\x00\x00\x00\x00\x00\x00\x00\
\x00\x00\x00\x00\x00\x00\x00\x00\x00\x00\x00\x00\x00\x00\x00\x00\
\x00\x00\x00\x00\x00\x00\x00\x00\x00\x00\x00\x00\x00\x00\x00\x00\
\x00\x00\x00\x00\x00\x00\x00\x00\x00\x00\x00\x00\x00\x00\x00\x00\
\x00\x00\x00\x00\x00\x00\x00\x00\x00\x00\x00\x00\x00\x00\x00\x00\
\x00\x00\x00\x00\x00\x00\x00\x00\x00\x00\x00\x00\x00\x00\x00\x00\
\x00\x00\x00\x00\x00\x00\x00\x00\x00\x00\x00\x00\x00\x00\x00\x00\
\x00\x00\x00\x00\x00\x00\x00\x00\x00\x00\x00\x00\x00\x00\x00\x00\
\x00\x00\x00\x00\x00\x00\x00\x00\x00\x00\x00\x00\x00\x00\x00\x00\
\x00\x00\x00\x00\x00\x00\x00\x00\x00\x00\x00\x00\x00\x00\x00\x00\
\x00\x00\x00\x00\x00\x00\x00\x00\x00\x00\x00\x00\x00\x00\x00\x00\
\x00\x00\x00\x00\x00\x00\x00\x00\x00\x00\x00\x00\x00\x00\x00\x00\
\x00\x00\x00\x00\x00\x00\x00\x00\x00\x00\x00\x00\x00\x00\x00\x00\
\x00\x00\x00\x00\x00\x00\x00\x00\x00\x00\x00\x00\x00\x00\x00\x00\
\x00\x00\x00\x00\x00\x00\x00\x00\x00\x00\x00\x00\x00\x00\x00\x00\
\x00\x00\x00\x00\x00\x00\x00\x00\x00\x00\x00\x00\x00\x00\x00\x00\
\x002\x06\x15\x002\x06\x15\x012\x06\x15\x032\x06\x15\
\x052\x06\x15\x082\x06\x15\x0c2\x06\x15\x122\x06\x15\
\x18.\x02\x12\x1fA\x18!(\xdb\xc2\x95\x87\xfd\xe8\xb0\
\xf5\xff\xea\xb1\xff\xfe\xe9\xb0\xff\xfc\xe5\xae\xff\xf9\xe1\xab\
\xff\xf6\xdc\xa8\xff\xf3\xd7\xa4\xff\xf0\xd2\xa1\xff\xec\xcc\x9d\
\xff\xe9\xc6\x99\xff\xe5\xc1\x96\xff\xe1\xbb\x92\xff\xde\xb5\x8e\
\xff\xda\xaf\x8a\xff\xd6\xa9\x86\xff\xd2\xa3\x82\xff\xce\x9d\x7f\
\xff\xca\x97{\xff\xc6\x91w\xff\xc3\x8cs\xff\xbf\x86p\
\xff\xbb\x81m\xff\xb7|i\xff\xb4vf\xff\xb0qb\
\xff\xadk_\xff\xabi^\xff\xd7\xb0\x92\xff\xf7\xe4\xb7\
\xff\xf2\xde\xb3\xef\x9e\x7fn]'\x00\x0c.2\x06\x15\
-2\x06\x15+2\x06\x15+2\x06\x15+2\x06\x15\
.)\x00\x0d/S,0=\xcb\xaa\x91\xb0\xe0\xbf\xa2\
\xff\xdd\xbc\x9f\xff\xdb\xb8\x9d\xff\xd9\xb5\x9a\xff\xd7\xb2\x99\
\xff\xd1\xab\x94\xe4zPN;'\x00\x0d\x1b2\x06\x15\
\x152\x06\x15\x0e2\x06\x15\x092\x06\x15\x052\x06\x15\
\x022\x06\x15\x00\x00\x00\x00\x00\x00\x00\x00\x00\x00\x00\x00\
\x00\x00\x00\x00\x00\x00\x00\x00\x00\x00\x00\x00\x00\x00\x00\x00\
\x00\x00\x00\x00\x00\x00\x00\x00\x00\x00\x00\x00\x00\x00\x00\x00\
\x00\x00\x00\x00\x00\x00\x00\x00\x00\x00\x00\x00\x00\x00\x00\x00\
\x00\x00\x00\x00\x00\x00\x00\x00\x00\x00\x00\x00\x00\x00\x00\x00\
\x00\x00\x00\x00\x00\x00\x00\x00\x00\x00\x00\x00\x00\x00\x00\x00\
\x00\x00\x00\x00\x00\x00\x00\x00\x00\x00\x00\x00\x00\x00\x00\x00\
\x00\x00\x00\x00\x00\x00\x00\x00\x00\x00\x00\x00\x00\x00\x00\x00\
\x00\x00\x00\x00\x00\x00\x00\x00\x00\x00\x00\x00\x00\x00\x00\x00\
\x00\x00\x00\x00\x00\x00\x00\x00\x00\x00\x00\x00\x00\x00\x00\x00\
\x00\x00\x00\x00\x00\x00\x00\x00\x00\x00\x00\x00\x00\x00\x00\x00\
\x00\x00\x00\x00\x00\x00\x00\x00\x00\x00\x00\x00\x00\x00\x00\x00\
\x00\x00\x00\x00\x00\x00\x00\x00\x00\x00\x00\x00\x00\x00\x00\x00\
\x00\x00\x00\x00\x00\x00\x00\x00\x00\x00\x00\x00\x00\x00\x00\x00\
\x00\x00\x00\x00\x00\x00\x00\x00\x00\x00\x00\x00\x00\x00\x00\x00\
\x00\x00\x00\x00\x00\x00\x00\x00\x00\x00\x00\x00\x00\x00\x00\x00\
\x002\x06\x15\x002\x06\x15\x012\x06\x15\x022\x06\x15\
\x032\x06\x15\x062\x06\x15\x092\x06\x15\x0e2\x06\x15\
\x132\x06\x15\x1a+\x00\x10\x1fS..-\xe2\xca\x9b\
\x97\xfe\xe9\xb0\xf9\xff\xea\xb1\xff\xfd\xe7\xaf\xff\xfa\xe2\xac\
\xff\xf7\xde\xa9\xff\xf4\xd9\xa6\xff\xf1\xd4\xa2\xff\xee\xce\x9f\
\xff\xea\xc8\x9b\xff\xe6\xc3\x97\xff\xe2\xbd\x93\xff\xdf\xb7\x8f\
\xff\xdb\xb1\x8c\xff\xd7\xab\x88\xff\xd3\xa5\x84\xff\xcf\x9f\x80\
\xff\xcc\x9a|\xff\xc8\x94y\xff\xc4\x8eu\xff\xc0\x89q\
\xff\xbd\x83n\xff\xb9~j\xff\xb5xg\xff\xb2rc\
\xff\xadl_\xfe\xbb\x84q\xef\xf3\xdc\xb1\xfb\xf8\xe5\xb8\
\xff\xf3\xdf\xb4\xf3\xad\x90zi%\x00\x0b/2\x06\x15\
/2\x06\x15-1\x05\x14-,\x01\x10-&\x01\x0b\
.pJGF\xcb\xab\x91\xa6\xe0\xc1\xa3\xf9\xe0\xbf\xa2\
\xff\xde\xbc\x9f\xff\xdb\xb8\x9d\xff\xd9\xb5\x9b\xff\xd7\xb2\x99\
\xff\xd2\xac\x94\xe8|RP='\x00\x0c\x1c2\x06\x15\
\x152\x06\x15\x0e2\x06\x15\x092\x06\x15\x052\x06\x15\
\x022\x06\x15\x00\x00\x00\x00\x00\x00\x00\x00\x00\x00\x00\x00\
\x00\x00\x00\x00\x00\x00\x00\x00\x00\x00\x00\x00\x00\x00\x00\x00\
\x00\x00\x00\x00\x00\x00\x00\x00\x00\x00\x00\x00\x00\x00\x00\x00\
\x00\x00\x00\x00\x00\x00\x00\x00\x00\x00\x00\x00\x00\x00\x00\x00\
\x00\x00\x00\x00\x00\x00\x00\x00\x00\x00\x00\x00\x00\x00\x00\x00\
\x00\x00\x00\x00\x00\x00\x00\x00\x00\x00\x00\x00\x00\x00\x00\x00\
\x00\x00\x00\x00\x00\x00\x00\x00\x00\x00\x00\x00\x00\x00\x00\x00\
\x00\x00\x00\x00\x00\x00\x00\x00\x00\x00\x00\x00\x00\x00\x00\x00\
\x00\x00\x00\x00\x00\x00\x00\x00\x00\x00\x00\x00\x00\x00\x00\x00\
\x00\x00\x00\x00\x00\x00\x00\x00\x00\x00\x00\x00\x00\x00\x00\x00\
\x00\x00\x00\x00\x00\x00\x00\x00\x00\x00\x00\x00\x00\x00\x00\x00\
\x00\x00\x00\x00\x00\x00\x00\x00\x00\x00\x00\x00\x00\x00\x00\x00\
\x00\x00\x00\x00\x00\x00\x00\x00\x00\x00\x00\x00\x00\x00\x00\x00\
\x00\x00\x00\x00\x00\x00\x00\x00\x00\x00\x00\x00\x00\x00\x00\x00\
\x00\x00\x00\x00\x00\x00\x00\x00\x00\x00\x00\x00\x00\x00\x00\x00\
\x00\x00\x00\x00\x00\x00\x00\x00\x00\x00\x00\x00\x00\x00\x00\x00\
\x00\x00\x00\x00\x002\x06\x15\x002\x06\x15\x012\x06\x15\
\x022\x06\x15\x042\x06\x15\x062\x06\x15\x0a2\x06\x15\
\x0f2\x06\x15\x152\x06\x15\x1b(\x00\x0d fD<\
2\xe7\xcf\x9f\xa2\xfe\xe9\xb0\xfa\xfe\xe8\xb0\xff\xfb\xe4\xad\
\xff\xf8\xdf\xaa\xff\xf6\xdb\xa7\xff\xf2\xd5\xa3\xff\xef\xd0\xa0\
\xff\xeb\xca\x9c\xff\xe7\xc5\x98\xff\xe4\xbf\x95\xff\xe0\xb9\x91\
\xff\xdd\xb3\x8d\xff\xd9\xad\x89\xff\xd5\xa7\x85\xff\xd1\xa2\x81\
\xff\xcd\x9c~\xff\xc9\x96z\xff\xc6\x90v\xff\xc2\x8bs\
\xff\xbe\x85o\xff\xba\x7fk\xff\xb7zh\xff\xb3ue\
\xff\xabk^\xe8\xa4vg\x88\xde\xc8\xa2\xac\xeb\xd7\xae\
\xd4\xf0\xdc\xb1\xe9\xc2\xa7\x8b\x80#\x00\x0800\x04\x13\
1(\x00\x0d/-\x06\x110mFEB\xb8\x99\x83\
|\xdb\xbe\x9f\xcf\xe3\xc6\xa5\xfc\xe2\xc3\xa4\xff\xdf\xbf\xa1\
\xff\xde\xbc\xa0\xff\xdb\xb9\x9d\xff\xd9\xb5\x9b\xff\xd7\xb2\x99\
\xff\xd2\xab\x94\xe4zPN;'\x00\x0d\x1b2\x06\x15\
\x152\x06\x15\x0e2\x06\x15\x092\x06\x15\x052\x06\x15\
\x022\x06\x15\x00\x00\x00\x00\x00\x00\x00\x00\x00\x00\x00\x00\
\x00\x00\x00\x00\x00\x00\x00\x00\x00\x00\x00\x00\x00\x00\x00\x00\
\x00\x00\x00\x00\x00\x00\x00\x00\x00\x00\x00\x00\x00\x00\x00\x00\
\x00\x00\x00\x00\x00\x00\x00\x00\x00\x00\x00\x00\x00\x00\x00\x00\
\x00\x00\x00\x00\x00\x00\x00\x00\x00\x00\x00\x00\x00\x00\x00\x00\
\x00\x00\x00\x00\x00\x00\x00\x00\x00\x00\x00\x00\x00\x00\x00\x00\
\x00\x00\x00\x00\x00\x00\x00\x00\x00\x00\x00\x00\x00\x00\x00\x00\
\x00\x00\x00\x00\x00\x00\x00\x00\x00\x00\x00\x00\x00\x00\x00\x00\
\x00\x00\x00\x00\x00\x00\x00\x00\x00\x00\x00\x00\x00\x00\x00\x00\
\x00\x00\x00\x00\x00\x00\x00\x00\x00\x00\x00\x00\x00\x00\x00\x00\
\x00\x00\x00\x00\x00\x00\x00\x00\x00\x00\x00\x00\x00\x00\x00\x00\
\x00\x00\x00\x00\x00\x00\x00\x00\x00\x00\x00\x00\x00\x00\x00\x00\
\x00\x00\x00\x00\x00\x00\x00\x00\x00\x00\x00\x00\x00\x00\x00\x00\
\x00\x00\x00\x00\x00\x00\x00\x00\x00\x00\x00\x00\x00\x00\x00\x00\
\x00\x00\x00\x00\x00\x00\x00\x00\x00\x00\x00\x00\x00\x00\x00\x00\
\x00\x00\x00\x00\x00\x00\x00\x00\x00\x00\x00\x00\x00\x00\x00\x00\
\x00\x00\x00\x00\x002\x06\x15\x002\x06\x15\x012\x06\x15\
\x012\x06\x15\x022\x06\x15\x042\x06\x15\x072\x06\x15\
\x0b2\x06\x15\x102\x06\x15\x152\x06\x15\x1b&\x00\x0c\
 kJA4\xe8\xd1\xa0\xa5\xfe\xe8\xb0\xfb\xfc\xe6\xae\
\xff\xfa\xe1\xab\xff\xf7\xdd\xa8\xff\xf4\xd7\xa5\xff\xf0\xd2\xa1\
\xff\xed\xcd\x9d\xff\xe9\xc7\x9a\xff\xe5\xc1\x96\xff\xe2\xbc\x92\
\xff\xde\xb6\x8e\xff\xda\xaf\x8b\xff\xd6\xa9\x87\xff\xd2\xa4\x83\
\xff\xce\x9e\x7f\xff\xca\x98{\xff\xc7\x92w\xff\xc3\x8dt\
\xff\xbf\x87q\xff\xbc\x81m\xff\xb8|j\xff\xb4vf\
\xfb\x98\x5cS\x962\x06\x149@\x17!;gA@\
F\x95uf[\x85cYR$\x00\x0a3B\x1a\x22\
8\x94reY\xcb\xae\x93\x95\xe1\xc5\xa4\xd4\xe7\xcc\xa9\
\xf8\xe7\xca\xa9\xff\xe4\xc7\xa6\xff\xe2\xc3\xa4\xff\xdf\xc0\xa1\
\xff\xdd\xbc\xa0\xff\xdc\xb9\x9d\xff\xda\xb5\x9b\xff\xd8\xb2\x99\
\xff\xcd\xa6\x90\xc8e:=1+\x00\x0f\x1a2\x06\x15\
\x142\x06\x15\x0d2\x06\x15\x082\x06\x15\x042\x06\x15\
\x022\x06\x15\x00\x00\x00\x00\x00\x00\x00\x00\x00\x00\x00\x00\
\x00\x00\x00\x00\x00\x00\x00\x00\x00\x00\x00\x00\x00\x00\x00\x00\
\x00\x00\x00\x00\x00\x00\x00\x00\x00\x00\x00\x00\x00\x00\x00\x00\
\x00\x00\x00\x00\x00\x00\x00\x00\x00\x00\x00\x00\x00\x00\x00\x00\
\x00\x00\x00\x00\x00\x00\x00\x00\x00\x00\x00\x00\x00\x00\x00\x00\
\x00\x00\x00\x00\x00\x00\x00\x00\x00\x00\x00\x00\x00\x00\x00\x00\
\x00\x00\x00\x00\x00\x00\x00\x00\x00\x00\x00\x00\x00\x00\x00\x00\
\x00\x00\x00\x00\x00\x00\x00\x00\x00\x00\x00\x00\x00\x00\x00\x00\
\x00\x00\x00\x00\x00\x00\x00\x00\x00\x00\x00\x00\x00\x00\x00\x00\
\x00\x00\x00\x00\x00\x00\x00\x00\x00\x00\x00\x00\x00\x00\x00\x00\
\x00\x00\x00\x00\x00\x00\x00\x00\x00\x00\x00\x00\x00\x00\x00\x00\
\x00\x00\x00\x00\x00\x00\x00\x00\x00\x00\x00\x00\x00\x00\x00\x00\
\x00\x00\x00\x00\x00\x00\x00\x00\x00\x00\x00\x00\x00\x00\x00\x00\
\x00\x00\x00\x00\x00\x00\x00\x00\x00\x00\x00\x00\x00\x00\x00\x00\
\x00\x00\x00\x00\x00\x00\x00\x00\x00\x00\x00\x00\x00\x00\x00\x00\
\x00\x00\x00\x00\x00\x00\x00\x00\x00\x00\x00\x00\x00\x00\x00\x00\
\x00\x00\x00\x00\x00\x00\x00\x00\x002\x06\x15\x002\x06\x15\
\x012\x06\x15\x012\x06\x15\x032\x06\x15\x052\x06\x15\
\x082\x06\x15\x0b2\x06\x15\x102\x06\x15\x162\x06\x15\
\x1c&\x00\x0c oNC5\xe8\xcf\x9f\xa4\xfc\xe6\xae\
\xf9\xfb\xe3\xac\xff\xf8\xde\xa9\xff\xf5\xd9\xa6\xff\xf1\xd4\xa2\
\xff\xee\xce\x9f\xff\xea\xc9\x9b\xff\xe7\xc3\x97\xff\xe3\xbe\x94\
\xff\xdf\xb7\x90\xff\xdc\xb1\x8c\xff\xd7\xac\x88\xff\xd4\xa6\x84\
\xff\xd0\xa0\x80\xff\xcc\x9a}\xff\xc8\x94y\xff\xc4\x8fu\
\xff\xc1\x89r\xff\xbd\x84n\xff\xb9~k\xff\xa9n`\
\xbeR\x22)E.\x03\x1350\x04\x136-\x01\x11\
6&\x00\x0b4*\x06\x0e6\x92rd[\xd8\xbe\x9d\
\xad\xe9\xd1\xab\xe8\xec\xd3\xae\xfd\xeb\xd1\xad\xff\xe9\xcd\xab\
\xff\xe6\xca\xa9\xff\xe4\xc6\xa6\xff\xe2\xc3\xa4\xff\xdf\xc0\xa2\
\xff\xdd\xbd\x9f\xff\xdc\xb9\x9e\xff\xda\xb6\x9b\xff\xd7\xb2\x99\
\xfe\xbf\x98\x85\x8f0\x04\x13!1\x04\x14\x192\x06\x15\
\x122\x06\x15\x0c2\x06\x15\x072\x06\x15\x042\x06\x15\
\x022\x06\x15\x00\x00\x00\x00\x00\x00\x00\x00\x00\x00\x00\x00\
\x00\x00\x00\x00\x00\x00\x00\x00\x00\x00\x00\x00\x00\x00\x00\x00\
\x00\x00\x00\x00\x00\x00\x00\x00\x00\x00\x00\x00\x00\x00\x00\x00\
\x00\x00\x00\x00\x00\x00\x00\x00\x00\x00\x00\x00\x00\x00\x00\x00\
\x00\x00\x00\x00\x00\x00\x00\x00\x00\x00\x00\x00\x00\x00\x00\x00\
\x00\x00\x00\x00\x00\x00\x00\x00\x00\x00\x00\x00\x00\x00\x00\x00\
\x00\x00\x00\x00\x00\x00\x00\x00\x00\x00\x00\x00\x00\x00\x00\x00\
\x00\x00\x00\x00\x00\x00\x00\x00\x00\x00\x00\x00\x00\x00\x00\x00\
\x00\x00\x00\x00\x00\x00\x00\x00\x00\x00\x00\x00\x00\x00\x00\x00\
\x00\x00\x00\x00\x00\x00\x00\x00\x00\x00\x00\x00\x00\x00\x00\x00\
\x00\x00\x00\x00\x00\x00\x00\x00\x00\x00\x00\x00\x00\x00\x00\x00\
\x00\x00\x00\x00\x00\x00\x00\x00\x00\x00\x00\x00\x00\x00\x00\x00\
\x00\x00\x00\x00\x00\x00\x00\x00\x00\x00\x00\x00\x00\x00\x00\x00\
\x00\x00\x00\x00\x00\x00\x00\x00\x00\x00\x00\x00\x00\x00\x00\x00\
\x00\x00\x00\x00\x00\x00\x00\x00\x00\x00\x00\x00\x00\x00\x00\x00\
\x00\x00\x00\x00\x00\x00\x00\x00\x00\x00\x00\x00\x00\x00\x00\x00\
\x00\x00\x00\x00\x00\x00\x00\x00\x00\x00\x00\x00\x002\x06\x15\
\x002\x06\x15\x012\x06\x15\x022\x06\x15\x032\x06\x15\
\x052\x06\x15\x082\x06\x15\x0c2\x06\x15\x102\x06\x15\
\x162\x06\x15\x1c&\x00\x0c hG>3\xe3\xca\x9b\
\x9c\xfa\xe3\xac\xf6\xf9\xe0\xab\xff\xf6\xdb\xa7\xff\xf3\xd6\xa4\
\xff\xef\xd1\xa0\xff\xeb\xcb\x9d\xff\xe8\xc5\x99\xff\xe4\xc0\x95\
\xff\xe1\xba\x91\xff\xdd\xb4\x8d\xff\xd9\xae\x89\xff\xd5\xa8\x86\
\xff\xd1\xa2\x82\xff\xcd\x9c~\xff\xc9\x97z\xff\xc6\x91w\
\xff\xc2\x8bs\xff\xbe\x86p\xff\xb4{h\xdavB@\
Z,\x00\x1132\x06\x1552\x06\x155-\x01\x11\
5N),?\xc3\xa8\x8c\x87\xea\xd4\xad\xe1\xf1\xda\xb2\
\xff\xef\xd7\xb0\xff\xed\xd4\xae\xff\xea\xd0\xad\xff\xe9\xcd\xab\
\xff\xe6\xca\xa9\xff\xe4\xc7\xa6\xff\xe2\xc3\xa4\xff\xe0\xc0\xa2\
\xff\xde\xbc\xa0\xff\xdb\xb9\x9d\xff\xda\xb6\x9c\xff\xd2\xad\x95\
\xda\x8ab[F&\x00\x0b\x1d2\x06\x15\x172\x06\x15\
\x102\x06\x15\x0b2\x06\x15\x062\x06\x15\x032\x06\x15\
\x012\x06\x15\x00\x00\x00\x00\x00\x00\x00\x00\x00\x00\x00\x00\
\x00\x00\x00\x00\x00\x00\x00\x00\x00\x00\x00\x00\x00\x00\x00\x00\
\x00\x00\x00\x00\x00\x00\x00\x00\x00\x00\x00\x00\x00\x00\x00\x00\
\x00\x00\x00\x00\x00\x00\x00\x00\x00\x00\x00\x00\x00\x00\x00\x00\
\x00\x00\x00\x00\x00\x00\x00\x00\x00\x00\x00\x00\x00\x00\x00\x00\
\x00\x00\x00\x00\x00\x00\x00\x00\x00\x00\x00\x00\x00\x00\x00\x00\
\x00\x00\x00\x00\x00\x00\x00\x00\x00\x00\x00\x00\x00\x00\x00\x00\
\x00\x00\x00\x00\x00\x00\x00\x00\x00\x00\x00\x00\x00\x00\x00\x00\
\x00\x00\x00\x00\x00\x00\x00\x00\x00\x00\x00\x00\x00\x00\x00\x00\
\x00\x00\x00\x00\x00\x00\x00\x00\x00\x00\x00\x00\x00\x00\x00\x00\
\x00\x00\x00\x00\x00\x00\x00\x00\x00\x00\x00\x00\x00\x00\x00\x00\
\x00\x00\x00\x00\x00\x00\x00\x00\x00\x00\x00\x00\x00\x00\x00\x00\
\x00\x00\x00\x00\x00\x00\x00\x00\x00\x00\x00\x00\x00\x00\x00\x00\
\x00\x00\x00\x00\x00\x00\x00\x00\x00\x00\x00\x00\x00\x00\x00\x00\
\x00\x00\x00\x00\x00\x00\x00\x00\x00\x00\x00\x00\x00\x00\x00\x00\
\x00\x00\x00\x00\x00\x00\x00\x00\x00\x00\x00\x00\x00\x00\x00\x00\
\x00\x00\x00\x00\x00\x00\x00\x00\x00\x00\x00\x00\x00\x00\x00\x00\
\x002\x06\x15\x002\x06\x15\x012\x06\x15\x022\x06\x15\
\x032\x06\x15\x052\x06\x15\x082\x06\x15\x0c2\x06\x15\
\x112\x06\x15\x162\x06\x15\x1c'\x00\x0d Y73\
/\xda\xbf\x94\x8b\xf7\xde\xaa\xf0\xf7\xdd\xa9\xff\xf4\xd8\xa5\
\xff\xf0\xd3\xa1\xff\xed\xcd\x9e\xff\xe9\xc7\x9a\xff\xe6\xc2\x96\
\xff\xe2\xbc\x93\xff\xde\xb6\x8f\xff\xda\xb0\x8b\xff\xd6\xaa\x87\
\xff\xd3\xa4\x83\xff\xcf\x9f\x80\xff\xcb\x99|\xff\xc7\x93x\
\xff\xc4\x8dt\xff\xb8\x81l\xd7\x86RKh.\x03\x13\
42\x06\x1532\x06\x154.\x02\x124Q*.\
>\xd5\xbd\x9b\xa1\xf2\xdd\xb3\xf6\xf2\xdd\xb3\xff\xf0\xda\xb2\
\xff\xef\xd7\xb0\xff\xed\xd4\xae\xff\xea\xd1\xad\xff\xe8\xce\xab\
\xff\xe7\xca\xa8\xff\xe4\xc7\xa7\xff\xe2\xc4\xa5\xff\xe0\xc0\xa2\
\xff\xde\xbd\xa0\xff\xdc\xb9\x9e\xff\xd7\xb4\x9a\xf0\xb1\x8b{\
t,\x02\x10#1\x05\x14\x1c2\x06\x15\x152\x06\x15\
\x0e2\x06\x15\x092\x06\x15\x052\x06\x15\x032\x06\x15\
\x012\x06\x15\x00\x00\x00\x00\x00\x00\x00\x00\x00\x00\x00\x00\
\x00\x00\x00\x00\x00\x00\x00\x00\x00\x00\x00\x00\x00\x00\x00\x00\
\x00\x00\x00\x00\x00\x00\x00\x00\x00\x00\x00\x00\x00\x00\x00\x00\
\x00\x00\x00\x00\x00\x00\x00\x00\x00\x00\x00\x00\x00\x00\x00\x00\
\x00\x00\x00\x00\x00\x00\x00\x00\x00\x00\x00\x00\x00\x00\x00\x00\
\x00\x00\x00\x00\x00\x00\x00\x00\x00\x00\x00\x00\x00\x00\x00\x00\
\x00\x00\x00\x00\x00\x00\x00\x00\x00\x00\x00\x00\x00\x00\x00\x00\
\x00\x00\x00\x00\x00\x00\x00\x00\x00\x00\x00\x00\x00\x00\x00\x00\
\x00\x00\x00\x00\x00\x00\x00\x00\x00\x00\x00\x00\x00\x00\x00\x00\
\x00\x00\x00\x00\x00\x00\x00\x00\x00\x00\x00\x00\x00\x00\x00\x00\
\x00\x00\x00\x00\x00\x00\x00\x00\x00\x00\x00\x00\x00\x00\x00\x00\
\x00\x00\x00\x00\x00\x00\x00\x00\x00\x00\x00\x00\x00\x00\x00\x00\
\x00\x00\x00\x00\x00\x00\x00\x00\x00\x00\x00\x00\x00\x00\x00\x00\
\x00\x00\x00\x00\x00\x00\x00\x00\x00\x00\x00\x00\x00\x00\x00\x00\
\x00\x00\x00\x00\x00\x00\x00\x00\x00\x00\x00\x00\x00\x00\x00\x00\
\x00\x00\x00\x00\x00\x00\x00\x00\x00\x00\x00\x00\x00\x00\x00\x00\
\x00\x00\x00\x00\x00\x00\x00\x00\x00\x00\x00\x00\x00\x00\x00\x00\
\x00\x00\x00\x00\x002\x06\x15\x002\x06\x15\x012\x06\x15\
\x022\x06\x15\x032\x06\x15\x052\x06\x15\x082\x06\x15\
\x0c2\x06\x15\x112\x06\x15\x162\x06\x15\x1c*\x00\x0f\
!D\x1e#+\xc7\xaa\x86t\xf0\xd6\xa3\xdb\xf5\xda\xa6\
\xfc\xf2\xd5\xa3\xff\xee\xcf\x9f\xff\xeb\xca\x9c\xff\xe7\xc4\x98\
\xff\xe3\xbe\x94\xff\xe0\xb8\x90\xff\xdc\xb2\x8c\xff\xd8\xac\x88\
\xff\xd4\xa6\x85\xff\xd0\xa1\x81\xff\xcd\x9b}\xff\xc8\x95y\
\xfe\xb8\x84m\xc5xGCZ,\x02\x1141\x05\x15\
32\x06\x1531\x05\x1433\x0a\x165\xca\xb2\x92\
\x8a\xf4\xe0\xb5\xf7\xf4\xe0\xb5\xff\xf2\xdd\xb3\xff\xf1\xda\xb2\
\xff\xee\xd7\xb0\xff\xed\xd4\xae\xff\xea\xd1\xad\xff\xe8\xce\xab\
\xff\xe6\xcb\xa9\xff\xe5\xc7\xa6\xff\xe2\xc4\xa5\xff\xe0\xc0\xa2\
\xff\xde\xbd\xa0\xff\xd9\xb6\x9b\xee\xb8\x93\x81\x85C\x18#\
-/\x03\x12!2\x06\x15\x1a2\x06\x15\x132\x06\x15\
\x0c2\x06\x15\x082\x06\x15\x042\x06\x15\x022\x06\x15\
\x012\x06\x15\x00\x00\x00\x00\x00\x00\x00\x00\x00\x00\x00\x00\
\x00\x00\x00\x00\x00\x00\x00\x00\x00\x00\x00\x00\x00\x00\x00\x00\
\x00\x00\x00\x00\x00\x00\x00\x00\x00\x00\x00\x00\x00\x00\x00\x00\
\x00\x00\x00\x00\x00\x00\x00\x00\x00\x00\x00\x00\x00\x00\x00\x00\
\x00\x00\x00\x00\x00\x00\x00\x00\x00\x00\x00\x00\x00\x00\x00\x00\
\x00\x00\x00\x00\x00\x00\x00\x00\x00\x00\x00\x00\x00\x00\x00\x00\
\x00\x00\x00\x00\x00\x00\x00\x00\x00\x00\x00\x00\x00\x00\x00\x00\
\x00\x00\x00\x00\x00\x00\x00\x00\x00\x00\x00\x00\x00\x00\x00\x00\
\x00\x00\x00\x00\x00\x00\x00\x00\x00\x00\x00\x00\x00\x00\x00\x00\
\x00\x00\x00\x00\x00\x00\x00\x00\x00\x00\x00\x00\x00\x00\x00\x00\
\x00\x00\x00\x00\x00\x00\x00\x00\x00\x00\x00\x00\x00\x00\x00\x00\
\x00\x00\x00\x00\x00\x00\x00\x00\x00\x00\x00\x00\x00\x00\x00\x00\
\x00\x00\x00\x00\x00\x00\x00\x00\x00\x00\x00\x00\x00\x00\x00\x00\
\x00\x00\x00\x00\x00\x00\x00\x00\x00\x00\x00\x00\x00\x00\x00\x00\
\x00\x00\x00\x00\x00\x00\x00\x00\x00\x00\x00\x00\x00\x00\x00\x00\
\x00\x00\x00\x00\x00\x00\x00\x00\x00\x00\x00\x00\x00\x00\x00\x00\
\x00\x00\x00\x00\x00\x00\x00\x00\x00\x00\x00\x00\x00\x00\x00\x00\
\x00\x00\x00\x00\x00\x00\x00\x00\x002\x06\x15\x002\x06\x15\
\x012\x06\x15\x022\x06\x15\x032\x06\x15\x052\x06\x15\
\x082\x06\x15\x0c2\x06\x15\x112\x06\x15\x172\x06\x15\
\x1d.\x03\x12#-\x06\x11)\x90m\x5cM\xcd\xaf\x89\
\x8e\xe5\xc8\x9a\xcd\xed\xce\x9f\xf4\xec\xcc\x9d\xff\xe9\xc6\x99\
\xff\xe5\xc0\x95\xff\xe1\xbb\x92\xff\xdd\xb5\x8e\xff\xda\xaf\x8a\
\xff\xd5\xa8\x86\xff\xd2\xa3\x82\xff\xcd\x9c~\xfa\xb5\x83m\
\xafb35M+\x00\x1162\x06\x1552\x06\x15\
42\x06\x153(\x00\x0d2\x98yhZ\xf1\xdd\xb2\
\xe3\xf6\xe3\xb6\xff\xf4\xdf\xb5\xff\xf3\xdd\xb3\xff\xf0\xda\xb2\
\xff\xef\xd7\xb0\xff\xec\xd4\xaf\xff\xea\xd1\xac\xff\xe9\xce\xaa\
\xff\xe6\xca\xa8\xff\xe5\xc7\xa7\xff\xe3\xc4\xa5\xff\xe0\xc0\xa2\
\xfd\xd6\xb4\x9a\xd7\xa8\x84ur;\x11\x1c/.\x03\x12\
&2\x06\x15\x1f2\x06\x15\x182\x06\x15\x112\x06\x15\
\x0b2\x06\x15\x072\x06\x15\x042\x06\x15\x022\x06\x15\
\x00\x00\x00\x00\x00\x00\x00\x00\x00\x00\x00\x00\x00\x00\x00\x00\
\x00\x00\x00\x00\x00\x00\x00\x00\x00\x00\x00\x00\x00\x00\x00\x00\
\x00\x00\x00\x00\x00\x00\x00\x00\x00\x00\x00\x00\x00\x00\x00\x00\
\x00\x00\x00\x00\x00\x00\x00\x00\x00\x00\x00\x00\x00\x00\x00\x00\
\x00\x00\x00\x00\x00\x00\x00\x00\x00\x00\x00\x00\x00\x00\x00\x00\
\x00\x00\x00\x00\x00\x00\x00\x00\x00\x00\x00\x00\x00\x00\x00\x00\
\x00\x00\x00\x00\x00\x00\x00\x00\x00\x00\x00\x00\x00\x00\x00\x00\
\x00\x00\x00\x00\x00\x00\x00\x00\x00\x00\x00\x00\x00\x00\x00\x00\
\x00\x00\x00\x00\x00\x00\x00\x00\x00\x00\x00\x00\x00\x00\x00\x00\
\x00\x00\x00\x00\x00\x00\x00\x00\x00\x00\x00\x00\x00\x00\x00\x00\
\x00\x00\x00\x00\x00\x00\x00\x00\x00\x00\x00\x00\x00\x00\x00\x00\
\x00\x00\x00\x00\x00\x00\x00\x00\x00\x00\x00\x00\x00\x00\x00\x00\
\x00\x00\x00\x00\x00\x00\x00\x00\x00\x00\x00\x00\x00\x00\x00\x00\
\x00\x00\x00\x00\x00\x00\x00\x00\x00\x00\x00\x00\x00\x00\x00\x00\
\x00\x00\x00\x00\x00\x00\x00\x00\x00\x00\x00\x00\x00\x00\x00\x00\
\x00\x00\x00\x00\x00\x00\x00\x00\x00\x00\x00\x00\x00\x00\x00\x00\
\x00\x00\x00\x00\x00\x00\x00\x00\x00\x00\x00\x00\x00\x00\x00\x00\
\x00\x00\x00\x00\x00\x00\x00\x00\x00\x00\x00\x00\x002\x06\x15\
\x002\x06\x15\x012\x06\x15\x022\x06\x15\x032\x06\x15\
\x062\x06\x15\x092\x06\x15\x0d2\x06\x15\x132\x06\x15\
\x192\x06\x15\x1f1\x05\x14&(\x00\x0e+*\x03\x0f\
1b:9E\xa9\x86mr\xd5\xb3\x8c\xb6\xe8\xc6\x99\
\xf7\xe6\xc3\x97\xff\xe2\xbd\x93\xff\xdf\xb7\x8f\xff\xdb\xb0\x8b\
\xff\xd7\xab\x88\xff\xd3\xa5\x84\xff\xcc\x9c~\xf0\xa2r`\
\x87F\x19\x22A,\x01\x1162\x06\x1562\x06\x15\
51\x05\x1440\x04\x135\xd6\xbf\x9c\x9c\xf8\xe5\xb8\
\xff\xf6\xe2\xb6\xff\xf5\xe0\xb5\xff\xf2\xdd\xb3\xff\xf0\xda\xb2\
\xff\xee\xd7\xb1\xff\xed\xd5\xaf\xff\xeb\xd1\xad\xff\xe9\xce\xab\
\xff\xe7\xcb\xa9\xff\xe4\xc7\xa6\xfd\xdd\xbe\xa0\xe6\xc3\xa1\x8b\
\x9ezSOO*\x03\x0f/0\x04\x13+2\x06\x15\
%2\x06\x15\x1e2\x06\x15\x172\x06\x15\x102\x06\x15\
\x0a2\x06\x15\x062\x06\x15\x032\x06\x15\x022\x06\x15\
\x00\x00\x00\x00\x00\x00\x00\x00\x00\x00\x00\x00\x00\x00\x00\x00\
\x00\x00\x00\x00\x00\x00\x00\x00\x00\x00\x00\x00\x00\x00\x00\x00\
\x00\x00\x00\x00\x00\x00\x00\x00\x00\x00\x00\x00\x00\x00\x00\x00\
\x00\x00\x00\x00\x00\x00\x00\x00\x00\x00\x00\x00\x00\x00\x00\x00\
\x00\x00\x00\x00\x00\x00\x00\x00\x00\x00\x00\x00\x00\x00\x00\x00\
\x00\x00\x00\x00\x00\x00\x00\x00\x00\x00\x00\x00\x00\x00\x00\x00\
\x00\x00\x00\x00\x00\x00\x00\x00\x00\x00\x00\x00\x00\x00\x00\x00\
\x00\x00\x00\x00\x00\x00\x00\x00\x00\x00\x00\x00\x00\x00\x00\x00\
\x00\x00\x00\x00\x00\x00\x00\x00\x00\x00\x00\x00\x00\x00\x00\x00\
\x00\x00\x00\x00\x00\x00\x00\x00\x00\x00\x00\x00\x00\x00\x00\x00\
\x00\x00\x00\x00\x00\x00\x00\x00\x00\x00\x00\x00\x00\x00\x00\x00\
\x00\x00\x00\x00\x00\x00\x00\x00\x00\x00\x00\x00\x00\x00\x00\x00\
\x00\x00\x00\x00\x00\x00\x00\x00\x00\x00\x00\x00\x00\x00\x00\x00\
\x00\x00\x00\x00\x00\x00\x00\x00\x00\x00\x00\x00\x00\x00\x00\x00\
\x00\x00\x00\x00\x00\x00\x00\x00\x00\x00\x00\x00\x00\x00\x00\x00\
\x00\x00\x00\x00\x00\x00\x00\x00\x00\x00\x00\x00\x00\x00\x00\x00\
\x00\x00\x00\x00\x00\x00\x00\x00\x00\x00\x00\x00\x00\x00\x00\x00\
\x00\x00\x00\x00\x00\x00\x00\x00\x00\x00\x00\x00\x00\x00\x00\x00\
\x002\x06\x15\x002\x06\x15\x012\x06\x15\x022\x06\x15\
\x042\x06\x15\x072\x06\x15\x0b2\x06\x15\x102\x06\x15\
\x162\x06\x15\x1d2\x06\x15$2\x06\x15+1\x05\x14\
1%\x00\x0b4M()B\xca\xa8\x85\xa0\xea\xc8\x9b\
\xf9\xe8\xc4\x98\xff\xe4\xbf\x95\xff\xe0\xb9\x90\xff\xdc\xb3\x8d\
\xff\xd8\xad\x89\xff\xd4\xa7\x85\xff\xd1\xa1\x81\xff\xcb\x99|\
\xf5\xb7\x85n\xb6uEAX,\x02\x1161\x05\x15\
6.\x01\x116_9:C\xeb\xd6\xad\xcb\xf8\xe5\xb8\
\xff\xf6\xe3\xb6\xff\xf5\xe0\xb5\xff\xf3\xdd\xb3\xff\xf0\xda\xb2\
\xff\xee\xd7\xb1\xff\xed\xd5\xaf\xff\xeb\xd2\xad\xff\xe7\xcc\xa9\
\xf5\xdd\xc0\xa1\xd4\xc3\xa3\x8b\x96\x89d\x5cX7\x10\x19\
7&\x00\x0b1,\x00\x10//\x03\x12*1\x05\x14\
%2\x06\x15\x1e2\x06\x15\x172\x06\x15\x102\x06\x15\
\x0a2\x06\x15\x062\x06\x15\x032\x06\x15\x012\x06\x15\
\x00\x00\x00\x00\x00\x00\x00\x00\x00\x00\x00\x00\x00\x00\x00\x00\
\x00\x00\x00\x00\x00\x00\x00\x00\x00\x00\x00\x00\x00\x00\x00\x00\
\x00\x00\x00\x00\x00\x00\x00\x00\x00\x00\x00\x00\x00\x00\x00\x00\
\x00\x00\x00\x00\x00\x00\x00\x00\x00\x00\x00\x00\x00\x00\x00\x00\
\x00\x00\x00\x00\x00\x00\x00\x00\x00\x00\x00\x00\x00\x00\x00\x00\
\x00\x00\x00\x00\x00\x00\x00\x00\x00\x00\x00\x00\x00\x00\x00\x00\
\x00\x00\x00\x00\x00\x00\x00\x00\x00\x00\x00\x00\x00\x00\x00\x00\
\x00\x00\x00\x00\x00\x00\x00\x00\x00\x00\x00\x00\x00\x00\x00\x00\
\x00\x00\x00\x00\x00\x00\x00\x00\x00\x00\x00\x00\x00\x00\x00\x00\
\x00\x00\x00\x00\x00\x00\x00\x00\x00\x00\x00\x00\x00\x00\x00\x00\
\x00\x00\x00\x00\x00\x00\x00\x00\x00\x00\x00\x00\x00\x00\x00\x00\
\x00\x00\x00\x00\x00\x00\x00\x00\x00\x00\x00\x00\x00\x00\x00\x00\
\x00\x00\x00\x00\x00\x00\x00\x00\x00\x00\x00\x00\x00\x00\x00\x00\
\x00\x00\x00\x00\x00\x00\x00\x00\x00\x00\x00\x00\x00\x00\x00\x00\
\x00\x00\x00\x00\x00\x00\x00\x00\x00\x00\x00\x00\x00\x00\x00\x00\
\x00\x00\x00\x00\x00\x00\x00\x00\x00\x00\x00\x00\x00\x00\x00\x00\
\x00\x00\x00\x00\x00\x00\x00\x00\x00\x00\x00\x00\x00\x00\x00\x00\
\x00\x00\x00\x00\x00\x00\x00\x00\x00\x00\x00\x00\x00\x00\x00\x00\
\x002\x06\x15\x002\x06\x15\x012\x06\x15\x022\x06\x15\
\x032\x06\x15\x062\x06\x15\x0a2\x06\x15\x0f2\x06\x15\
\x162\x06\x15\x1c2\x06\x15$0\x04\x14+'\x00\x0d\
0\x82^QQ\xdb\xbd\x92\xb4\xef\xd0\xa0\xf9\xec\xcc\x9e\
\xff\xe9\xc7\x9a\xff\xe5\xc1\x96\xff\xe1\xbb\x92\xff\xdd\xb5\x8e\
\xff\xda\xaf\x8a\xff\xd6\xa9\x86\xff\xd2\xa3\x83\xff\xce\x9d\x7f\
\xff\xcb\x98{\xff\xbe\x8ar\xd6\x86TLh-\x02\x12\
7+\x00\x0f7vRLN\xf3\xdf\xb3\xe6\xf8\xe5\xb8\
\xff\xf6\xe3\xb6\xff\xf5\xe0\xb5\xff\xf2\xdd\xb4\xff\xf1\xdb\xb2\
\xff\xef\xd8\xb1\xfe\xe8\xcf\xaa\xe8\xd5\xb9\x9a\xae\xad\x8dz\
pjCBD.\x06\x113)\x00\x0d27\x0c\x19\
5mEEFlDDBO%-20\x08\x13\
%/\x05\x13\x1e2\x06\x15\x172\x06\x15\x102\x06\x15\
\x0b2\x06\x15\x062\x06\x15\x032\x06\x15\x012\x06\x15\
\x00\x00\x00\x00\x00\x00\x00\x00\x00\x00\x00\x00\x00\x00\x00\x00\
\x00\x00\x00\x00\x00\x00\x00\x00\x00\x00\x00\x00\x00\x00\x00\x00\
\x00\x00\x00\x00\x00\x00\x00\x00\x00\x00\x00\x00\x00\x00\x00\x00\
\x00\x00\x00\x00\x00\x00\x00\x00\x00\x00\x00\x00\x00\x00\x00\x00\
\x00\x00\x00\x00\x00\x00\x00\x00\x00\x00\x00\x00\x00\x00\x00\x00\
\x00\x00\x00\x00\x00\x00\x00\x00\x00\x00\x00\x00\x00\x00\x00\x00\
\x00\x00\x00\x00\x00\x00\x00\x00\x00\x00\x00\x00\x00\x00\x00\x00\
\x00\x00\x00\x00\x00\x00\x00\x00\x00\x00\x00\x00\x00\x00\x00\x00\
\x00\x00\x00\x00\x00\x00\x00\x00\x00\x00\x00\x00\x00\x00\x00\x00\
\x00\x00\x00\x00\x00\x00\x00\x00\x00\x00\x00\x00\x00\x00\x00\x00\
\x00\x00\x00\x00\x00\x00\x00\x00\x00\x00\x00\x00\x00\x00\x00\x00\
\x00\x00\x00\x00\x00\x00\x00\x00\x00\x00\x00\x00\x00\x00\x00\x00\
\x00\x00\x00\x00\x00\x00\x00\x00\x00\x00\x00\x00\x00\x00\x00\x00\
\x00\x00\x00\x00\x00\x00\x00\x00\x00\x00\x00\x00\x00\x00\x00\x00\
\x00\x00\x00\x00\x00\x00\x00\x00\x00\x00\x00\x00\x00\x00\x00\x00\
\x00\x00\x00\x00\x00\x00\x00\x00\x00\x00\x00\x00\x00\x00\x00\x00\
\x00\x00\x00\x00\x00\x00\x00\x00\x00\x00\x00\x00\x00\x00\x00\x00\
\x00\x00\x00\x00\x00\x00\x00\x00\x00\x00\x00\x00\x00\x00\x00\x00\
\x00\x00\x00\x00\x002\x06\x15\x012\x06\x15\x022\x06\x15\
\x032\x06\x15\x062\x06\x15\x0a2\x06\x15\x102\x06\x15\
\x172\x06\x15\x1e.\x03\x12%4\x0b\x17-\xb2\x92u\
f\xeb\xd1\xa0\xd1\xf4\xd9\xa6\xfe\xf1\xd4\xa2\xff\xee\xce\x9f\
\xff\xea\xc9\x9b\xff\xe6\xc3\x97\xff\xe3\xbd\x93\xff\xdf\xb7\x90\
\xff\xdb\xb1\x8c\xff\xd7\xac\x88\xff\xd4\xa6\x84\xff\xcf\xa0\x80\
\xff\xcc\x9a}\xff\xc8\x94y\xff\xbd\x88q\xdc\x7fMG\
d&\x00\x0c8vSMR\xf4\xe0\xb4\xea\xf8\xe5\xb8\
\xff\xf6\xe3\xb6\xff\xf5\xe0\xb5\xff\xf3\xde\xb4\xff\xf0\xd9\xb2\
\xf9\xdb\xc1\xa0\xb6\x98wi]>\x16\x1f5$\x00\x0a\
.,\x01\x11/1\x05\x1411\x05\x1416\x0a\x18\
3\xc3\xa0\x8a\x9a\xd6\xb4\x99\xdc\xcd\xa9\x92\xb9\xbf\x99\x85\
\x84Y/4(-\x01\x11\x182\x06\x15\x112\x06\x15\
\x0b2\x06\x15\x072\x06\x15\x042\x06\x15\x012\x06\x15\
\x00\x00\x00\x00\x00\x00\x00\x00\x00\x00\x00\x00\x00\x00\x00\x00\
\x00\x00\x00\x00\x00\x00\x00\x00\x00\x00\x00\x00\x00\x00\x00\x00\
\x00\x00\x00\x00\x00\x00\x00\x00\x00\x00\x00\x00\x00\x00\x00\x00\
\x00\x00\x00\x00\x00\x00\x00\x00\x00\x00\x00\x00\x00\x00\x00\x00\
\x00\x00\x00\x00\x00\x00\x00\x00\x00\x00\x00\x00\x00\x00\x00\x00\
\x00\x00\x00\x00\x00\x00\x00\x00\x00\x00\x00\x00\x00\x00\x00\x00\
\x00\x00\x00\x00\x00\x00\x00\x00\x00\x00\x00\x00\x00\x00\x00\x00\
\x00\x00\x00\x00\x00\x00\x00\x00\x00\x00\x00\x00\x00\x00\x00\x00\
\x00\x00\x00\x00\x00\x00\x00\x00\x00\x00\x00\x00\x00\x00\x00\x00\
\x00\x00\x00\x00\x00\x00\x00\x00\x00\x00\x00\x00\x00\x00\x00\x00\
\x00\x00\x00\x00\x00\x00\x00\x00\x00\x00\x00\x00\x00\x00\x00\x00\
\x00\x00\x00\x00\x00\x00\x00\x00\x00\x00\x00\x00\x00\x00\x00\x00\
\x00\x00\x00\x00\x00\x00\x00\x00\x00\x00\x00\x00\x00\x00\x00\x00\
\x00\x00\x00\x00\x00\x00\x00\x00\x00\x00\x00\x00\x00\x00\x00\x00\
\x00\x00\x00\x00\x00\x00\x00\x00\x00\x00\x00\x00\x00\x00\x00\x00\
\x00\x00\x00\x00\x00\x00\x00\x00\x00\x00\x00\x00\x00\x00\x00\x00\
\x00\x00\x00\x00\x00\x00\x00\x00\x00\x00\x00\x00\x00\x00\x00\x00\
\x00\x00\x00\x00\x00\x00\x00\x00\x00\x00\x00\x00\x00\x00\x00\x00\
\x002\x06\x15\x002\x06\x15\x012\x06\x15\x022\x06\x15\
\x042\x06\x15\x072\x06\x15\x0c2\x06\x15\x122\x06\x15\
\x19/\x03\x12 ?\x15\x1f*\xce\xb2\x8cz\xf7\xdf\xa9\
\xe7\xf9\xe0\xaa\xff\xf6\xdb\xa7\xff\xf2\xd6\xa3\xff\xef\xd0\xa0\
\xff\xec\xcb\x9c\xff\xe8\xc5\x99\xff\xe4\xbf\x95\xff\xe0\xb9\x91\
\xff\xdd\xb3\x8d\xff\xd9\xae\x89\xff\xd5\xa8\x85\xff\xd1\xa2\x82\
\xff\xcd\x9c~\xff\xc9\x96z\xff\xc6\x91v\xff\xb7\x81l\
\xcc\x5c+/PpMHQ\xf3\xdf\xb2\xe7\xf8\xe6\xb8\
\xff\xf6\xe3\xb6\xff\xf5\xe0\xb5\xff\xf2\xdd\xb3\xfc\xd5\xbc\x9c\
\xa8Y35@%\x00\x0b00\x04\x1302\x06\x15\
/2\x06\x15.2\x06\x15/2\x06\x150!\x00\x07\
-\xc3\xa0\x8a\x99\xdd\xbc\x9f\xff\xdb\xb8\x9d\xff\xd3\xaf\x96\
\xd3vLJ2(\x00\x0d\x182\x06\x15\x122\x06\x15\
\x0c2\x06\x15\x072\x06\x15\x042\x06\x15\x022\x06\x15\
\x00\x00\x00\x00\x00\x00\x00\x00\x00\x00\x00\x00\x00\x00\x00\x00\
\x00\x00\x00\x00\x00\x00\x00\x00\x00\x00\x00\x00\x00\x00\x00\x00\
\x00\x00\x00\x00\x00\x00\x00\x00\x00\x00\x00\x00\x00\x00\x00\x00\
\x00\x00\x00\x00\x00\x00\x00\x00\x00\x00\x00\x00\x00\x00\x00\x00\
\x00\x00\x00\x00\x00\x00\x00\x00\x00\x00\x00\x00\x00\x00\x00\x00\
\x00\x00\x00\x00\x00\x00\x00\x00\x00\x00\x00\x00\x00\x00\x00\x00\
\x00\x00\x00\x00\x00\x00\x00\x00\x00\x00\x00\x00\x00\x00\x00\x00\
\x00\x00\x00\x00\x00\x00\x00\x00\x00\x00\x00\x00\x00\x00\x00\x00\
\x00\x00\x00\x00\x00\x00\x00\x00\x00\x00\x00\x00\x00\x00\x00\x00\
\x00\x00\x00\x00\x00\x00\x00\x00\x00\x00\x00\x00\x00\x00\x00\x00\
\x00\x00\x00\x00\x00\x00\x00\x00\x00\x00\x00\x00\x00\x00\x00\x00\
\x00\x00\x00\x00\x00\x00\x00\x00\x00\x00\x00\x00\x00\x00\x00\x00\
\x00\x00\x00\x00\x00\x00\x00\x00\x00\x00\x00\x00\x00\x00\x00\x00\
\x00\x00\x00\x00\x00\x00\x00\x00\x00\x00\x00\x00\x00\x00\x00\x00\
\x00\x00\x00\x00\x00\x00\x00\x00\x00\x00\x00\x00\x00\x00\x00\x00\
\x00\x00\x00\x00\x00\x00\x00\x00\x00\x00\x00\x00\x00\x00\x00\x00\
\x00\x00\x00\x00\x00\x00\x00\x00\x00\x00\x00\x00\x00\x00\x00\x00\
\x00\x00\x00\x00\x00\x00\x00\x00\x00\x00\x00\x00\x00\x00\x00\x00\
\x002\x06\x15\x002\x06\x15\x012\x06\x15\x032\x06\x15\
\x052\x06\x15\x092\x06\x15\x0e2\x06\x15\x141\x05\x14\
\x1b,\x03\x11\x22\xce\xb3\x8bq\xfb\xe5\xae\xed\xfd\xe6\xae\
\xff\xfa\xe1\xab\xff\xf7\xdd\xa8\xff\xf4\xd8\xa5\xff\xf0\xd2\xa1\
\xff\xed\xcd\x9e\xff\xe9\xc7\x9a\xff\xe5\xc1\x96\xff\xe2\xbc\x92\
\xff\xde\xb6\x8e\xff\xda\xb0\x8b\xff\xd6\xaa\x87\xff\xd2\xa4\x83\
\xff\xce\x9e\x7f\xff\xcb\x98{\xff\xc7\x92x\xff\xc3\x8ct\
\xfd\xa3m^\x9d]57L\xe9\xd5\xab\xcd\xf8\xe6\xb8\
\xff\xf6\xe3\xb6\xff\xf5\xe1\xb5\xff\xec\xd6\xae\xe2}\x5cS\
P'\x00\x0c22\x06\x1512\x06\x15/2\x06\x15\
-2\x06\x15-2\x06\x15.1\x05\x15/)\x00\x0e\
/\xc5\xa2\x8c\x9e\xdd\xbc\x9f\xff\xdb\xb8\x9d\xff\xd1\xac\x94\
\xc4g=@-*\x00\x0f\x182\x06\x15\x122\x06\x15\
\x0c2\x06\x15\x072\x06\x15\x042\x06\x15\x012\x06\x15\
\x00\x00\x00\x00\x00\x00\x00\x00\x00\x00\x00\x00\x00\x00\x00\x00\
\x00\x00\x00\x00\x00\x00\x00\x00\x00\x00\x00\x00\x00\x00\x00\x00\
\x00\x00\x00\x00\x00\x00\x00\x00\x00\x00\x00\x00\x00\x00\x00\x00\
\x00\x00\x00\x00\x00\x00\x00\x00\x00\x00\x00\x00\x00\x00\x00\x00\
\x00\x00\x00\x00\x00\x00\x00\x00\x00\x00\x00\x00\x00\x00\x00\x00\
\x00\x00\x00\x00\x00\x00\x00\x00\x00\x00\x00\x00\x00\x00\x00\x00\
\x00\x00\x00\x00\x00\x00\x00\x00\x00\x00\x00\x00\x00\x00\x00\x00\
\x00\x00\x00\x00\x00\x00\x00\x00\x00\x00\x00\x00\x00\x00\x00\x00\
\x00\x00\x00\x00\x00\x00\x00\x00\x00\x00\x00\x00\x00\x00\x00\x00\
\x00\x00\x00\x00\x00\x00\x00\x00\x00\x00\x00\x00\x00\x00\x00\x00\
\x00\x00\x00\x00\x00\x00\x00\x00\x00\x00\x00\x00\x00\x00\x00\x00\
\x00\x00\x00\x00\x00\x00\x00\x00\x00\x00\x00\x00\x00\x00\x00\x00\
\x00\x00\x00\x00\x00\x00\x00\x00\x00\x00\x00\x00\x00\x00\x00\x00\
\x00\x00\x00\x00\x00\x00\x00\x00\x00\x00\x00\x00\x00\x00\x00\x00\
\x00\x00\x00\x00\x00\x00\x00\x00\x00\x00\x00\x00\x00\x00\x00\x00\
\x00\x00\x00\x00\x00\x00\x00\x00\x00\x00\x00\x00\x00\x00\x00\x00\
\x00\x00\x00\x00\x00\x00\x00\x00\x00\x00\x00\x00\x00\x00\x00\x00\
\x00\x00\x00\x00\x00\x00\x00\x00\x00\x00\x00\x00\x00\x00\x00\x00\
\x002\x06\x15\x002\x06\x15\x012\x06\x15\x032\x06\x15\
\x062\x06\x15\x0b2\x06\x15\x102\x06\x15\x17#\x00\x09\
\x1d\x9e\x7fgE\xf8\xe2\xac\xd9\xff\xea\xb1\xff\xfd\xe7\xaf\
\xff\xfb\xe3\xad\xff\xf8\xde\xa9\xff\xf5\xd9\xa6\xff\xf1\xd4\xa2\
\xff\xee\xcf\x9f\xff\xea\xc9\x9b\xff\xe7\xc4\x97\xff\xe3\xbe\x94\
\xff\xdf\xb8\x90\xff\xdb\xb2\x8c\xff\xd8\xac\x88\xff\xd4\xa6\x84\
\xff\xd0\xa0\x80\xff\xcc\x9a}\xff\xc8\x94y\xff\xc5\x8fv\
\xff\xbb\x84n\xe3m;;]\xd0\xb9\x97\x9c\xf8\xe6\xb8\
\xff\xf6\xe3\xb6\xff\xf5\xe1\xb6\xff\xe9\xd3\xab\xd8fB@\
F,\x00\x1032\x06\x1512\x06\x15/2\x06\x15\
-2\x06\x15-2\x06\x15.,\x00\x10.Z26\
<\xd3\xb1\x97\xc6\xdd\xbb\x9f\xff\xdb\xb8\x9d\xff\xc8\xa4\x8e\
\x9e6\x0a\x18 0\x04\x13\x182\x06\x15\x112\x06\x15\
\x0b2\x06\x15\x072\x06\x15\x032\x06\x15\x012\x06\x15\
\x00\x00\x00\x00\x00\x00\x00\x00\x00\x00\x00\x00\x00\x00\x00\x00\
\x00\x00\x00\x00\x00\x00\x00\x00\x00\x00\x00\x00\x00\x00\x00\x00\
\x00\x00\x00\x00\x00\x00\x00\x00\x00\x00\x00\x00\x00\x00\x00\x00\
\x00\x00\x00\x00\x00\x00\x00\x00\x00\x00\x00\x00\x00\x00\x00\x00\
\x00\x00\x00\x00\x00\x00\x00\x00\x00\x00\x00\x00\x00\x00\x00\x00\
\x00\x00\x00\x00\x00\x00\x00\x00\x00\x00\x00\x00\x00\x00\x00\x00\
\x00\x00\x00\x00\x00\x00\x00\x00\x00\x00\x00\x00\x00\x00\x00\x00\
\x00\x00\x00\x00\x00\x00\x00\x00\x00\x00\x00\x00\x00\x00\x00\x00\
\x00\x00\x00\x00\x00\x00\x00\x00\x00\x00\x00\x00\x00\x00\x00\x00\
\x00\x00\x00\x00\x00\x00\x00\x00\x00\x00\x00\x00\x00\x00\x00\x00\
\x00\x00\x00\x00\x00\x00\x00\x00\x00\x00\x00\x00\x00\x00\x00\x00\
\x00\x00\x00\x00\x00\x00\x00\x00\x00\x00\x00\x00\x00\x00\x00\x00\
\x00\x00\x00\x00\x00\x00\x00\x00\x00\x00\x00\x00\x00\x00\x00\x00\
\x00\x00\x00\x00\x00\x00\x00\x00\x00\x00\x00\x00\x00\x00\x00\x00\
\x00\x00\x00\x00\x00\x00\x00\x00\x00\x00\x00\x00\x00\x00\x00\x00\
\x00\x00\x00\x00\x00\x00\x00\x00\x00\x00\x00\x00\x00\x00\x00\x00\
\x00\x00\x00\x00\x00\x00\x00\x00\x00\x00\x00\x00\x00\x00\x00\x00\
\x00\x00\x00\x00\x00\x00\x00\x00\x00\x00\x00\x00\x00\x00\x00\x00\
\x002\x06\x15\x002\x06\x15\x022\x06\x15\x042\x06\x15\
\x082\x06\x15\x0c2\x06\x15\x120\x04\x13\x1a3\x08\x16\
\x22\xe3\xca\x9b\x92\xff\xea\xb1\xfe\xff\xea\xb1\xff\xfe\xe9\xb0\
\xff\xfb\xe5\xae\xff\xf9\xe0\xab\xff\xf6\xdb\xa7\xff\xf2\xd6\xa4\
\xff\xef\xd1\xa0\xff\xec\xcb\x9d\xff\xe8\xc5\x99\xff\xe4\xc0\x95\
\xff\xe1\xba\x91\xff\xdd\xb4\x8e\xff\xd9\xae\x8a\xff\xd5\xa8\x86\
\xff\xd1\xa2\x82\xff\xcd\x9c~\xff\xca\x96z\xff\xc6\x91w\
\xff\xc2\x8bs\xfd\x9beX\x91\x86f[\x5c\xee\xdb\xb0\
\xde\xf7\xe4\xb7\xff\xf5\xe1\xb6\xff\xf0\xda\xb1\xf0\xa9\x8cw\
j\x1f\x00\x05/*\x00\x0f/,\x00\x10.,\x00\x10\
-,\x00\x10-%\x00\x0b,:\x14\x1c1\xba\x98\x83\
\x84\xdd\xbd\xa0\xf6\xdd\xbb\x9f\xff\xd9\xb6\x9b\xef\xaa\x85u\
\x5c\x1e\x00\x05\x1b2\x06\x15\x162\x06\x15\x102\x06\x15\
\x0a2\x06\x15\x062\x06\x15\x032\x06\x15\x012\x06\x15\
\x00\x00\x00\x00\x00\x00\x00\x00\x00\x00\x00\x00\x00\x00\x00\x00\
\x00\x00\x00\x00\x00\x00\x00\x00\x00\x00\x00\x00\x00\x00\x00\x00\
\x00\x00\x00\x00\x00\x00\x00\x00\x00\x00\x00\x00\x00\x00\x00\x00\
\x00\x00\x00\x00\x00\x00\x00\x00\x00\x00\x00\x00\x00\x00\x00\x00\
\x00\x00\x00\x00\x00\x00\x00\x00\x00\x00\x00\x00\x00\x00\x00\x00\
\x00\x00\x00\x00\x00\x00\x00\x00\x00\x00\x00\x00\x00\x00\x00\x00\
\x00\x00\x00\x00\x00\x00\x00\x00\x00\x00\x00\x00\x00\x00\x00\x00\
\x00\x00\x00\x00\x00\x00\x00\x00\x00\x00\x00\x00\x00\x00\x00\x00\
\x00\x00\x00\x00\x00\x00\x00\x00\x00\x00\x00\x00\x00\x00\x00\x00\
\x00\x00\x00\x00\x00\x00\x00\x00\x00\x00\x00\x00\x00\x00\x00\x00\
\x00\x00\x00\x00\x00\x00\x00\x00\x00\x00\x00\x00\x00\x00\x00\x00\
\x00\x00\x00\x00\x00\x00\x00\x00\x00\x00\x00\x00\x00\x00\x00\x00\
\x00\x00\x00\x00\x00\x00\x00\x00\x00\x00\x00\x00\x00\x00\x00\x00\
\x00\x00\x00\x00\x00\x00\x00\x00\x00\x00\x00\x00\x00\x00\x00\x00\
\x00\x00\x00\x00\x00\x00\x00\x00\x00\x00\x00\x00\x00\x00\x00\x00\
\x00\x00\x00\x00\x00\x00\x00\x00\x00\x00\x00\x00\x00\x00\x00\x00\
\x00\x00\x00\x00\x00\x00\x00\x00\x00\x00\x00\x00\x00\x00\x00\x00\
\x00\x00\x00\x00\x00\x00\x00\x00\x00\x00\x00\x00\x00\x00\x00\x00\
\x002\x06\x15\x012\x06\x15\x022\x06\x15\x052\x06\x15\
\x092\x06\x15\x0e2\x06\x15\x15(\x00\x0d\x1b}YN\
5\xf6\xe0\xab\xd0\xff\xea\xb1\xff\xff\xea\xb1\xff\xff\xe9\xb1\
\xff\xfd\xe6\xaf\xff\xfa\xe2\xab\xff\xf7\xdd\xa9\xff\xf4\xd8\xa5\
\xff\xf0\xd3\xa1\xff\xed\xcd\x9e\xff\xea\xc8\x9b\xff\xe6\xc2\x97\
\xff\xe2\xbc\x93\xff\xde\xb6\x8f\xff\xdb\xb0\x8b\xff\xd7\xaa\x87\
\xff\xd3\xa5\x83\xff\xcf\x9f\x80\xff\xcb\x99|\xff\xc7\x93x\
\xff\xc4\x8du\xff\xb0zg\xbd@\x13\x1dC\xb7\x9c\x82\
{\xf2\xde\xb3\xec\xf6\xe1\xb6\xff\xf4\xde\xb4\xff\xe8\xd1\xab\
\xd6\xbc\x9f\x86x\x7f\x5cUHkFD?lED\
>rLIA\x9cylZ\xca\xaa\x91\x9d\xdf\xbf\xa1\
\xef\xe0\xbf\xa2\xff\xdd\xbb\x9f\xfe\xcb\xa8\x90\xa3Q'.\
'.\x01\x12\x1a2\x06\x15\x142\x06\x15\x0e2\x06\x15\
\x092\x06\x15\x052\x06\x15\x022\x06\x15\x012\x06\x15\
\x00\x00\x00\x00\x00\x00\x00\x00\x00\x00\x00\x00\x00\x00\x00\x00\
\x00\x00\x00\x00\x00\x00\x00\x00\x00\x00\x00\x00\x00\x00\x00\x00\
\x00\x00\x00\x00\x00\x00\x00\x00\x00\x00\x00\x00\x00\x00\x00\x00\
\x00\x00\x00\x00\x00\x00\x00\x00\x00\x00\x00\x00\x00\x00\x00\x00\
\x00\x00\x00\x00\x00\x00\x00\x00\x00\x00\x00\x00\x00\x00\x00\x00\
\x00\x00\x00\x00\x00\x00\x00\x00\x00\x00\x00\x00\x00\x00\x00\x00\
\x00\x00\x00\x00\x00\x00\x00\x00\x00\x00\x00\x00\x00\x00\x00\x00\
\x00\x00\x00\x00\x00\x00\x00\x00\x00\x00\x00\x00\x00\x00\x00\x00\
\x00\x00\x00\x00\x00\x00\x00\x00\x00\x00\x00\x00\x00\x00\x00\x00\
\x00\x00\x00\x00\x00\x00\x00\x00\x00\x00\x00\x00\x00\x00\x00\x00\
\x00\x00\x00\x00\x00\x00\x00\x00\x00\x00\x00\x00\x00\x00\x00\x00\
\x00\x00\x00\x00\x00\x00\x00\x00\x00\x00\x00\x00\x00\x00\x00\x00\
\x00\x00\x00\x00\x00\x00\x00\x00\x00\x00\x00\x00\x00\x00\x00\x00\
\x00\x00\x00\x00\x00\x00\x00\x00\x00\x00\x00\x00\x00\x00\x00\x00\
\x00\x00\x00\x00\x00\x00\x00\x00\x00\x00\x00\x00\x00\x00\x00\x00\
\x00\x00\x00\x00\x00\x00\x00\x00\x00\x00\x00\x00\x00\x00\x00\x00\
\x00\x00\x00\x00\x00\x00\x00\x00\x00\x00\x00\x00\x00\x00\x00\x00\
\x00\x00\x00\x00\x00\x00\x00\x00\x00\x00\x00\x00\x00\x00\x00\x00\
\x002\x06\x15\x012\x06\x15\x022\x06\x15\x052\x06\x15\
\x0a2\x06\x15\x0f2\x06\x15\x16 \x00\x07\x1c\xb0\x93u\
P\xfc\xe7\xaf\xed\xff\xea\xb1\xff\xff\xea\xb1\xff\xff\xea\xb1\
\xff\xfe\xe7\xb0\xff\xfb\xe3\xad\xff\xf8\xdf\xaa\xff\xf5\xda\xa7\
\xff\xf2\xd5\xa3\xff\xee\xcf\x9f\xff\xeb\xca\x9c\xff\xe7\xc4\x98\
\xff\xe3\xbe\x94\xff\xe0\xb8\x90\xff\xdc\xb2\x8c\xff\xd8\xad\x89\
\xff\xd4\xa7\x85\xff\xd0\xa1\x81\xff\xcc\x9b}\xff\xc9\x95y\
\xff\xc5\x8fv\xff\xba\x83n\xdcZ*/L4\x09\x17\
9\xb6\x9a\x81s\xec\xd6\xae\xd7\xf3\xde\xb4\xfd\xf2\xdc\xb3\
\xff\xee\xd7\xb0\xf8\xe8\xd0\xab\xe3\xe3\xca\xa7\xd5\xe1\xc7\xa5\
\xd4\xe1\xc5\xa4\xdb\xe3\xc6\xa5\xf0\xe4\xc6\xa6\xfd\xe2\xc3\xa4\
\xff\xdf\xbe\xa1\xf7\xd0\xae\x95\xae\x83]V9'\x00\x0c\
\x1b2\x06\x15\x172\x06\x15\x112\x06\x15\x0b2\x06\x15\
\x072\x06\x15\x042\x06\x15\x022\x06\x15\x012\x06\x15\
\x00\x00\x00\x00\x00\x00\x00\x00\x00\x00\x00\x00\x00\x00\x00\x00\
\x00\x00\x00\x00\x00\x00\x00\x00\x00\x00\x00\x00\x00\x00\x00\x00\
\x00\x00\x00\x00\x00\x00\x00\x00\x00\x00\x00\x00\x00\x00\x00\x00\
\x00\x00\x00\x00\x00\x00\x00\x00\x00\x00\x00\x00\x00\x00\x00\x00\
\x00\x00\x00\x00\x00\x00\x00\x00\x00\x00\x00\x00\x00\x00\x00\x00\
\x00\x00\x00\x00\x00\x00\x00\x00\x00\x00\x00\x00\x00\x00\x00\x00\
\x00\x00\x00\x00\x00\x00\x00\x00\x00\x00\x00\x00\x00\x00\x00\x00\
\x00\x00\x00\x00\x00\x00\x00\x00\x00\x00\x00\x00\x00\x00\x00\x00\
\x00\x00\x00\x00\x00\x00\x00\x00\x00\x00\x00\x00\x00\x00\x00\x00\
\x00\x00\x00\x00\x00\x00\x00\x00\x00\x00\x00\x00\x00\x00\x00\x00\
\x00\x00\x00\x00\x00\x00\x00\x00\x00\x00\x00\x00\x00\x00\x00\x00\
\x00\x00\x00\x00\x00\x00\x00\x00\x00\x00\x00\x00\x00\x00\x00\x00\
\x00\x00\x00\x00\x00\x00\x00\x00\x00\x00\x00\x00\x00\x00\x00\x00\
\x00\x00\x00\x00\x00\x00\x00\x00\x00\x00\x00\x00\x00\x00\x00\x00\
\x00\x00\x00\x00\x00\x00\x00\x00\x00\x00\x00\x00\x00\x00\x00\x00\
\x00\x00\x00\x00\x00\x00\x00\x00\x00\x00\x00\x00\x00\x00\x00\x00\
\x00\x00\x00\x00\x00\x00\x00\x00\x00\x00\x00\x00\x00\x00\x00\x00\
\x00\x00\x00\x00\x00\x00\x00\x00\x00\x00\x00\x00\x00\x00\x00\x00\
\x002\x06\x15\x012\x06\x15\x032\x06\x15\x052\x06\x15\
\x0a2\x06\x15\x102\x06\x15\x17\x1b\x00\x03\x1d\xc6\xab\x86\
d\xfd\xe8\xb0\xf4\xff\xea\xb1\xff\xff\xea\xb1\xff\xff\xea\xb1\
\xff\xfe\xe9\xb0\xff\xfc\xe5\xad\xff\xf9\xe1\xab\xff\xf6\xdc\xa8\
\xff\xf3\xd7\xa4\xff\xf0\xd2\xa1\xff\xec\xcc\x9d\xff\xe9\xc6\x99\
\xff\xe5\xc0\x96\xff\xe1\xba\x92\xff\xdd\xb5\x8e\xff\xd9\xaf\x8a\
\xff\xd6\xa9\x86\xff\xd2\xa3\x82\xff\xce\x9d~\xff\xca\x97{\
\xff\xc6\x91w\xff\xbf\x88q\xebm<;R*\x00\x10\
3-\x03\x111\x89h\x5cK\xd3\xba\x9a\x90\xe9\xd2\xab\
\xcf\xed\xd6\xaf\xee\xed\xd5\xaf\xf9\xec\xd3\xad\xfe\xe9\xcf\xab\
\xff\xe7\xcc\xa9\xfd\xe4\xc8\xa7\xf6\xe1\xc3\xa3\xea\xd8\xb8\x9c\
\xbf\xbe\x9b\x86tb<<,&\x00\x0b\x1b2\x06\x15\
\x182\x06\x15\x122\x06\x15\x0d2\x06\x15\x092\x06\x15\
\x062\x06\x15\x032\x06\x15\x012\x06\x15\x00\x00\x00\x00\
\x00\x00\x00\x00\x00\x00\x00\x00\x00\x00\x00\x00\x00\x00\x00\x00\
\x00\x00\x00\x00\x00\x00\x00\x00\x00\x00\x00\x00\x00\x00\x00\x00\
\x00\x00\x00\x00\x00\x00\x00\x00\x00\x00\x00\x00\x00\x00\x00\x00\
\x00\x00\x00\x00\x00\x00\x00\x00\x00\x00\x00\x00\x00\x00\x00\x00\
\x00\x00\x00\x00\x00\x00\x00\x00\x00\x00\x00\x00\x00\x00\x00\x00\
\x00\x00\x00\x00\x00\x00\x00\x00\x00\x00\x00\x00\x00\x00\x00\x00\
\x00\x00\x00\x00\x00\x00\x00\x00\x00\x00\x00\x00\x00\x00\x00\x00\
\x00\x00\x00\x00\x00\x00\x00\x00\x00\x00\x00\x00\x00\x00\x00\x00\
\x00\x00\x00\x00\x00\x00\x00\x00\x00\x00\x00\x00\x00\x00\x00\x00\
\x00\x00\x00\x00\x00\x00\x00\x00\x00\x00\x00\x00\x00\x00\x00\x00\
\x00\x00\x00\x00\x00\x00\x00\x00\x00\x00\x00\x00\x00\x00\x00\x00\
\x00\x00\x00\x00\x00\x00\x00\x00\x00\x00\x00\x00\x00\x00\x00\x00\
\x00\x00\x00\x00\x00\x00\x00\x00\x00\x00\x00\x00\x00\x00\x00\x00\
\x00\x00\x00\x00\x00\x00\x00\x00\x00\x00\x00\x00\x00\x00\x00\x00\
\x00\x00\x00\x00\x00\x00\x00\x00\x00\x00\x00\x00\x00\x00\x00\x00\
\x00\x00\x00\x00\x00\x00\x00\x00\x00\x00\x00\x00\x00\x00\x00\x00\
\x00\x00\x00\x00\x00\x00\x00\x00\x00\x00\x00\x00\x00\x00\x00\x00\
\x00\x00\x00\x00\x00\x00\x00\x00\x00\x00\x00\x00\x00\x00\x00\x00\
\x002\x06\x15\x012\x06\x15\x032\x06\x15\x062\x06\x15\
\x0a2\x06\x15\x102\x06\x15\x17\x1b\x00\x04\x1d\xc6\xaa\x86\
d\xfd\xe8\xb0\xf4\xff\xea\xb1\xff\xff\xea\xb1\xff\xff\xea\xb1\
\xff\xff\xea\xb1\xff\xfd\xe7\xaf\xff\xfa\xe2\xac\xff\xf7\xde\xa9\
\xff\xf4\xd9\xa5\xff\xf1\xd4\xa2\xff\xed\xce\x9e\xff\xea\xc8\x9b\
\xff\xe6\xc2\x97\xff\xe2\xbd\x93\xff\xdf\xb7\x8f\xff\xdb\xb1\x8b\
\xff\xd7\xab\x88\xff\xd3\xa5\x84\xff\xcf\x9f\x80\xff\xcb\x99|\
\xff\xc8\x94y\xff\xc1\x8bs\xebsB?Q+\x00\x11\
/1\x05\x15-(\x00\x0d(-\x08\x11'sNJ\
6\xa8\x89vP\xc3\xa6\x8cm\xcb\xae\x92|\xc9\xac\x91\
}\xc6\xa8\x8ey\xb8\x98\x83e\x9aviGa:;\
,\x22\x04\x09\x1d,\x02\x10\x1b2\x06\x15\x172\x06\x15\
\x122\x06\x15\x0e2\x06\x15\x0a2\x06\x15\x062\x06\x15\
\x042\x06\x15\x022\x06\x15\x012\x06\x15\x00\x00\x00\x00\
\x00\x00\x00\x00\x00\x00\x00\x00\x00\x00\x00\x00\x00\x00\x00\x00\
\x00\x00\x00\x00\x00\x00\x00\x00\x00\x00\x00\x00\x00\x00\x00\x00\
\x00\x00\x00\x00\x00\x00\x00\x00\x00\x00\x00\x00\x00\x00\x00\x00\
\x00\x00\x00\x00\x00\x00\x00\x00\x00\x00\x00\x00\x00\x00\x00\x00\
\x00\x00\x00\x00\x00\x00\x00\x00\x00\x00\x00\x00\x00\x00\x00\x00\
\x00\x00\x00\x00\x00\x00\x00\x00\x00\x00\x00\x00\x00\x00\x00\x00\
\x00\x00\x00\x00\x00\x00\x00\x00\x00\x00\x00\x00\x00\x00\x00\x00\
\x00\x00\x00\x00\x00\x00\x00\x00\x00\x00\x00\x00\x00\x00\x00\x00\
\x00\x00\x00\x00\x00\x00\x00\x00\x00\x00\x00\x00\x00\x00\x00\x00\
\x00\x00\x00\x00\x00\x00\x00\x00\x00\x00\x00\x00\x00\x00\x00\x00\
\x00\x00\x00\x00\x00\x00\x00\x00\x00\x00\x00\x00\x00\x00\x00\x00\
\x00\x00\x00\x00\x00\x00\x00\x00\x00\x00\x00\x00\x00\x00\x00\x00\
\x00\x00\x00\x00\x00\x00\x00\x00\x00\x00\x00\x00\x00\x00\x00\x00\
\x00\x00\x00\x00\x00\x00\x00\x00\x00\x00\x00\x00\x00\x00\x00\x00\
\x00\x00\x00\x00\x00\x00\x00\x00\x00\x00\x00\x00\x00\x00\x00\x00\
\x00\x00\x00\x00\x00\x00\x00\x00\x00\x00\x00\x00\x00\x00\x00\x00\
\x00\x00\x00\x00\x00\x00\x00\x00\x00\x00\x00\x00\x00\x00\x00\x00\
\x00\x00\x00\x00\x00\x00\x00\x00\x00\x00\x00\x00\x00\x00\x00\x00\
\x002\x06\x15\x012\x06\x15\x022\x06\x15\x052\x06\x15\
\x0a2\x06\x15\x0f2\x06\x15\x16 \x00\x07\x1d\xb0\x92u\
P\xfc\xe7\xaf\xee\xff\xea\xb1\xff\xff\xea\xb1\xff\xff\xea\xb1\
\xff\xff\xea\xb1\xff\xfe\xe8\xb0\xff\xfb\xe4\xad\xff\xf8\xdf\xaa\
\xff\xf5\xda\xa7\xff\xf2\xd5\xa3\xff\xef\xd0\xa0\xff\xeb\xca\x9c\
\xff\xe7\xc4\x98\xff\xe4\xbf\x95\xff\xe0\xb9\x91\xff\xdc\xb3\x8d\
\xff\xd8\xad\x89\xff\xd5\xa7\x85\xff\xd1\xa1\x81\xff\xcd\x9b}\
\xff\xc9\x96z\xff\xc1\x8cs\xe3j::E,\x00\x11\
*2\x06\x15'2\x06\x15$1\x05\x14!*\x00\x0e\
\x1f\x22\x00\x07\x1d\x1b\x00\x02\x1d\x17\x00\x00\x1c\x17\x00\x00\
\x1d\x18\x00\x00\x1c\x1d\x00\x04\x1c#\x00\x09\x1b,\x01\x10\
\x1a2\x05\x15\x182\x06\x15\x152\x06\x15\x112\x06\x15\
\x0e2\x06\x15\x0a2\x06\x15\x072\x06\x15\x042\x06\x15\
\x032\x06\x15\x012\x06\x15\x012\x06\x15\x00\x00\x00\x00\
\x00\x00\x00\x00\x00\x00\x00\x00\x00\x00\x00\x00\x00\x00\x00\x00\
\x00\x00\x00\x00\x00\x00\x00\x00\x00\x00\x00\x00\x00\x00\x00\x00\
\x00\x00\x00\x00\x00\x00\x00\x00\x00\x00\x00\x00\x00\x00\x00\x00\
\x00\x00\x00\x00\x00\x00\x00\x00\x00\x00\x00\x00\x00\x00\x00\x00\
\x00\x00\x00\x00\x00\x00\x00\x00\x00\x00\x00\x00\x00\x00\x00\x00\
\x00\x00\x00\x00\x00\x00\x00\x00\x00\x00\x00\x00\x00\x00\x00\x00\
\x00\x00\x00\x00\x00\x00\x00\x00\x00\x00\x00\x00\x00\x00\x00\x00\
\x00\x00\x00\x00\x00\x00\x00\x00\x00\x00\x00\x00\x00\x00\x00\x00\
\x00\x00\x00\x00\x00\x00\x00\x00\x00\x00\x00\x00\x00\x00\x00\x00\
\x00\x00\x00\x00\x00\x00\x00\x00\x00\x00\x00\x00\x00\x00\x00\x00\
\x00\x00\x00\x00\x00\x00\x00\x00\x00\x00\x00\x00\x00\x00\x00\x00\
\x00\x00\x00\x00\x00\x00\x00\x00\x00\x00\x00\x00\x00\x00\x00\x00\
\x00\x00\x00\x00\x00\x00\x00\x00\x00\x00\x00\x00\x00\x00\x00\x00\
\x00\x00\x00\x00\x00\x00\x00\x00\x00\x00\x00\x00\x00\x00\x00\x00\
\x00\x00\x00\x00\x00\x00\x00\x00\x00\x00\x00\x00\x00\x00\x00\x00\
\x00\x00\x00\x00\x00\x00\x00\x00\x00\x00\x00\x00\x00\x00\x00\x00\
\x00\x00\x00\x00\x00\x00\x00\x00\x00\x00\x00\x00\x00\x00\x00\x00\
\x00\x00\x00\x00\x00\x00\x00\x00\x00\x00\x00\x00\x00\x00\x00\x00\
\x002\x06\x15\x012\x06\x15\x022\x06\x15\x052\x06\x15\
\x092\x06\x15\x0e2\x06\x15\x15'\x00\x0d\x1c\x80\x5cP\
7\xf7\xe1\xab\xd3\xff\xea\xb1\xff\xff\xea\xb1\xff\xff\xea\xb1\
\xff\xff\xea\xb1\xff\xfe\xe9\xb0\xff\xfc\xe5\xae\xff\xfa\xe1\xab\
\xff\xf7\xdc\xa8\xff\xf4\xd7\xa5\xff\xf0\xd2\xa1\xff\xec\xcc\x9e\
\xff\xe9\xc7\x9a\xff\xe5\xc1\x96\xff\xe2\xbb\x92\xff\xde\xb5\x8e\
\xff\xda\xaf\x8a\xff\xd6\xaa\x86\xff\xd2\xa3\x83\xff\xce\x9e\x7f\
\xff\xcb\x98{\xff\xbe\x8aq\xc7X*.7.\x02\x12\
%2\x06\x15!2\x06\x15\x1d2\x06\x15\x1a2\x06\x15\
\x192\x06\x15\x182\x06\x15\x182\x06\x15\x192\x06\x15\
\x192\x06\x15\x192\x06\x15\x182\x06\x15\x162\x06\x15\
\x142\x06\x15\x122\x06\x15\x0f2\x06\x15\x0c2\x06\x15\
\x092\x06\x15\x072\x06\x15\x042\x06\x15\x032\x06\x15\
\x022\x06\x15\x012\x06\x15\x00\x00\x00\x00\x00\x00\x00\x00\
\x00\x00\x00\x00\x00\x00\x00\x00\x00\x00\x00\x00\x00\x00\x00\x00\
\x00\x00\x00\x00\x00\x00\x00\x00\x00\x00\x00\x00\x00\x00\x00\x00\
\x00\x00\x00\x00\x00\x00\x00\x00\x00\x00\x00\x00\x00\x00\x00\x00\
\x00\x00\x00\x00\x00\x00\x00\x00\x00\x00\x00\x00\x00\x00\x00\x00\
\x00\x00\x00\x00\x00\x00\x00\x00\x00\x00\x00\x00\x00\x00\x00\x00\
\x00\x00\x00\x00\x00\x00\x00\x00\x00\x00\x00\x00\x00\x00\x00\x00\
\x00\x00\x00\x00\x00\x00\x00\x00\x00\x00\x00\x00\x00\x00\x00\x00\
\x00\x00\x00\x00\x00\x00\x00\x00\x00\x00\x00\x00\x00\x00\x00\x00\
\x00\x00\x00\x00\x00\x00\x00\x00\x00\x00\x00\x00\x00\x00\x00\x00\
\x00\x00\x00\x00\x00\x00\x00\x00\x00\x00\x00\x00\x00\x00\x00\x00\
\x00\x00\x00\x00\x00\x00\x00\x00\x00\x00\x00\x00\x00\x00\x00\x00\
\x00\x00\x00\x00\x00\x00\x00\x00\x00\x00\x00\x00\x00\x00\x00\x00\
\x00\x00\x00\x00\x00\x00\x00\x00\x00\x00\x00\x00\x00\x00\x00\x00\
\x00\x00\x00\x00\x00\x00\x00\x00\x00\x00\x00\x00\x00\x00\x00\x00\
\x00\x00\x00\x00\x00\x00\x00\x00\x00\x00\x00\x00\x00\x00\x00\x00\
\x00\x00\x00\x00\x00\x00\x00\x00\x00\x00\x00\x00\x00\x00\x00\x00\
\x00\x00\x00\x00\x00\x00\x00\x00\x00\x00\x00\x00\x00\x00\x00\x00\
\x00\x00\x00\x00\x00\x00\x00\x00\x00\x00\x00\x00\x00\x00\x00\x00\
\x002\x06\x15\x002\x06\x15\x022\x06\x15\x042\x06\x15\
\x082\x06\x15\x0d2\x06\x15\x13/\x03\x13\x1a9\x0e\x1a\
$\xe6\xce\x9e\x9a\xff\xea\xb1\xff\xff\xea\xb1\xff\xff\xea\xb1\
\xff\xff\xea\xb1\xff\xff\xe9\xb1\xff\xfd\xe7\xaf\xff\xfb\xe2\xac\
\xff\xf8\xde\xa9\xff\xf5\xd9\xa6\xff\xf1\xd4\xa3\xff\xee\xce\x9f\
\xff\xea\xc9\x9b\xff\xe7\xc3\x97\xff\xe3\xbd\x93\xff\xdf\xb7\x90\
\xff\xdb\xb1\x8c\xff\xd7\xab\x88\xff\xd4\xa6\x84\xff\xd0\xa0\x80\
\xff\xcc\x9a|\xff\xb4\x82l\x991\x05\x14'1\x05\x14\
 2\x06\x15\x1b2\x06\x15\x172\x06\x15\x142\x06\x15\
\x122\x06\x15\x112\x06\x15\x112\x06\x15\x122\x06\x15\
\x122\x06\x15\x112\x06\x15\x112\x06\x15\x0f2\x06\x15\
\x0e2\x06\x15\x0c2\x06\x15\x0a2\x06\x15\x082\x06\x15\
\x062\x06\x15\x042\x06\x15\x032\x06\x15\x022\x06\x15\
\x012\x06\x15\x00\x00\x00\x00\x00\x00\x00\x00\x00\x00\x00\x00\
\x00\x00\x00\x00\x00\x00\x00\x00\x00\x00\x00\x00\x00\x00\x00\x00\
\x00\x00\x00\x00\x00\x00\x00\x00\x00\x00\x00\x00\x00\x00\x00\x00\
\x00\x00\x00\x00\x00\x00\x00\x00\x00\x00\x00\x00\x00\x00\x00\x00\
\x00\x00\x00\x00\x00\x00\x00\x00\x00\x00\x00\x00\x00\x00\x00\x00\
\x00\x00\x00\x00\x00\x00\x00\x00\x00\x00\x00\x00\x00\x00\x00\x00\
\x00\x00\x00\x00\x00\x00\x00\x00\x00\x00\x00\x00\x00\x00\x00\x00\
\x00\x00\x00\x00\x00\x00\x00\x00\x00\x00\x00\x00\x00\x00\x00\x00\
\x00\x00\x00\x00\x00\x00\x00\x00\x00\x00\x00\x00\x00\x00\x00\x00\
\x00\x00\x00\x00\x00\x00\x00\x00\x00\x00\x00\x00\x00\x00\x00\x00\
\x00\x00\x00\x00\x00\x00\x00\x00\x00\x00\x00\x00\x00\x00\x00\x00\
\x00\x00\x00\x00\x00\x00\x00\x00\x00\x00\x00\x00\x00\x00\x00\x00\
\x00\x00\x00\x00\x00\x00\x00\x00\x00\x00\x00\x00\x00\x00\x00\x00\
\x00\x00\x00\x00\x00\x00\x00\x00\x00\x00\x00\x00\x00\x00\x00\x00\
\x00\x00\x00\x00\x00\x00\x00\x00\x00\x00\x00\x00\x00\x00\x00\x00\
\x00\x00\x00\x00\x00\x00\x00\x00\x00\x00\x00\x00\x00\x00\x00\x00\
\x00\x00\x00\x00\x00\x00\x00\x00\x00\x00\x00\x00\x00\x00\x00\x00\
\x00\x00\x00\x00\x00\x00\x00\x00\x00\x00\x00\x00\x00\x00\x00\x00\
\x00\x00\x00\x00\x00\x00\x00\x00\x00\x00\x00\x00\x00\x00\x00\x00\
\x002\x06\x15\x002\x06\x15\x022\x06\x15\x032\x06\x15\
\x072\x06\x15\x0b2\x06\x15\x112\x06\x15\x18\x1f\x00\x06\
\x1e\xb3\x96wS\xfb\xe5\xae\xe7\xff\xea\xb1\xff\xff\xea\xb1\
\xff\xff\xea\xb1\xff\xff\xea\xb1\xff\xfe\xe8\xb0\xff\xfc\xe4\xad\
\xff\xf9\xe0\xaa\xff\xf6\xdb\xa7\xff\xf3\xd6\xa4\xff\xef\xd0\xa0\
\xff\xeb\xcb\x9c\xff\xe8\xc5\x99\xff\xe4\xbf\x95\xff\xe0\xba\x91\
\xff\xdd\xb3\x8d\xff\xd9\xae\x89\xff\xd5\xa8\x86\xff\xd1\xa2\x82\
\xff\xcb\x9a|\xed\x96fXZ$\x00\x0b 2\x06\x15\
\x1b2\x06\x15\x152\x06\x15\x112\x06\x15\x0e2\x06\x15\
\x0c2\x06\x15\x0b2\x06\x15\x0b2\x06\x15\x0c2\x06\x15\
\x0c2\x06\x15\x0b2\x06\x15\x0b2\x06\x15\x0a2\x06\x15\
\x092\x06\x15\x072\x06\x15\x062\x06\x15\x052\x06\x15\
\x032\x06\x15\x022\x06\x15\x012\x06\x15\x012\x06\x15\
\x00\x00\x00\x00\x00\x00\x00\x00\x00\x00\x00\x00\x00\x00\x00\x00\
\x00\x00\x00\x00\x00\x00\x00\x00\x00\x00\x00\x00\x00\x00\x00\x00\
\x00\x00\x00\x00\x00\x00\x00\x00\x00\x00\x00\x00\x00\x00\x00\x00\
\x00\x00\x00\x00\x00\x00\x00\x00\x00\x00\x00\x00\x00\x00\x00\x00\
\x00\x00\x00\x00\x00\x00\x00\x00\x00\x00\x00\x00\x00\x00\x00\x00\
\x00\x00\x00\x00\x00\x00\x00\x00\x00\x00\x00\x00\x00\x00\x00\x00\
\x00\x00\x00\x00\x00\x00\x00\x00\x00\x00\x00\x00\x00\x00\x00\x00\
\x00\x00\x00\x00\x00\x00\x00\x00\x00\x00\x00\x00\x00\x00\x00\x00\
\x00\x00\x00\x00\x00\x00\x00\x00\x00\x00\x00\x00\x00\x00\x00\x00\
\x00\x00\x00\x00\x00\x00\x00\x00\x00\x00\x00\x00\x00\x00\x00\x00\
\x00\x00\x00\x00\x00\x00\x00\x00\x00\x00\x00\x00\x00\x00\x00\x00\
\x00\x00\x00\x00\x00\x00\x00\x00\x00\x00\x00\x00\x00\x00\x00\x00\
\x00\x00\x00\x00\x00\x00\x00\x00\x00\x00\x00\x00\x00\x00\x00\x00\
\x00\x00\x00\x00\x00\x00\x00\x00\x00\x00\x00\x00\x00\x00\x00\x00\
\x00\x00\x00\x00\x00\x00\x00\x00\x00\x00\x00\x00\x00\x00\x00\x00\
\x00\x00\x00\x00\x00\x00\x00\x00\x00\x00\x00\x00\x00\x00\x00\x00\
\x00\x00\x00\x00\x00\x00\x00\x00\x00\x00\x00\x00\x00\x00\x00\x00\
\x00\x00\x00\x00\x00\x00\x00\x00\x00\x00\x00\x00\x00\x00\x00\x00\
\x00\x00\x00\x00\x00\x00\x00\x00\x00\x00\x00\x00\x00\x00\x00\x00\
\x002\x06\x15\x002\x06\x15\x012\x06\x15\x032\x06\x15\
\x052\x06\x15\x092\x06\x15\x0e2\x06\x15\x15/\x02\x13\
\x1cA\x19!&\xe4\xcc\x9d\x96\xff\xea\xb1\xfd\xff\xea\xb1\
\xff\xff\xea\xb1\xff\xff\xea\xb1\xff\xfe\xe9\xb0\xff\xfc\xe6\xae\
\xff\xfa\xe1\xab\xff\xf7\xdc\xa8\xff\xf4\xd8\xa5\xff\xf0\xd2\xa1\
\xff\xed\xcd\x9e\xff\xe9\xc7\x9a\xff\xe5\xc2\x96\xff\xe2\xbc\x93\
\xff\xde\xb6\x8f\xff\xda\xb0\x8a\xff\xd6\xaa\x87\xff\xd3\xa4\x83\
\xff\xc0\x90v\xa9K\x1e&+.\x03\x13\x1d2\x06\x15\
\x172\x06\x15\x112\x06\x15\x0d2\x06\x15\x0a2\x06\x15\
\x082\x06\x15\x072\x06\x15\x062\x06\x15\x072\x06\x15\
\x072\x06\x15\x072\x06\x15\x062\x06\x15\x052\x06\x15\
\x052\x06\x15\x042\x06\x15\x032\x06\x15\x022\x06\x15\
\x022\x06\x15\x012\x06\x15\x012\x06\x15\x002\x06\x15\
\x00\x00\x00\x00\x00\x00\x00\x00\x00\x00\x00\x00\x00\x00\x00\x00\
\x00\x00\x00\x00\x00\x00\x00\x00\x00\x00\x00\x00\x00\x00\x00\x00\
\x00\x00\x00\x00\x00\x00\x00\x00\x00\x00\x00\x00\x00\x00\x00\x00\
\x00\x00\x00\x00\x00\x00\x00\x00\x00\x00\x00\x00\x00\x00\x00\x00\
\x00\x00\x00\x00\x00\x00\x00\x00\x00\x00\x00\x00\x00\x00\x00\x00\
\x00\x00\x00\x00\x00\x00\x00\x00\x00\x00\x00\x00\x00\x00\x00\x00\
\x00\x00\x00\x00\x00\x00\x00\x00\x00\x00\x00\x00\x00\x00\x00\x00\
\x00\x00\x00\x00\x00\x00\x00\x00\x00\x00\x00\x00\x00\x00\x00\x00\
\x00\x00\x00\x00\x00\x00\x00\x00\x00\x00\x00\x00\x00\x00\x00\x00\
\x00\x00\x00\x00\x00\x00\x00\x00\x00\x00\x00\x00\x00\x00\x00\x00\
\x00\x00\x00\x00\x00\x00\x00\x00\x00\x00\x00\x00\x00\x00\x00\x00\
\x00\x00\x00\x00\x00\x00\x00\x00\x00\x00\x00\x00\x00\x00\x00\x00\
\x00\x00\x00\x00\x00\x00\x00\x00\x00\x00\x00\x00\x00\x00\x00\x00\
\x00\x00\x00\x00\x00\x00\x00\x00\x00\x00\x00\x00\x00\x00\x00\x00\
\x00\x00\x00\x00\x00\x00\x00\x00\x00\x00\x00\x00\x00\x00\x00\x00\
\x00\x00\x00\x00\x00\x00\x00\x00\x00\x00\x00\x00\x00\x00\x00\x00\
\x00\x00\x00\x00\x00\x00\x00\x00\x00\x00\x00\x00\x00\x00\x00\x00\
\x00\x00\x00\x00\x00\x00\x00\x00\x00\x00\x00\x00\x00\x00\x00\x00\
\x00\x00\x00\x00\x00\x00\x00\x00\x00\x00\x00\x00\x00\x00\x00\x00\
\x002\x06\x15\x002\x06\x15\x012\x06\x15\x022\x06\x15\
\x042\x06\x15\x072\x06\x15\x0c2\x06\x15\x112\x06\x15\
\x18&\x00\x0c\x1e\x87gV:\xf2\xdc\xa7\xc1\xff\xea\xb1\
\xff\xff\xea\xb1\xff\xff\xea\xb1\xff\xff\xea\xb1\xff\xfd\xe7\xaf\
\xff\xfb\xe3\xac\xff\xf8\xde\xa9\xff\xf5\xd9\xa6\xff\xf2\xd4\xa3\
\xff\xee\xcf\x9f\xff\xea\xc9\x9b\xff\xe7\xc4\x98\xff\xe3\xbe\x94\
\xff\xdf\xb8\x90\xff\xdc\xb2\x8c\xff\xd8\xac\x89\xff\xce\xa0\x81\
\xd6\x8c^RI&\x00\x0d\x1e2\x06\x15\x192\x06\x15\
\x122\x06\x15\x0d2\x06\x15\x092\x06\x15\x062\x06\x15\
\x042\x06\x15\x032\x06\x15\x032\x06\x15\x032\x06\x15\
\x032\x06\x15\x032\x06\x15\x032\x06\x15\x032\x06\x15\
\x022\x06\x15\x022\x06\x15\x012\x06\x15\x012\x06\x15\
\x012\x06\x15\x002\x06\x15\x00\x00\x00\x00\x00\x00\x00\x00\
\x00\x00\x00\x00\x00\x00\x00\x00\x00\x00\x00\x00\x00\x00\x00\x00\
\x00\x00\x00\x00\x00\x00\x00\x00\x00\x00\x00\x00\x00\x00\x00\x00\
\x00\x00\x00\x00\x00\x00\x00\x00\x00\x00\x00\x00\x00\x00\x00\x00\
\x00\x00\x00\x00\x00\x00\x00\x00\x00\x00\x00\x00\x00\x00\x00\x00\
\x00\x00\x00\x00\x00\x00\x00\x00\x00\x00\x00\x00\x00\x00\x00\x00\
\x00\x00\x00\x00\x00\x00\x00\x00\x00\x00\x00\x00\x00\x00\x00\x00\
\x00\x00\x00\x00\x00\x00\x00\x00\x00\x00\x00\x00\x00\x00\x00\x00\
\x00\x00\x00\x00\x00\x00\x00\x00\x00\x00\x00\x00\x00\x00\x00\x00\
\x00\x00\x00\x00\x00\x00\x00\x00\x00\x00\x00\x00\x00\x00\x00\x00\
\x00\x00\x00\x00\x00\x00\x00\x00\x00\x00\x00\x00\x00\x00\x00\x00\
\x00\x00\x00\x00\x00\x00\x00\x00\x00\x00\x00\x00\x00\x00\x00\x00\
\x00\x00\x00\x00\x00\x00\x00\x00\x00\x00\x00\x00\x00\x00\x00\x00\
\x00\x00\x00\x00\x00\x00\x00\x00\x00\x00\x00\x00\x00\x00\x00\x00\
\x00\x00\x00\x00\x00\x00\x00\x00\x00\x00\x00\x00\x00\x00\x00\x00\
\x00\x00\x00\x00\x00\x00\x00\x00\x00\x00\x00\x00\x00\x00\x00\x00\
\x00\x00\x00\x00\x00\x00\x00\x00\x00\x00\x00\x00\x00\x00\x00\x00\
\x00\x00\x00\x00\x00\x00\x00\x00\x00\x00\x00\x00\x00\x00\x00\x00\
\x00\x00\x00\x00\x00\x00\x00\x00\x00\x00\x00\x00\x00\x00\x00\x00\
\x00\x00\x00\x00\x00\x00\x00\x00\x00\x00\x00\x00\x00\x00\x00\x00\
\x00\x00\x00\x00\x002\x06\x15\x002\x06\x15\x012\x06\x15\
\x032\x06\x15\x062\x06\x15\x092\x06\x15\x0e2\x06\x15\
\x142\x06\x15\x1a$\x00\x0a\x1f\xa8\x8aoK\xf5\xdf\xaa\
\xce\xff\xea\xb1\xff\xff\xea\xb1\xff\xff\xea\xb1\xff\xfe\xe8\xb0\
\xff\xfc\xe5\xad\xff\xf9\xe0\xab\xff\xf6\xdb\xa8\xff\xf3\xd6\xa4\
\xff\xef\xd1\xa0\xff\xec\xcb\x9d\xff\xe8\xc6\x99\xff\xe5\xc0\x95\
\xff\xe1\xba\x92\xff\xdd\xb5\x8e\xff\xd4\xaa\x87\xdf\xa5ye\
_*\x00\x0f 1\x05\x15\x1b2\x06\x15\x142\x06\x15\
\x0f2\x06\x15\x0a2\x06\x15\x062\x06\x15\x042\x06\x15\
\x022\x06\x15\x012\x06\x15\x012\x06\x15\x012\x06\x15\
\x012\x06\x15\x012\x06\x15\x012\x06\x15\x012\x06\x15\
\x012\x06\x15\x002\x06\x15\x002\x06\x15\x002\x06\x15\
\x00\x00\x00\x00\x00\x00\x00\x00\x00\x00\x00\x00\x00\x00\x00\x00\
\x00\x00\x00\x00\x00\x00\x00\x00\x00\x00\x00\x00\x00\x00\x00\x00\
\x00\x00\x00\x00\x00\x00\x00\x00\x00\x00\x00\x00\x00\x00\x00\x00\
\x00\x00\x00\x00\x00\x00\x00\x00\x00\x00\x00\x00\x00\x00\x00\x00\
\x00\x00\x00\x00\x00\x00\x00\x00\x00\x00\x00\x00\x00\x00\x00\x00\
\x00\x00\x00\x00\x00\x00\x00\x00\x00\x00\x00\x00\x00\x00\x00\x00\
\x00\x00\x00\x00\x00\x00\x00\x00\x00\x00\x00\x00\x00\x00\x00\x00\
\x00\x00\x00\x00\x00\x00\x00\x00\x00\x00\x00\x00\x00\x00\x00\x00\
\x00\x00\x00\x00\x00\x00\x00\x00\x00\x00\x00\x00\x00\x00\x00\x00\
\x00\x00\x00\x00\x00\x00\x00\x00\x00\x00\x00\x00\x00\x00\x00\x00\
\x00\x00\x00\x00\x00\x00\x00\x00\x00\x00\x00\x00\x00\x00\x00\x00\
\x00\x00\x00\x00\x00\x00\x00\x00\x00\x00\x00\x00\x00\x00\x00\x00\
\x00\x00\x00\x00\x00\x00\x00\x00\x00\x00\x00\x00\x00\x00\x00\x00\
\x00\x00\x00\x00\x00\x00\x00\x00\x00\x00\x00\x00\x00\x00\x00\x00\
\x00\x00\x00\x00\x00\x00\x00\x00\x00\x00\x00\x00\x00\x00\x00\x00\
\x00\x00\x00\x00\x00\x00\x00\x00\x00\x00\x00\x00\x00\x00\x00\x00\
\x00\x00\x00\x00\x00\x00\x00\x00\x00\x00\x00\x00\x00\x00\x00\x00\
\x00\x00\x00\x00\x00\x00\x00\x00\x00\x00\x00\x00\x00\x00\x00\x00\
\x00\x00\x00\x00\x00\x00\x00\x00\x00\x00\x00\x00\x00\x00\x00\x00\
\x00\x00\x00\x00\x00\x00\x00\x00\x00\x00\x00\x00\x00\x00\x00\x00\
\x00\x00\x00\x00\x002\x06\x15\x002\x06\x15\x012\x06\x15\
\x022\x06\x15\x042\x06\x15\x072\x06\x15\x0b2\x06\x15\
\x102\x06\x15\x151\x05\x14\x1b%\x00\x0b \xa9\x8ao\
K\xf2\xdc\xa7\xc1\xfe\xea\xb1\xfc\xff\xea\xb1\xff\xfe\xe9\xb1\
\xff\xfd\xe6\xae\xff\xfa\xe2\xab\xff\xf7\xdd\xa9\xff\xf4\xd8\xa5\
\xff\xf0\xd3\xa2\xff\xed\xcd\x9e\xff\xea\xc8\x9a\xff\xe6\xc2\x97\
\xff\xe2\xbc\x93\xfd\xd6\xae\x8a\xce\xa5{f[,\x03\x11\
!0\x04\x14\x1c2\x06\x15\x162\x06\x15\x102\x06\x15\
\x0b2\x06\x15\x072\x06\x15\x042\x06\x15\x022\x06\x15\
\x012\x06\x15\x002\x06\x15\x002\x06\x15\x002\x06\x15\
\x002\x06\x15\x002\x06\x15\x002\x06\x15\x002\x06\x15\
\x00\x00\x00\x00\x00\x00\x00\x00\x00\x00\x00\x00\x00\x00\x00\x00\
\x00\x00\x00\x00\x00\x00\x00\x00\x00\x00\x00\x00\x00\x00\x00\x00\
\x00\x00\x00\x00\x00\x00\x00\x00\x00\x00\x00\x00\x00\x00\x00\x00\
\x00\x00\x00\x00\x00\x00\x00\x00\x00\x00\x00\x00\x00\x00\x00\x00\
\x00\x00\x00\x00\x00\x00\x00\x00\x00\x00\x00\x00\x00\x00\x00\x00\
\x00\x00\x00\x00\x00\x00\x00\x00\x00\x00\x00\x00\x00\x00\x00\x00\
\x00\x00\x00\x00\x00\x00\x00\x00\x00\x00\x00\x00\x00\x00\x00\x00\
\x00\x00\x00\x00\x00\x00\x00\x00\x00\x00\x00\x00\x00\x00\x00\x00\
\x00\x00\x00\x00\x00\x00\x00\x00\x00\x00\x00\x00\x00\x00\x00\x00\
\x00\x00\x00\x00\x00\x00\x00\x00\x00\x00\x00\x00\x00\x00\x00\x00\
\x00\x00\x00\x00\x00\x00\x00\x00\x00\x00\x00\x00\x00\x00\x00\x00\
\x00\x00\x00\x00\x00\x00\x00\x00\x00\x00\x00\x00\x00\x00\x00\x00\
\x00\x00\x00\x00\x00\x00\x00\x00\x00\x00\x00\x00\x00\x00\x00\x00\
\x00\x00\x00\x00\x00\x00\x00\x00\x00\x00\x00\x00\x00\x00\x00\x00\
\x00\x00\x00\x00\x00\x00\x00\x00\x00\x00\x00\x00\x00\x00\x00\x00\
\x00\x00\x00\x00\x00\x00\x00\x00\x00\x00\x00\x00\x00\x00\x00\x00\
\x00\x00\x00\x00\x00\x00\x00\x00\x00\x00\x00\x00\x00\x00\x00\x00\
\x00\x00\x00\x00\x00\x00\x00\x00\x00\x00\x00\x00\x00\x00\x00\x00\
\x00\x00\x00\x00\x00\x00\x00\x00\x00\x00\x00\x00\x00\x00\x00\x00\
\x00\x00\x00\x00\x00\x00\x00\x00\x00\x00\x00\x00\x00\x00\x00\x00\
\x00\x00\x00\x00\x00\x00\x00\x00\x00\x00\x00\x00\x00\x00\x00\x00\
\x00\x00\x00\x00\x002\x06\x15\x002\x06\x15\x012\x06\x15\
\x012\x06\x15\x032\x06\x15\x052\x06\x15\x082\x06\x15\
\x0c2\x06\x15\x102\x06\x15\x161\x05\x14\x1b$\x00\x0a\
\x1f\x86dU:\xe3\xcb\x9c\x95\xfb\xe5\xae\xe7\xff\xea\xb1\
\xfe\xfe\xe8\xb0\xff\xfb\xe4\xad\xff\xf8\xdf\xaa\xff\xf5\xda\xa6\
\xff\xf2\xd5\xa3\xff\xef\xd0\xa0\xff\xeb\xca\x9c\xfc\xe3\xbf\x95\
\xe2\xcc\xa6\x83\x97\x84[O?'\x01\x0d 1\x05\x14\
\x1c2\x06\x15\x172\x06\x15\x112\x06\x15\x0c2\x06\x15\
\x082\x06\x15\x052\x06\x15\x032\x06\x15\x022\x06\x15\
\x012\x06\x15\x00\x00\x00\x00\x00\x00\x00\x00\x00\x00\x00\x00\
\x00\x00\x00\x00\x00\x00\x00\x00\x00\x00\x00\x00\x00\x00\x00\x00\
\x00\x00\x00\x00\x00\x00\x00\x00\x00\x00\x00\x00\x00\x00\x00\x00\
\x00\x00\x00\x00\x00\x00\x00\x00\x00\x00\x00\x00\x00\x00\x00\x00\
\x00\x00\x00\x00\x00\x00\x00\x00\x00\x00\x00\x00\x00\x00\x00\x00\
\x00\x00\x00\x00\x00\x00\x00\x00\x00\x00\x00\x00\x00\x00\x00\x00\
\x00\x00\x00\x00\x00\x00\x00\x00\x00\x00\x00\x00\x00\x00\x00\x00\
\x00\x00\x00\x00\x00\x00\x00\x00\x00\x00\x00\x00\x00\x00\x00\x00\
\x00\x00\x00\x00\x00\x00\x00\x00\x00\x00\x00\x00\x00\x00\x00\x00\
\x00\x00\x00\x00\x00\x00\x00\x00\x00\x00\x00\x00\x00\x00\x00\x00\
\x00\x00\x00\x00\x00\x00\x00\x00\x00\x00\x00\x00\x00\x00\x00\x00\
\x00\x00\x00\x00\x00\x00\x00\x00\x00\x00\x00\x00\x00\x00\x00\x00\
\x00\x00\x00\x00\x00\x00\x00\x00\x00\x00\x00\x00\x00\x00\x00\x00\
\x00\x00\x00\x00\x00\x00\x00\x00\x00\x00\x00\x00\x00\x00\x00\x00\
\x00\x00\x00\x00\x00\x00\x00\x00\x00\x00\x00\x00\x00\x00\x00\x00\
\x00\x00\x00\x00\x00\x00\x00\x00\x00\x00\x00\x00\x00\x00\x00\x00\
\x00\x00\x00\x00\x00\x00\x00\x00\x00\x00\x00\x00\x00\x00\x00\x00\
\x00\x00\x00\x00\x00\x00\x00\x00\x00\x00\x00\x00\x00\x00\x00\x00\
\x00\x00\x00\x00\x00\x00\x00\x00\x00\x00\x00\x00\x00\x00\x00\x00\
\x00\x00\x00\x00\x00\x00\x00\x00\x00\x00\x00\x00\x00\x00\x00\x00\
\x00\x00\x00\x00\x00\x00\x00\x00\x00\x00\x00\x00\x00\x00\x00\x00\
\x00\x00\x00\x00\x00\x00\x00\x00\x00\x00\x00\x00\x00\x00\x00\x00\
\x00\x00\x00\x00\x00\x00\x00\x00\x00\x00\x00\x00\x00\x00\x00\x00\
\x00\x00\x00\x00\x00\x00\x00\x00\x002\x06\x15\x002\x06\x15\
\x012\x06\x15\x022\x06\x15\x032\x06\x15\x052\x06\x15\
\x082\x06\x15\x0c2\x06\x15\x102\x06\x15\x152\x06\x15\
\x1a&\x00\x0c\x1e?\x1d\x1f&\xb0\x92uQ\xe5\xcc\x9d\
\x97\xf5\xde\xa9\xce\xf9\xe1\xab\xeb\xf7\xde\xa9\xf1\xf4\xd9\xa6\
\xf0\xee\xd2\xa1\xe3\xe3\xc4\x97\xbd\xcd\xaa\x86\x87\x97p^\
I;\x16\x1b%&\x00\x0d\x1e2\x05\x15\x1b2\x06\x15\
\x162\x06\x15\x112\x06\x15\x0d2\x06\x15\x092\x06\x15\
\x062\x06\x15\x032\x06\x15\x022\x06\x15\x012\x06\x15\
\x00\x00\x00\x00\x00\x00\x00\x00\x00\x00\x00\x00\x00\x00\x00\x00\
\x00\x00\x00\x00\x00\x00\x00\x00\x00\x00\x00\x00\x00\x00\x00\x00\
\x00\x00\x00\x00\x00\x00\x00\x00\x00\x00\x00\x00\x00\x00\x00\x00\
\x00\x00\x00\x00\x00\x00\x00\x00\x00\x00\x00\x00\x00\x00\x00\x00\
\x00\x00\x00\x00\x00\x00\x00\x00\x00\x00\x00\x00\x00\x00\x00\x00\
\x00\x00\x00\x00\x00\x00\x00\x00\x00\x00\x00\x00\x00\x00\x00\x00\
\x00\x00\x00\x00\x00\x00\x00\x00\x00\x00\x00\x00\x00\x00\x00\x00\
\x00\x00\x00\x00\x00\x00\x00\x00\x00\x00\x00\x00\x00\x00\x00\x00\
\x00\x00\x00\x00\x00\x00\x00\x00\x00\x00\x00\x00\x00\x00\x00\x00\
\x00\x00\x00\x00\x00\x00\x00\x00\x00\x00\x00\x00\x00\x00\x00\x00\
\x00\x00\x00\x00\x00\x00\x00\x00\x00\x00\x00\x00\x00\x00\x00\x00\
\x00\x00\x00\x00\x00\x00\x00\x00\x00\x00\x00\x00\x00\x00\x00\x00\
\x00\x00\x00\x00\x00\x00\x00\x00\x00\x00\x00\x00\x00\x00\x00\x00\
\x00\x00\x00\x00\x00\x00\x00\x00\x00\x00\x00\x00\x00\x00\x00\x00\
\x00\x00\x00\x00\x00\x00\x00\x00\x00\x00\x00\x00\x00\x00\x00\x00\
\x00\x00\x00\x00\x00\x00\x00\x00\x00\x00\x00\x00\x00\x00\x00\x00\
\x00\x00\x00\x00\x00\x00\x00\x00\x00\x00\x00\x00\x00\x00\x00\x00\
\x00\x00\x00\x00\x00\x00\x00\x00\x00\x00\x00\x00\x00\x00\x00\x00\
\x00\x00\x00\x00\x00\x00\x00\x00\x00\x00\x00\x00\x00\x00\x00\x00\
\x00\x00\x00\x00\x00\x00\x00\x00\x00\x00\x00\x00\x00\x00\x00\x00\
\x00\x00\x00\x00\x00\x00\x00\x00\x00\x00\x00\x00\x00\x00\x00\x00\
\x00\x00\x00\x00\x00\x00\x00\x00\x00\x00\x00\x00\x00\x00\x00\x00\
\x00\x00\x00\x00\x00\x00\x00\x00\x00\x00\x00\x00\x00\x00\x00\x00\
\x00\x00\x00\x00\x00\x00\x00\x00\x00\x00\x00\x00\x002\x06\x15\
\x002\x06\x15\x012\x06\x15\x022\x06\x15\x032\x06\x15\
\x052\x06\x15\x082\x06\x15\x0c2\x06\x15\x0f2\x06\x15\
\x142\x06\x15\x18/\x03\x13\x1c \x00\x07\x1e4\x13\x17\
#xSJ4\xa4\x84kI\xb7\x98yY\xb1\x91t\
U\x90l[@_76.#\x04\x0a $\x00\x0b\
\x1e0\x04\x13\x1c2\x06\x15\x182\x06\x15\x142\x06\x15\
\x102\x06\x15\x0c2\x06\x15\x092\x06\x15\x062\x06\x15\
\x042\x06\x15\x022\x06\x15\x012\x06\x15\x00\x00\x00\x00\
\x00\x00\x00\x00\x00\x00\x00\x00\x00\x00\x00\x00\x00\x00\x00\x00\
\x00\x00\x00\x00\x00\x00\x00\x00\x00\x00\x00\x00\x00\x00\x00\x00\
\x00\x00\x00\x00\x00\x00\x00\x00\x00\x00\x00\x00\x00\x00\x00\x00\
\x00\x00\x00\x00\x00\x00\x00\x00\x00\x00\x00\x00\x00\x00\x00\x00\
\x00\x00\x00\x00\x00\x00\x00\x00\x00\x00\x00\x00\x00\x00\x00\x00\
\x00\x00\x00\x00\x00\x00\x00\x00\x00\x00\x00\x00\x00\x00\x00\x00\
\x00\x00\x00\x00\x00\x00\x00\x00\x00\x00\x00\x00\x00\x00\x00\x00\
\x00\x00\x00\x00\x00\x00\x00\x00\x00\x00\x00\x00\x00\x00\x00\x00\
\x00\x00\x00\x00\x00\x00\x00\x00\x00\x00\x00\x00\x00\x00\x00\x00\
\x00\x00\x00\x00\x00\x00\x00\x00\x00\x00\x00\x00\x00\x00\x00\x00\
\x00\x00\x00\x00\x00\x00\x00\x00\x00\x00\x00\x00\x00\x00\x00\x00\
\x00\x00\x00\x00\x00\x00\x00\x00\x00\x00\x00\x00\x00\x00\x00\x00\
\x00\x00\x00\x00\x00\x00\x00\x00\x00\x00\x00\x00\x00\x00\x00\x00\
\x00\x00\x00\x00\x00\x00\x00\x00\x00\x00\x00\x00\x00\x00\x00\x00\
\x00\x00\x00\x00\x00\x00\x00\x00\x00\x00\x00\x00\x00\x00\x00\x00\
\x00\x00\x00\x00\x00\x00\x00\x00\x00\x00\x00\x00\x00\x00\x00\x00\
\x00\x00\x00\x00\x00\x00\x00\x00\x00\x00\x00\x00\x00\x00\x00\x00\
\x00\x00\x00\x00\x00\x00\x00\x00\x00\x00\x00\x00\x00\x00\x00\x00\
\x00\x00\x00\x00\x00\x00\x00\x00\x00\x00\x00\x00\x00\x00\x00\x00\
\x00\x00\x00\x00\x00\x00\x00\x00\x00\x00\x00\x00\x00\x00\x00\x00\
\x00\x00\x00\x00\x00\x00\x00\x00\x00\x00\x00\x00\x00\x00\x00\x00\
\x00\x00\x00\x00\x00\x00\x00\x00\x00\x00\x00\x00\x00\x00\x00\x00\
\x00\x00\x00\x00\x00\x00\x00\x00\x00\x00\x00\x00\x00\x00\x00\x00\
\x00\x00\x00\x00\x00\x00\x00\x00\x00\x00\x00\x00\x002\x06\x15\
\x002\x06\x15\x012\x06\x15\x012\x06\x15\x022\x06\x15\
\x032\x06\x15\x052\x06\x15\x082\x06\x15\x0b2\x06\x15\
\x0e2\x06\x15\x112\x06\x15\x152\x06\x15\x180\x04\x13\
\x1a(\x00\x0e\x1c\x22\x00\x09\x1c\x1e\x00\x06\x1c\x1f\x00\x07\
\x1c%\x00\x0b\x1c,\x01\x10\x1c1\x05\x14\x1a2\x06\x15\
\x182\x06\x15\x152\x06\x15\x112\x06\x15\x0e2\x06\x15\
\x0b2\x06\x15\x082\x06\x15\x062\x06\x15\x042\x06\x15\
\x022\x06\x15\x012\x06\x15\x012\x06\x15\x00\x00\x00\x00\
\x00\x00\x00\x00\x00\x00\x00\x00\x00\x00\x00\x00\x00\x00\x00\x00\
\x00\x00\x00\x00\x00\x00\x00\x00\x00\x00\x00\x00\x00\x00\x00\x00\
\x00\x00\x00\x00\x00\x00\x00\x00\x00\x00\x00\x00\x00\x00\x00\x00\
\x00\x00\x00\x00\x00\x00\x00\x00\x00\x00\x00\x00\x00\x00\x00\x00\
\x00\x00\x00\x00\x00\x00\x00\x00\x00\x00\x00\x00\x00\x00\x00\x00\
\x00\x00\x00\x00\x00\x00\x00\x00\x00\x00\x00\x00\x00\x00\x00\x00\
\x00\x00\x00\x00\x00\x00\x00\x00\x00\x00\x00\x00\x00\x00\x00\x00\
\x00\x00\x00\x00\x00\x00\x00\x00\x00\x00\x00\x00\x00\x00\x00\x00\
\x00\x00\x00\x00\x00\x00\x00\x00\x00\x00\x00\x00\x00\x00\x00\x00\
\x00\x00\x00\x00\x00\x00\x00\x00\x00\x00\x00\x00\x00\x00\x00\x00\
\x00\x00\x00\x00\x00\x00\x00\x00\x00\x00\x00\x00\x00\x00\x00\x00\
\x00\x00\x00\x00\x00\x00\x00\x00\x00\x00\x00\x00\x00\x00\x00\x00\
\x00\x00\x00\x00\x00\x00\x00\x00\x00\x00\x00\x00\x00\x00\x00\x00\
\x00\x00\x00\x00\x00\x00\x00\x00\x00\x00\x00\x00\x00\x00\x00\x00\
\x00\x00\x00\x00\x00\x00\x00\x00\x00\x00\x00\x00\x00\x00\x00\x00\
\x00\x00\x00\x00\x00\x00\x00\x00\x00\x00\x00\x00\x00\x00\x00\x00\
\x00\x00\x00\x00\x00\x00\x00\x00\x00\x00\x00\x00\x00\x00\x00\x00\
\x00\x00\x00\x00\x00\x00\x00\x00\x00\x00\x00\x00\x00\x00\x00\x00\
\x00\x00\x00\x00\x00\x00\x00\x00\x00\x00\x00\x00\x00\x00\x00\x00\
\x00\x00\x00\x00\x00\x00\x00\x00\x00\x00\x00\x00\x00\x00\x00\x00\
\x00\x00\x00\x00\x00\x00\x00\x00\x00\x00\x00\x00\x00\x00\x00\x00\
\x00\x00\x00\x00\x00\x00\x00\x00\x00\x00\x00\x00\x00\x00\x00\x00\
\x00\x00\x00\x00\x00\x00\x00\x00\x00\x00\x00\x00\x00\x00\x00\x00\
\x00\x00\x00\x00\x00\x00\x00\x00\x00\x00\x00\x00\x00\x00\x00\x00\
\x002\x06\x15\x002\x06\x15\x012\x06\x15\x012\x06\x15\
\x022\x06\x15\x032\x06\x15\x052\x06\x15\x072\x06\x15\
\x092\x06\x15\x0c2\x06\x15\x0e2\x06\x15\x112\x06\x15\
\x132\x06\x15\x152\x06\x15\x162\x06\x15\x162\x06\x15\
\x162\x06\x15\x162\x06\x15\x152\x06\x15\x132\x06\x15\
\x112\x06\x15\x0e2\x06\x15\x0c2\x06\x15\x092\x06\x15\
\x072\x06\x15\x052\x06\x15\x032\x06\x15\x022\x06\x15\
\x012\x06\x15\x012\x06\x15\x00\x00\x00\x00\x00\x00\x00\x00\
\x00\x00\x00\x00\x00\x00\x00\x00\x00\x00\x00\x00\x00\x00\x00\x00\
\x00\x00\x00\x00\x00\x00\x00\x00\x00\x00\x00\x00\x00\x00\x00\x00\
\x00\x00\x00\x00\x00\x00\x00\x00\x00\x00\x00\x00\x00\x00\x00\x00\
\x00\x00\x00\x00\x00\x00\x00\x00\x00\x00\x00\x00\x00\x00\x00\x00\
\x00\x00\x00\x00\x00\x00\x00\x00\x00\x00\x00\x00\x00\x00\x00\x00\
\x00\x00\x00\x00\x00\x00\x00\x00\x00\x00\x00\x00\x00\x00\x00\x00\
\x00\x00\x00\x00\x00\x00\x00\x00\x00\x00\x00\x00\x00\x00\x00\x00\
\x00\x00\x00\x00\x00\x00\x00\x00\x00\x00\x00\x00\x00\x00\x00\x00\
\x00\x00\x00\x00\x00\x00\x00\x00\x00\x00\x00\x00\x00\x00\x00\x00\
\x00\x00\x00\x00\x00\x00\x00\x00\x00\x00\x00\x00\x00\x00\x00\x00\
\x00\x00\x00\x00\x00\x00\x00\x00\x00\x00\x00\x00\x00\x00\x00\x00\
\x00\x00\x00\x00\x00\x00\x00\x00\x00\x00\x00\x00\x00\x00\x00\x00\
\x00\x00\x00\x00\x00\x00\x00\x00\x00\x00\x00\x00\x00\x00\x00\x00\
\x00\x00\x00\x00\x00\x00\x00\x00\x00\x00\x00\x00\x00\x00\x00\x00\
\x00\x00\x00\x00\x00\x00\x00\x00\x00\x00\x00\x00\x00\x00\x00\x00\
\x00\x00\x00\x00\x00\x00\x00\x00\x00\x00\x00\x00\x00\x00\x00\x00\
\x00\x00\x00\x00\x00\x00\x00\x00\x00\x00\x00\x00\x00\x00\x00\x00\
\x00\x00\x00\x00\x00\x00\x00\x00\x00\x00\x00\x00\x00\x00\x00\x00\
\x00\x00\x00\x00\x00\x00\x00\x00\x00\x00\x00\x00\x00\x00\x00\x00\
\x00\x00\x00\x00\x00\x00\x00\x00\x00\x00\x00\x00\x00\x00\x00\x00\
\x00\x00\x00\x00\x00\x00\x00\x00\x00\x00\x00\x00\x00\x00\x00\x00\
\x00\x00\x00\x00\x00\x00\x00\x00\x00\x00\x00\x00\x00\x00\x00\x00\
\x00\x00\x00\x00\x00\x00\x00\x00\x00\x00\x00\x00\x00\x00\x00\x00\
\x00\x00\x00\x00\x00\x00\x00\x00\x00\x00\x00\x00\x00\x00\x00\x00\
\x00\x00\x00\x00\x002\x06\x15\x002\x06\x15\x012\x06\x15\
\x012\x06\x15\x022\x06\x15\x032\x06\x15\x042\x06\x15\
\x062\x06\x15\x072\x06\x15\x092\x06\x15\x0b2\x06\x15\
\x0d2\x06\x15\x0e2\x06\x15\x0f2\x06\x15\x0f2\x06\x15\
\x0f2\x06\x15\x0f2\x06\x15\x0e2\x06\x15\x0c2\x06\x15\
\x0b2\x06\x15\x092\x06\x15\x072\x06\x15\x062\x06\x15\
\x042\x06\x15\x032\x06\x15\x022\x06\x15\x012\x06\x15\
\x012\x06\x15\x00\x00\x00\x00\x00\x00\x00\x00\x00\x00\x00\x00\
\x00\x00\x00\x00\x00\x00\x00\x00\x00\x00\x00\x00\x00\x00\x00\x00\
\x00\x00\x00\x00\x00\x00\x00\x00\x00\x00\x00\x00\x00\x00\x00\x00\
\x00\x00\x00\x00\x00\x00\x00\x00\x00\x00\x00\x00\x00\x00\x00\x00\
\x00\x00\x00\x00\x00\x00\x00\x00\x00\x00\x00\x00\x00\x00\x00\x00\
\x00\x00\x00\x00\x00\x00\x00\x00\x00\x00\x00\x00\x00\x00\x00\x00\
\x00\x00\x00\x00\x00\x00\x00\x00\x00\x00\x00\x00\x00\x00\x00\x00\
\x00\x00\x00\x00\x00\x00\x00\x00\x00\x00\x00\x00\x00\x00\x00\x00\
\x00\x00\x00\x00\x00\x00\x00\x00\x00\x00\x00\x00\x00\x00\x00\x00\
\x00\x00\x00\x00\x00\x00\x00\x00\x00\x00\x00\x00\x00\x00\x00\x00\
\x00\x00\x00\x00\x00\x00\x00\x00\x00\x00\x00\x00\x00\x00\x00\x00\
\x00\x00\x00\x00\x00\x00\x00\x00\x00\x00\x00\x00\x00\x00\x00\x00\
\x00\x00\x00\x00\x00\x00\x00\x00\x00\x00\x00\x00\x00\x00\x00\x00\
\x00\x00\x00\x00\x00\x00\x00\x00\x00\x00\x00\x00\x00\x00\x00\x00\
\x00\x00\x00\x00\x00\x00\x00\x00\x00\x00\x00\x00\x00\x00\x00\x00\
\x00\x00\x00\x00\x00\x00\x00\x00\x00\x00\x00\x00\x00\x00\x00\x00\
\x00\x00\x00\x00\x00\x00\x00\x00\x00\x00\x00\x00\x00\x00\x00\x00\
\x00\x00\x00\x00\x00\x00\x00\x00\x00\x00\x00\x00\x00\x00\x00\x00\
\x00\x00\x00\x00\x00\x00\x00\x00\x00\x00\x00\x00\x00\x00\x00\x00\
\x00\x00\x00\x00\x00\x00\x00\x00\x00\x00\x00\x00\x00\x00\x00\x00\
\x00\x00\x00\x00\x00\x00\x00\x00\x00\x00\x00\x00\x00\x00\x00\x00\
\x00\x00\x00\x00\x00\x00\x00\x00\x00\x00\x00\x00\x00\x00\x00\x00\
\x00\x00\x00\x00\x00\x00\x00\x00\x00\x00\x00\x00\x00\x00\x00\x00\
\x00\x00\x00\x00\x00\x00\x00\x00\x00\x00\x00\x00\x00\x00\x00\x00\
\x00\x00\x00\x00\x00\x00\x00\x00\x00\x00\x00\x00\x00\x00\x00\x00\
\x00\x00\x00\x00\x00\x00\x00\x00\x002\x06\x15\x002\x06\x15\
\x002\x06\x15\x012\x06\x15\x012\x06\x15\x022\x06\x15\
\x032\x06\x15\x042\x06\x15\x052\x06\x15\x072\x06\x15\
\x082\x06\x15\x092\x06\x15\x092\x06\x15\x0a2\x06\x15\
\x0a2\x06\x15\x092\x06\x15\x082\x06\x15\x082\x06\x15\
\x062\x06\x15\x052\x06\x15\x042\x06\x15\x032\x06\x15\
\x022\x06\x15\x012\x06\x15\x012\x06\x15\x002\x06\x15\
\x00\x00\x00\x00\x00\x00\x00\x00\x00\x00\x00\x00\x00\x00\x00\x00\
\x00\x00\x00\x00\x00\x00\x00\x00\x00\x00\x00\x00\x00\x00\x00\x00\
\x00\x00\x00\x00\x00\x00\x00\x00\x00\x00\x00\x00\x00\x00\x00\x00\
\x00\x00\x00\x00\x00\x00\x00\x00\x00\x00\x00\x00\x00\x00\x00\x00\
\x00\x00\x00\x00\x00\x00\x00\x00\x00\x00\x00\x00\x00\x00\x00\x00\
\x00\x00\x00\x00\x00\x00\x00\x00\x00\x00\x00\x00\x00\x00\x00\x00\
\x00\x00\x00\x00\x00\x00\x00\x00\x00\x00\x00\x00\x00\x00\x00\x00\
\x00\x00\x00\x00\x00\x00\x00\x00\x00\x00\x00\x00\x00\x00\x00\x00\
\x00\x00\x00\x00\x00\x00\x00\x00\x00\x00\x00\x00\x00\x00\x00\x00\
\x00\x00\x00\x00\x00\x00\x00\x00\x00\x00\x00\x00\x00\x00\x00\x00\
\x00\x00\x00\x00\x00\x00\x00\x00\x00\x00\x00\x00\x00\x00\x00\x00\
\x00\x00\x00\x00\x00\x00\x00\x00\x00\x00\x00\x00\x00\x00\x00\x00\
\x00\x00\x00\x00\x00\x00\x00\x00\x00\x00\x00\x00\x00\x00\x00\x00\
\x00\x00\x00\x00\x00\x00\x00\x00\x00\x00\x00\x00\x00\x00\x00\x00\
\x00\x00\x00\x00\x00\x00\x00\x00\x00\x00\x00\x00\x00\x00\x00\x00\
\x00\x00\x00\x00\x00\x00\x00\x00\x00\x00\x00\x00\x00\x00\x00\x00\
\x00\x00\x00\x00\x00\x00\x00\x00\x00\x00\x00\x00\x00\x00\x00\x00\
\x00\x00\x00\x00\x00\x00\x00\x00\x00\x00\x00\x00\x00\x00\x00\x00\
\x00\x00\x00\x00\x00\x00\x00\x00\x00\x00\x00\x00\x00\x00\x00\x00\
\x00\x00\x00\x00\x00\x00\x00\x00\x00\x00\x00\x00\x00\x00\x00\x00\
\x00\x00\x00\x00\x00\x00\x00\x00\x00\x00\x00\x00\x00\x00\x00\x00\
\x00\x00\x00\x00\x00\x00\x00\x00\x00\x00\x00\x00\x00\x00\x00\x00\
\x00\x00\x00\x00\x00\x00\x00\x00\x00\x00\x00\x00\x00\x00\x00\x00\
\x00\x00\x00\x00\x00\x00\x00\x00\x00\x00\x00\x00\x00\x00\x00\x00\
\x00\x00\x00\x00\x00\x00\x00\x00\x00\x00\x00\x00\x00\x00\x00\x00\
\x00\x00\x00\x00\x00\x00\x00\x00\x00\x00\x00\x00\x002\x06\x15\
\x002\x06\x15\x002\x06\x15\x002\x06\x15\x012\x06\x15\
\x012\x06\x15\x022\x06\x15\x032\x06\x15\x032\x06\x15\
\x042\x06\x15\x052\x06\x15\x052\x06\x15\x052\x06\x15\
\x052\x06\x15\x052\x06\x15\x052\x06\x15\x042\x06\x15\
\x032\x06\x15\x032\x06\x15\x022\x06\x15\x012\x06\x15\
\x012\x06\x15\x002\x06\x15\x002\x06\x15\x00\x00\x00\x00\
\x00\x00\x00\x00\x00\x00\x00\x00\x00\x00\x00\x00\x00\x00\x00\x00\
\x00\x00\x00\x00\x00\x00\x00\x00\x00\x00\x00\x00\x00\x00\x00\x00\
\x00\x00\x00\x00\x00\x00\x00\x00\x00\x00\x00\x00\x00\x00\x00\x00\
\x00\x00\x00\x00\x00\x00\x00\x00\x00\x00\x00\x00\x00\x00\x00\x00\
\x00\x00\x00\x00\x00\x00\x00\x00\x00\x00\x00\x00\x00\x00\x00\x00\
\x00\x00\x00\x00\x00\x00\x00\x00\x00\x00\x00\x00\x00\x00\x00\x00\
\x00\x00\x00\x00\x00\x00\x00\x00\x00\x00\x00\x00\x00\x00\x00\x00\
\x00\x00\x00\x00\x00\x00\x00\x00\x00\x00\x00\x00\x00\x00\x00\x00\
\x00\x00\x00\x00\x00\x00\x00\x00\x00\x00\x00\x00\x00\x00\x00\x00\
\x00\x00\x00\x00\x00\x00\x00\x00\x00\x00\x00\x00\x00\x00\x00\x00\
\x00\x00\x00\x00\x00\x00\x00\x00\x00\x00\x00\x00\x00\x00\x00\x00\
\x00\x00\x00\x00\x00\x00\x00\x00\x00\x00\x00\x00\x00\x00\x00\x00\
\x00\x00\x00\x00\x00\x00\x00\x00\x00\x00\x00\x00\x00\x00\x00\x00\
\x00\x00\x00\x00\x00\x00\x00\x00\x00\x00\x00\x00\x00\x00\x00\x00\
\x00\x00\x00\x00\x00\x00\x00\x00\x00\x00\x00\x00\x00\x00\x00\x00\
\x00\x00\x00\x00\x00\x00\x00\x00\x00\x00\x00\x00\x00\x00\x00\x00\
\x00\x00\x00\x00\x00\x00\x00\x00\x00\x00\x00\x00\x00\x00\x00\x00\
\x00\x00\x00\x00\x00\x00\x00\x00\x00\x00\x00\x00\x00\x00\x00\x00\
\x00\x00\x00\x00\x00\x00\x00\x00\x00\x00\x00\x00\x00\x00\x00\x00\
\x00\x00\x00\x00\x00\x00\x00\x00\x00\x00\x00\x00\x00\x00\x00\x00\
\x00\x00\x00\x00\x00\x00\x00\x00\x00\x00\x00\x00\x00\x00\x00\x00\
\x00\x00\x00\x00\x00\x00\x00\x00\x00\x00\x00\x00\x00\x00\x00\x00\
\x00\x00\x00\x00\x00\x00\x00\x00\x00\x00\x00\x00\x00\x00\x00\x00\
\x00\x00\x00\x00\x00\x00\x00\x00\x00\x00\x00\x00\x00\x00\x00\x00\
\x00\x00\x00\x00\x00\x00\x00\x00\x00\x00\x00\x00\x00\x00\x00\x00\
\x00\x00\x00\x00\x00\x00\x00\x00\x00\x00\x00\x00\x00\x00\x00\x00\
\x00\x00\x00\x00\x002\x06\x15\x002\x06\x15\x002\x06\x15\
\x002\x06\x15\x012\x06\x15\x012\x06\x15\x012\x06\x15\
\x022\x06\x15\x022\x06\x15\x022\x06\x15\x022\x06\x15\
\x022\x06\x15\x022\x06\x15\x022\x06\x15\x022\x06\x15\
\x012\x06\x15\x012\x06\x15\x012\x06\x15\x002\x06\x15\
\x002\x06\x15\x00\x00\x00\x00\x00\x00\x00\x00\x00\x00\x00\x00\
\x00\x00\x00\x00\x00\x00\x00\x00\x00\x00\x00\x00\x00\x00\x00\x00\
\x00\x00\x00\x00\x00\x00\x00\x00\x00\x00\x00\x00\x00\x00\x00\x00\
\x00\x00\x00\x00\x00\x00\x00\x00\x00\x00\x00\x00\x00\x00\x00\x00\
\x00\x00\x00\x00\x00\x00\x00\x00\x00\x00\x00\x00\x00\x00\x00\x00\
\x00\x00\x00\x00\x00\x00\x00\x00\x00\x00\x00\x00\x00\x00\x00\x00\
\x00\x00\x00\x00\x00\x00\x00\x00\x00\x00\x00\x00\x00\x00\x00\x00\
\x00\x00\x00\x00\x00\x00\x00\x00\x00\x00\x00\x00\x00\x00\x00\x00\
\x00\x00\x00\x00\x00\x00\x00\x00\x00\x00\x00\x00\x00\x00\x00\x00\
\x00\x00\x00\x00\x00\x00\x00\x00\x00\x00\x00\x00\x00\x00\x00\x00\
\x00\x00\x00\x00\x00\x00\x00\x00\x00\x00\x00\x00\x00\x00\x00\x00\
\x00\x00\x00\x00\x00\x00\x00\x00\x00\x00\x00\x00\x00\x00\x00\x00\
\x00\x00\x00\x00\x00\x00\x00\x00\x00\x00\x00\x00\x00\x00\x00\x00\
\x00\x00\x00\x00\x00\x00\x00\x00\x00\x00\x00\x00\x00\x00\x00\x00\
\x00\x00\x00\x00\x00\x00\x00\x00\x00\x00\x00\x00\x00\x00\x00\x00\
\x00\x00\x00\x00\x00\x00\x00\x00\x00\x00\x00\x00\x00\x00\x00\x00\
\x00\x00\x00\x00\x00\x00\x00\x00\x00\x00\x00\x00\x00\x00\x00\x00\
\x00\x00\x00\x00\x00\x00\x00\x00\x00\x00\x00\x00\x00\x00\x00\x00\
\x00\x00\x00\x00\x00\x00\x00\x00\x00\x00\x00\x00\x00\x00\x00\x00\
\x00\x00\x00\x00\x00\x00\x00\x00\x00\x00\x00\x00\x00\x00\x00\x00\
\x00\x00\x00\x00\x00\x00\x00\x00\x00\x00\x00\x00\x00\x00\x00\x00\
\x00\x00\x00\x00\x00\x00\x00\x00\x00\x00\x00\x00\x00\x00\x00\x00\
\x00\x00\x00\x00\x00\x00\x00\x00\x00\x00\x00\x00\x00\x00\x00\x00\
\x00\x00\x00\x00\x00\x00\x00\x00\x00\x00\x00\x00\x00\x00\x00\x00\
\x00\x00\x00\x00\x00\x00\x00\x00\x00\x00\x00\x00\x00\x00\x00\x00\
\x00\x00\x00\x00\x00\x00\x00\x00\x00\x00\x00\x00\x00\x00\x00\x00\
\x00\x00\x00\x00\x00\x00\x00\x00\x00\x00\x00\x00\x00\x00\x00\x00\
\x00\x00\x00\x00\x00\x00\x00\x00\x00\x00\x00\x00\x00\x00\x00\x00\
\x002\x06\x15\x002\x06\x15\x002\x06\x15\x002\x06\x15\
\x002\x06\x15\x012\x06\x15\x012\x06\x15\x012\x06\x15\
\x012\x06\x15\x012\x06\x15\x002\x06\x15\x002\x06\x15\
\x002\x06\x15\x002\x06\x15\x00\x00\x00\x00\x00\x00\x00\x00\
\x00\x00\x00\x00\x00\x00\x00\x00\x00\x00\x00\x00\x00\x00\x00\x00\
\x00\x00\x00\x00\x00\x00\x00\x00\x00\x00\x00\x00\x00\x00\x00\x00\
\x00\x00\x00\x00\x00\x00\x00\x00\x00\x00\x00\x00\x00\x00\x00\x00\
\x00\x00\x00\x00\x00\x00\x00\x00\x00\x00\x00\x00\x00\x00\x00\x00\
\x00\x00\x00\x00\x00\x00\x00\x00\x00\x00\x00\x00\x00\x00\x00\x00\
\x00\x00\x00\x00\x00\x00\x00\x00\x00\x00\x00\x00\x00\x00\x00\x00\
\x00\x00\x00\x00\x00\x00\x00\x00\x00\x00\x00\x00\x00\x00\x00\x00\
\x00\x00\x00\x00\x00\x00\x00\x00\x00\x00\x00\x00\x00\x00\x00\x00\
\x00\x00\x00\x00\x00\x00\x00\x00\x00\x00\x00\x00\x00\x00\x00\x00\
\x00\x00\x00\x00\x00\x00\x00\x00\x00\x00\x00\x00\x00\x00\x00\x00\
\x00\x00\x00\x00\x00\x00\x00\x00\x00\x00\x00\x00\x00\x00\x00\x00\
\x00\x00\x00\x00\x00\x00\x00\x00\x00\x00\x00\x00\x00\x00\x00\x00\
\x00\x00\x00\x00\x00\x00\x00\x00\x00\x00\x00\x00\x00\x00\x00\x00\
\x00\x00\x00\x00\x00\x00\x00\x00\x00\x00\x00\x00\x00\x00\x00\x00\
\x00\x00\x00\x00\x00\x00\x00\x00\x00\x00\x00\x00\x00\x00\x00\x00\
\x00\x00\x00\x00\x00\x00\x00\x00\x00\x00\x00\x00\x00\x00\x00\x00\
\x00\x00\x00\x00\x00\x00\x00\x00\x00\x00\x00\x00\x00\x00\x00\x00\
\x00\x00\x00\x00\x00\x00\x00\x00\x00\x00\x00\x00\x00\x00\x00\x00\
\x00\x00\x00\x00\x00\x00\x00\x00\x00\x00\x00\x00\x00\x00\x00\x00\
\x00\x00\x00\x00\x00\x00\x00\x00\x00\x00\x00\x00\x00\x00\x00\x00\
\x00\x00\x00\x00\x00\x00\x00\x00\x00\x00\x00\x00\x00\x00\x00\x00\
\x00\x00\x00\x00\x00\x00\x00\x00\x00\x00\x00\x00\x00\x00\x00\x00\
\x00\x00\x00\x00\x00\x00\x00\x00\x00\x00\x00\x00\x00\x00\x00\x00\
\x00\x00\x00\x00\x00\x00\x00\x00\x00\x00\x00\x00\x00\x00\x00\x00\
\x00\x00\x00\x00\x00\x00\x00\x00\x00\x00\x00\x00\x00\x00\x00\x00\
\x00\x00\x00\x00\x00\x00\x00\x00\x00\x00\x00\x00\x00\x00\x00\x00\
\x00\x00\x00\x00\x00\x00\x00\x00\x00\x00\x00\x00\x00\x00\x00\x00\
\x00\x00\x00\x00\x00\x00\x00\x00\x00\x00\x00\x00\x00\x00\x00\x00\
\x00\x00\x00\x00\x00\x00\x00\x00\x00\x00\x00\x00\x00\x00\x00\x00\
\x00\x00\x00\x00\x00\x00\x00\x00\x00\x00\x00\x00\x00\x00\x00\x00\
\x00\x00\x00\x00\x00\x00\x00\x00\x00\x00\x00\x00\x00\x00\x00\x00\
\x00\x00\x00\x00\x00\x00\x00\x00\x00\x00\x00\x00\x00\x00\x00\x00\
\x00\x00\x00\x00\x00\x00\x00\x00\x00\x00\x00\x00\x00\x00\x00\x00\
\x00\x00\x00\x00\x00\x00\x00\x00\x00\x00\x00\x00\x00\x00\x00\x00\
\x00\x00\x00\x00\x00\x00\x00\x00\x00\x00\x00\x00\x00\x00\x00\x00\
\x00\x00\x00\x00\x00\x00\x00\x00\x00\x00\x00\x00\x00\x00\x00\x00\
\x00\x00\x00\x00\x00\x00\x00\x00\x00\x00\x00\x00\x00\x00\x00\x00\
\x00\x00\x00\x00\x00\x00\x00\x00\x00\x00\x00\x00\x00\x00\x00\x00\
\x00\x00\x00\x00\x00\x00\x00\x00\x00\x00\x00\x00\x00\x00\x00\x00\
\x00\x00\x00\x00\x00\x00\x00\x00\x00\x00\x00\x00\x00\x00\x00\x00\
\x00\x00\x00\x00\x00\x00\x00\x00\x00\x00\x00\x00\x00\x00\x00\x00\
\x00\x00\x00\x00\x00\x00\x00\x00\x00\x00\x00\x00\x00\x00\x00\x00\
\x00\x00\x00\x00\x00\x00\x00\x00\x00\x00\x00\x00\x00\x00\x00\x00\
\x00\x00\x00\x00\x00\x00\x00\x00\x00\x00\x00\x00\x00\x00\x00\x00\
\x00\x00\x00\x00\x00\x00\x00\x00\x00\x00\x00\x00\x00\x00\x00\x00\
\x00\x00\x00\x00\x00\x00\x00\x00\x00\x00\x00\x00\x00\x00\x00\x00\
\x00\x00\x00\x00\x00\x00\x00\x00\x00\x00\x00\x00\x00\x00\x00\x00\
\x00\x00\x00\x00\x00\x00\x00\x00\x00\x00\x00\x00\x00\xff\xff\xff\
\xff\xff\xff\xff\xff\xff\xff\xff\xff\xff\xff\xff\xff\xff\xff\xff\
\xff\xf8\x00`?\xff\xff\xff\xff\xff\xff\xff\xff\xff\xff\xff\
\xff\xe0\x00\x00\x07\xff\xff\xff\xff\xff\xff\xff\xff\xff\xff\xff\
\xff\xe0\x00\x00\x01\xff\xff\xff\xff\xff\xff\xff\xff\xff\xff\xff\
\xff\xc0\x00\x00\x01\xff\xff\xff\xff\xff\xff\xff\xff\xff\xff\xff\
\xff\xc0\x00\x00\x00\xff\xff\xff\xff\xff\xff\xff\xff\xff\xff\xff\
\xff\x80\x00\x00\x00\xff\xff\xff\xff\xff\xff\xff\xff\xff\xff\xff\
\xff\x80\x00\x00\x00\xff\xff\xff\xff\xff\xff\xff\xff\xff\xff\xff\
\xff\x80\x00\x00\x00\x7f\xff\xff\xff\xff\xff\xff\xff\xff\xff\xff\
\xff\x80\x00\x00\x00\x7f\xff\xff\xff\xff\xff\xff\xff\xff\xff\xff\
\xff\x80\x00\x00\x00?\xff\xff\xff\xff\xff\xff\xff\xff\xff\xff\
\xff\x80\x00\x00\x00?\xc0`\x07\xff\xff\xff\xff\xff\xff\xff\
\xff\x80\x00\x00\x00\x00\x00\x00\x00\x7f\xff\xff\xff\xff\xff\xff\
\xff\x80\x00\x00\x00\x00\x00\x00\x00?\xff\xff\xff\xff\xff\xff\
\xff\x80\x00\x00\x00\x00\x00\x00\x00\x1f\xff\xff\xff\xff\xff\xff\
\xff\x80\x00\x00\x00\x00\x00\x00\x00\x1f\xff\xff\xff\xff\xff\xff\
\xff\x80\x00\x00\x00\x00\x00\x00\x00\x0f\xff\xff\xff\xff\xff\xff\
\xff\x00\x00\x00\x00\x00\x00\x00\x00\x0f\xff\xff\xff\xff\xff\xff\
\xff\x00\x00\x00\x00\x00\x00\x00\x00\x0f\xff\xff\xff\xff\xff\xff\
\xff\x00\x00\x00\x00\x00\x00\x00\x00\x0f\xff\xff\xff\xff\xff\xff\
\xff\x00\x00\x00\x00\x00\x00\x00\x00\x0f\xff\xff\xff\xff\xff\xff\
\xfe\x00\x00\x00\x00\x00\x00\x00\x00\x07\xff\xff\xff\xff\xff\xff\
\xfe\x00\x00\x00\x00\x00\x00\x00\x00\x07\xff\xff\xff\xff\xff\xff\
\xfe\x00\x00\x00\x00\x00\x00\x00\x00\x07\xff\xff\xff\xff\xff\xff\
\xfe\x00\x00\x00\x00\x00\x00\x00\x00\x07\xff\xff\xff\xff\xff\xff\
\xfc\x00\x00\x00\x00\x00\x00\x00\x00\x07\xff\xff\xff\xff\xff\xff\
\xfc\x00\x00\x00\x00\x00\x00\x00\x00\x07\xff\xff\xff\xff\xff\xff\
\xfc\x00\x00\x00\x00\x00\x00\x00\x00\x07\xff\xff\xff\xff\xff\xff\
\xfc\x00\x00\x00\x00\x00\x00\x00\x00\x07\xff\xff\xff\xff\xff\xff\
\xfc\x00\x00\x00\x00\x00\x00\x00\x00\x07\xff\xff\xff\xff\xff\xff\
\xfc\x00\x00\x00\x00\x00\x00\x00\x00\x07\xff\xff\xff\xff\xff\xff\
\xfc\x00\x00\x00\x00\x00\x00\x00\x00\x07\xff\xff\xff\xff\xff\xff\
\xfc\x00\x00\x00\x00\x00\x00\x00\x00\x07\xff\xff\xff\xff\xff\xff\
\xfc\x00\x00\x00\x00\x00\x00\x00\x00\x07\xff\xff\xff\xff\xff\xff\
\xfc\x00\x00\x00\x00\x00\x00\x00\x00\x07\xff\xff\xff\xff\xff\xff\
\xfc\x00\x00\x00\x00\x00\x00\x00\x00\x07\xff\xff\xff\xff\xff\xff\
\xfc\x00\x00\x00\x00\x00\x00\x00\x00\x07\xff\xff\xff\xff\xff\xff\
\xfc\x00\x00\x00\x00\x00\x00\x00\x00\x07\xff\xff\xff\xff\xff\xff\
\xfc\x00\x00\x00\x00\x00\x00\x00\x00\x07\xff\xff\xff\xff\xff\xff\
\xfc\x00\x00\x00\x00\x00\x00\x00\x00\x07\xff\xff\xff\xff\xff\xff\
\xfe\x00\x00\x00\x00\x00\x00\x00\x00\x07\xff\xff\xff\xff\xff\xff\
\xfe\x00\x00\x00\x00\x00\x00\x00\x00\x07\xff\xff\xff\xff\xff\xff\
\xfe\x00\x00\x00\x00\x00\x00\x00\x00\x07\xff\xff\xff\xff\xff\xff\
\xfe\x00\x00\x00\x00\x00\x00\x00\x00\x07\xff\xff\xff\xff\xff\xff\
\xff\x00\x00\x00\x00\x00\x00\x00\x00\x0f\xff\xff\xff\xff\xff\xff\
\xff\x00\x00\x00\x00\x00\x00\x00\x00\x0f\xff\xff\xff\xff\xff\xff\
\xff\x00\x00\x00\x00\x00\x00\x00\x00\x0f\xff\xff\xff\xff\xff\xff\
\xff\x00\x00\x00\x00\x00\x00\x00\x00\x0f\xff\xff\xff\xff\xff\xff\
\xff\x00\x00\x00\x00\x00\x00\x00\x00\x0f\xff\xff\xff\xff\xff\xff\
\xff\x80\x00\x00\x00\x00\x00\x00\x00\x0f\xff\xff\xff\xff\xff\xff\
\xff\x80\x00\x00\x00\x00\x00\x00\x00\x1f\xff\xff\xff\xff\xff\xff\
\xff\x80\x00\x00\x00\x00\x00\x00\x00\x1f\xff\xff\xff\xff\xff\xff\
\xff\x80\x00\x00\x00\x00\x00\x00\x00?\xff\xff\xff\xff\xff\xff\
\xff\x80\x00\x00\x00\x00\x00\x00\x00\x7f\xff\xff\xff\xff\xff\xff\
\xff\xc0\x00\x00\x00\x00\x00\x00\x00\x7f\xff\xff\xff\xff\xff\xff\
\xff\xc0\x00\x00\x00\x00\x00\x00\x00\x7f\xff\xff\xff\xff\xff\xff\
\xff\xc0\x00\x00\x00\x00\x00\x00\x00\x7f\xff\xff\xff\xff\xff\xff\
\xff\xc0\x00\x00\x00\x00\x00\x00\x00\x7f\xff\xff\xff\xff\xff\xff\
\xff\x80\x00\x00\x00\x00\x00\x00\x00\x7f\xff\xff\xff\xff\xff\xff\
\xff\x80\x00\x00\x00\x00\x00\x00\x00\x7f\xff\xff\xff\xff\xff\xff\
\xff\x00\x00\x00\x00\x00\x00\x00\x00\x7f\xff\xff\xff\xff\xff\xff\
\xff\x00\x00\x00\x00\x00\x00\x00\x00\x7f\xff\xff\xff\xff\xff\xff\
\xff\x00\x00\x00\x00\x00\x00\x00\x00\x7f\xff\xff\xff\xff\xff\xff\
\xff\x00\x00\x00\x00\x00\x00\x00\x00\x7f\xff\xff\xff\xff\xff\xff\
\xfe\x00\x00\x00\x00\x00\x00\x00\x00\x7f\xff\xff\xff\xff\xff\xff\
\xfe\x00\x00\x00\x00\x00\x00\x00\x00\x7f\xff\xff\xff\xff\xff\xff\
\xfc\x00\x00\x00\x00\x00\x00\x00\x00\x7f\xff\xff\xff\xff\xff\xff\
\xfc\x00\x00\x00\x00\x00\x00\x00\x00\x7f\xff\xff\xff\xff\xff\xff\
\xf8\x00\x00\x00\x00\x00\x00\x00\x00\x7f\xff\xff\xff\xff\xff\xff\
\xf8\x00\x00\x00\x00\x00\x00\x00\x00\xff\xff\xff\xff\xff\xff\xff\
\xf0\x00\x00\x00\x00\x00\x00\x00\x00\xff\xff\xff\xff\xff\xff\xff\
\xf0\x00\x00\x00\x00\x00\x00\x00\x00\xff\xff\xff\xff\xff\xff\xff\
\xf0\x00\x00\x00\x00\x00\x00\x00\x00\xff\xff\xff\xff\xff\xff\xff\
\xf0\x00\x00\x00\x00\x00\x00\x00\x01\xff\xff\xff\xff\xff\xff\xff\
\xf0\x00\x00\x00\x00\x00\x00\x00\x01\xff\xff\xff\xff\xff\xff\xff\
\xf0\x00\x00\x00\x00\x00\x00\x00\x01\xff\xff\xff\xff\xff\xff\xff\
\xf0\x00\x00\x00\x00\x00\x00\x00\x01\xff\xff\xff\xff\xff\xff\xff\
\xf0\x00\x00\x00\x00\x00\x00\x00\x03\xff\xff\xff\xff\xff\xff\xff\
\xf0\x00\x00\x00\x00\x00\x00\x00\x03\xff\xff\xff\xff\xff\xff\xff\
\xf0\x00\x00\x00\x00\x00\x00\x00\x07\xff\xff\xff\xff\xff\xff\xff\
\xf0\x00\x00\x00\x00\x00\x00\x00\x07\xff\xff\xff\xff\xff\xff\xff\
\xf0\x00\x00\x00\x00\x00\x00\x00\x07\xff\xff\xff\xff\xff\xff\xff\
\xf0\x00\x00\x00\x00\x00\x00\x00\x07\xff\xff\xff\xff\xff\xff\xff\
\xf0\x00\x00\x00\x00\x00\x00\x00\x03\xff\xff\xff\xff\xff\xff\xff\
\xf0\x00\x00\x00\x00\x00\x00\x00\x03\xff\xff\xff\xff\xff\xff\xff\
\xf0\x00\x00\x00\x00\x00\x00\x00\x03\xff\xff\xff\xff\xff\xff\xff\
\xf0\x00\x00\x00\x00\x00\x00\x00\x03\xff\xff\xff\xff\xff\xff\xff\
\xf0\x00\x00\x00\x00\x00\x00\x00\x03\xff\xff\xff\xff\xff\xff\xff\
\xf8\x00\x00\x00\x00\x00\x00\x00\x03\xff\xff\xff\xff\xff\xff\xff\
\xf8\x00\x00\x00\x00\x00\x00\x00\x03\xff\xff\xff\xff\xff\xff\xff\
\xfc\x00\x00\x00\x00\x00\x00\x00\x03\xff\xff\xff\xff\xff\xff\xff\
\xfc\x00\x00\x00\x00\x00\x00\x00\x03\xff\xff\xff\xff\xff\xff\xff\
\xfe\x00\x00\x00\x00\x00\x00\x00\x03\xff\xff\xff\xff\xff\xff\xff\
\xff\x00\x00\x00\x00\x00\x00\x00\x03\xff\xff\xff\xff\xff\xff\xff\
\xff\x80\x00\x00\x00\x00\x00\x00\x03\xff\xff\xff\xff\xff\xff\xff\
\xff\xc0\x00\x00\x00\x00\x00\x00\x03\xff\xff\xff\xff\xff\xff\xff\
\xff\xe0\x00\x00\x00\x00\x00\x00\x07\xff\xff\xff\xff\xff\xff\xff\
\xff\xf0\x00\x00\x00\x00\x00\x00\x07\xff\xff\xff\xff\xff\xff\xff\
\xff\xf8\x00\x00\x00\x00\x00\x00\x07\xff\xff\xff\xff\xff\xff\xff\
\xff\xf8\x00\x00\x00\x00\x00\x00\x07\xff\xff\xff\xff\xff\xff\xff\
\xff\xfc\x00\x00\x00\x00\x00\x00\x07\xff\xff\xff\xff\xff\xff\xff\
\xff\xf8\x00\x00\x00\x00\x00\x00\x07\xff\xff\xff\xff\xff\xff\xff\
\xff\xf8\x00\x00\x00\x00\x00\x00\x07\xff\xff\xff\xff\xff\xff\xff\
\xff\xf8\x00\x00\x00\x00\x00\x00\x07\xff\xff\xff\xff\xff\xff\xff\
\xff\xf8\x00\x00\x00\x00\x00\x00\x07\xff\xff\xff\xff\xff\xff\xff\
\xff\xf8\x00\x00\x00\x00\x00\x00\x07\xff\xff\xff\xff\xff\xff\xff\
\xff\xf8\x00\x00\x00\x00\x00\x00\x07\xff\xff\xff\xff\xff\xff\xff\
\xff\xf8\x00\x00\x00\x00\x00\x00\x0f\xff\xff\xff\xff\xff\xff\xff\
\xff\xf8\x00\x00\x00\x00\x00\x00\x0f\xff\xff\xff\xff\xff\xff\xff\
\xff\xf8\x00\x00\x00\x00\x00\x00\x0f\xff\xff\xff\xff\xff\xff\xff\
\xff\xf8\x00\x00\x00\x00\x00\x00\x1f\xff\xff\xff\xff\xff\xff\xff\
\xff\xf8\x00\x00\x00\x00\x00\x00?\xff\xff\xff\xff\xff\xff\xff\
\xff\xf8\x00\x00\x00\x00\x00\x00\x7f\xff\xff\xff\xff\xff\xff\xff\
\xff\xf8\x00\x00\x00\x00\x00\x00\x7f\xff\xff\xff\xff\xff\xff\xff\
\xff\xf8\x00\x00\x00\x00\x00\x01\xff\xff\xff\xff\xff\xff\xff\xff\
\xff\xfc\x00\x00\x00\x00\x00\x07\xff\xff\xff\xff\xff\xff\xff\xff\
\xff\xfc\x00\x00\x00\x00\x00\x7f\xff\xff\xff\xff\xff\xff\xff\xff\
\xff\xfc\x00\x00\x00\x00?\xff\xff\xff\xff\xff\xff\xff\xff\xff\
\xff\xfe\x00\x00\x00\x00\x7f\xff\xff\xff\xff\xff\xff\xff\xff\xff\
\xff\xff\x00\x00\x00\x00\xff\xff\xff\xff\xff\xff\xff\xff\xff\xff\
\xff\xff\x00\x00\x00\x00\xff\xff\xff\xff\xff\xff\xff\xff\xff\xff\
\xff\xff\x80\x00\x00\x01\xff\xff\xff\xff\xff\xff\xff\xff\xff\xff\
\xff\xff\xc0\x00\x00\x03\xff\xff\xff\xff\xff\xff\xff\xff\xff\xff\
\xff\xff\xe0\x00\x00\x07\xff\xff\xff\xff\xff\xff\xff\xff\xff\xff\
\xff\xff\xf0\x00\x00\x0f\xff\xff\xff\xff\xff\xff\xff\xff\xff\xff\
\xff\xff\xfc\x00\x00?\xff\xff\xff\xff\xff\xff\xff\xff\xff\xff\
\xff\xff\xff\x80\x01\xff\xff\xff\xff\xff\xff\xff\xff\xff\xff\xff\
\xff\xff\xff\xff\xff\xff\xff\xff\xff\xff\xff\xff\xff\x89PN\
G\x0d\x0a\x1a\x0a\x00\x00\x00\x0dIHDR\x00\x00\x01\
\x00\x00\x00\x01\x00\x08\x06\x00\x00\x00\x5cr\xa8f\x00\x00\
ecIDATx\xda\xed]w\x9c]E\xbd\xff\
\x9e[\xb6\xef&\x9b\xba\xbb\x09I \x09\xa1\xa4S\x95\
&\x0a\x02\x22\xa0\xa2>\xb17PQ\xb1+\xd8\x9e\xf2\
\x14\x15\x0bv\xa5\x88H\xf3!\x22\x84\xd0\xa4C\x12 \
!\x8d@zBz/\x9b\xed{\xcb\x99y\x7f\x9c3\
3\xbf\x99;\xa7\xdcM\xd0'\xf7|\xf39\xb9\xe7\x9e\
2\xa7\xec\xfd}\xe7\xd7\xe67@\x82\x04\x09\x12$H\
\x90 A\x82\x04\x09*\x08\xce\xbf\xfb\x06\x12\x04cx\
\xd5\xccC\xf2\xf7\xd9\x93_\xcc\xff\xdd\xcf\x92\xe0\xff'\
\x12\x02\xf8\x7f\x84\x18\x02\x1f\xe7\xef\x15)\xec\x09!$\
\x10H\x08\xe0\xdf\x8c\x10\xa1wbn3\xc1\xcb\xd9\x9e\
\x90Ae#!\x80\x7f\x13\x02\x04\xdf\x09X\xb7}\x8f\
\x02\x0fX\xb7}O\x88\xa0B\x91\x10\xc0\xbf\x18\x11\x82\
\xef\xc4\xdc\x16\x06\x1e\xb1\x1eF\x0c\x09\x11T\x18\x12\x02\
\xf8\x17!\xa6\xe0\xc7\xfd\x8c\x02\x1f\xe0\xa7DB\x04\x95\
\x81\x84\x00\xfe\x05\xb0\x08\x7f\x98\x80\x9b\xeb\xe5h\x02a\
\x02\x1e\xb4n\xfb\x94H\x88\xe0\xf5\x8d\x84\x00^C\x84\
\x08\xbeX\xb7\x09\xfb@I J\xf8m\xdfc\x11A\
B\x02\xaf_$\x04\xf0\x1a!f\xaf\x1fw\x01\x82\x89\
\x80\x22J\xc8\xa3\x16 !\x81\x8aBB\x00\xaf\x01\x22\
\x84\xdf\x5cO!X\xf0S\x08&\x81 \xd8\x04\x9a!\
X\xe8Y\xc8y\xf43!\x81\xd7!\x12\x028\xc4\x88\
!\xfcaBN\xbf\x87\x11C\x10\xc2z{\x16c=\
!\x81\x0aCB\x00\x87\x10\x01\xc2o#\x80\x14\xec\x02\
\x9fB<\x12\xa0\xed\x03\xe1v?\x15r\xfa\xc9B\xf6\
\x879\x0c\x13\x12x\x1d!!\x80C\x84\x01\x08\xbf)\
\xf8)\x84\x93A\x94\x16\x10G\xf8\xcdu\x1b1\xc4\xf1\
\x0f$$\xf0:A\xfa\xdf}\x03\xaf\x17\xd4\xa7[\xe3\
x\xf8MaOG,\x19\xcbz\xca\xf84\xb7\x05\x11\
J\x1cG#\x10\xde)\xc8}\xf5\xe9V\xa7\xd7\xdd\xf1\
\xef~\xed\x09\x0e\x12\x99\x7f\xf7\x0d\xbc\x1e`\xf4\xfe6\
\x22\x08\xea\xedM2\x88\x14\xe0\x09'L\xaf?\xed\x92\
wLl\x1c\xd2\xdc\x9c\xcefk\x19\xe3\xbcs\xcf\xbe\
=\xcb\x9fy~\xc3\x82Y\x0f\xef\xf3\xaf\x1b\xa6\xf6\xd3\
\xc5\x85r\x02\x0a0\xffz\xe6v\xd1n\x82\xd7\x11\x12\
\x13\xe0 \x11 \xfcA*\x7f\x90\xd0\x07\xf6\xe2\x99l\
6\xf5\x89_\xff\xcfq\xe3gN9\xbbah\xf3\xe9\
\x99Lv,c\xdca\x8c\x813\x0e\xce\x18\x98\xcb\xc1\
\x18C\xb1?\xbf\xb3\xfb@\xe7\xc2=\x1b\xb7<\xf3\xcf\
\xeboyf\xdd\xc2%]\xb0\x0b\xbf\x1b\xb1n3\x19\
l~\x81\xc4\x14\xf8\x0fGB\x00\x07\x09B\x00A\xde\
\xfe(\xc1\xb7\x09\x7f\xba\xed\xc8\xf15\x97\xfe\xf6\x07\xef\
n\x19?\xee\x83\xd9\xea\xaaq\xe0\x00\xe7\x9e\xa0s\xc6\
\xc1\x5c]\xf8\xc5:w\x19\x18\xe3p\x8bn\xbe\xa7\xbd\
\xe3\xd9\x8d\xcb\x96\xdfu\xe7w~\xf0\x9c[,\x0a\xe1\
\xb6\x09|\xd0\xa7\xcda\x98\xf8\x03^GH\x08\xe0 \
`\xe9\xfd\xe3\x0a\xbfI\x00\x1a\x09|\xfd\x9e\x1b\xcf?\
b\xe6\x94\xafd\xb2\xd9Vp\xaf%\xce\xb9'\xf8\x8c\
\x03\xfe's\x99'\xfc\xae\xb1\xce\x98\xf7\xdd\xf5\xbe\xf7\
\xf7\xf6\xaf\xdd\xf4\xca\xf2\xdf\xde\xf1\xcd\xef=f!\x02\
7d\xdd\xa6\x05\x94\x90@B\x00\xff\xb9H\x9c\x80\x03\
D\x84\xeao\xda\xef6\x81/q\xf8\xbd\xe9\xc3\xefn\
\xfd\xf2\x9d\xbf\xfbE\xcb\xf8q\x97\xa6\xd2\xe9F\xade\
\x0ep\x0e\x80s\x8f\x0c8\x03\xe7\x1c`\x00g\xdeN\
\xee\xafs\x06\x7f\x9f\xa7-8\xa9\xd4\xd0\xe6\x11#\xce\
;\xf1\xc2\xb7\xbf\xa1\xba\xb6n\xd9\x86\x97\x96\x1d0\xee\
\x1b\x01\xdfc!q\x08\xfe\xe7\x22!\x80\x01\x22\xc0\xeb\
\x1f\xe5\xed\xa7\xeb\xd4\xc3\x9f\xfe\xcc\x0d\xd7\x9e\xfc\xd6O\
~\xe0OUu\xb5Gk\x17\xe2\xde\x7f\xdcg\x00\xce\
A\x04\x1c\xbe\xe0\x8b\xed\x9c\x90\x01\x03c\xfa\xb6T:\
\xdd:z\xd2\xa4\xf7\x1c\xf5\xc6\x93\xfb_z\xec\x89\x97\
9c!OX\x92c\x00\xcbw\xf9\x0e\x12\x02\xf8\xcf\
DB\x00\x03\x04!\x800\xd5?\xac\xe7\x17\x04\x90\xf9\
\xe6\xfd\x7fy\xd71\xa7\x9d\xf4\xcbT:U_r!\
G\xf4\xfc\xe4\x93q_\x11\xd7\x85\x1f\x8ch\x01\xfe>\
H\x12`\x828\xd2\xb5MM\xa7N;\xfb\xac\xc3\xd7\
<?\xff\xe9\xfe\x9e\x9eP\x16(\xe7}$$\xf0\x9f\
\x87\xc4\x070\x00\x848\xfe\xc2l\xfe\x92^\x1f@\xe6\
{\x8f\xdf\xf5\x91\xd1GM\xf8\x06B\xfe\x16\xcc\xef\xc5\
\xb9p\x002\xdf\xd9\xe7z\xdf]\xa6\xec\xfd\x12\xbf\x80\
\xb6p\xb8\xcc\xf5\xce-2\xf4w\xf7\xbc\xf0\xb7\x1f\xfc\
\xf03;_}\xb5\x07\xca\xfe/\x92u\xba\x98\xc9C\
\xb6D\xa1\xb2\x91\xf8\x0f\xfe\xbdH4\x80\x01 \xa4\xf7\
\x0f\x12~[BO\xfa\xaaY\x7f~\xd7\xb8\xa9G\x7f\
\x17!\xc2\xcf\xa5\x88\xf9==\xf7{z\xf2\xa9\xa9\xff\
~\x8f\xcf\xb8\xef(\x94\xe4\x01I \xc2\x84H\xa5\xd2\
\xa3'\x1e\x7f\xe2\xd1k\xe6/x,\xd7\xdbc\x86\xfa\
Jn\x85<\xb3\xed\xfb\x80\xfd\x07\xe6\x92h\x12\xff:\
$\x04P&B<\xffq\xb2\xfc\xa4\xda\x7f\xf9M?\
{\xe31\xa7\x9d\xf4K\xc7qR\x91\x17\xf5\xd5|J\
\x02\x9e\x90;%\xea>\xf3\x9d\x83\x9cqp\x97K\x93\
\x81\xfa\x04 I\x81#\x9d\xc9\x8c\x1b\x7f\xdc\xf1\x83\x97\
\xfc\xf3\x91g\x8d\xabF\xf5\xccA\x19\x84\xe5\x0cs\xb6\
\xa66'\x84\xf0\xafCB\x00e\x22f\xef\x1f*\xfc\
o\xfe\xd8\x7f\xb5\x9d\xf5\xf1K\xfe\x94J\xa7\xea\xc2\xae\
\xc5\x01\xcf\x93\x0f\xe8$\xe0\xf7\xd5\x9c3)\xd0\x8ch\
\x01^\x0f/m~-|\xe8\xadC\xf9\x04\x18GU\
u\xcd\x94Q\x13'\xad[\xf9\xdc\xbcW\x11\x10\xeb7\
n+\xa8\xbc\xd9@\xea\x1b\x04}\xd7\xdeyB\x04\xaf\
\x0d\xa2{\x9f\x04q\x106\xd4\xb7dy\xc7\xd7>\xf3\
\x83T&=$\xb05)~\xdc\x0f\x02p\xb5YD\
\x058\x93\xa2\xca\x018~x\x104D\xc8}b\x90\
\xdb\x05y\x10s\xc2\xdf>r\xe2\xc4\xef\x1c>m\xfa\
`\x84\x8f/\x88Jg\x0e{\x07a\xdbb\x0d}\x1e\
^5\xd39T\x93\xa5$\xf0\x90\x10\xc0\xc1#\xce\xa0\
\x1f\xa9\x19\x5cu\xdf\xcd\x17\xd555\x9eR\xd2\x8a5\
\xb8\xe6\xef\xf2\x85\xd5!6?\xbc\x0e\x9d\xf4\xf0\xd0r\
\x05<b\xe0p\x18+\x09\x1fr\x8d,\xbc%\x05g\
\xe8\xa9\xef\xb9\xe4s(\x8d`\xc4\x19\xaf\x10\x16\xf5\xb0\
\x85B\xe3\x8ez\x04\x12\x22xM\x91\x10@\x190\xbc\
\xff\xb6\x12]A\x05>R\x00RG\xcc\x9cR\x7f\xf8\
\xf4\xc9_\xb16n\x11z)\xd0\xf0\x05\x15J#\x90\
\x9f\x5c\xc8;#\xc2\xedHag0B\x83\xbe\xca@\
\x89@\x90J\xfd\xe0\xe6\xf7\x1cs\xda\x9bZ\x11.\xb8\
qI \x0eI\x04\x0dz2?\xe9;\xb7\xfd=\x12\
\x0c\x10\x09\x01\x1c<b\xab\xff\x1f\xfd\xd9w\xdf\x97\xca\
\xa4\x87\x03\x88\x15D\xe3\x1c\xba\xa7\x1f\xbeP+\xa9'\
L!Tz\xc8\x9e]\xf8\x0d\xb8b\x12i\x228L\
i\x05\xf2x\xf0\xea\xc9g\xbc\xf9\xbf`\x17f\x1b)\
\x98K\x94\x1f$\x8c\x04l\xdaA\x90F \x91\x90\xc0\
\xc1!!\x80\x83Cl\xcfwu}]z\xc4\xb8\xc3\
>\xa0\x05\xcf\x82\x02h4\xe5W|\x87\xea\xc5\x1dS\
\x9dg\xc2\x1e\xd0\x09\x82sG%\x02q\xe5\xf9\x97\xfc\
\xe1\x93\x07#\x11\x86\xc6\xe6\xa1\xef\xccTU\x99\xb5\x07\
l\x82\x1c\xe4\xe8\x14KT}\x03\xdb\x80\xa8 \x7fB\
hQ\x94\x84\x04\x06\x8e\x84\x00\x06\x8e\xa8Q\x80\x9a\x16\
p\xf9\x0d?=#S\x95m\x83\x03\xbd\xd7\x0f\xf8\xe9\
\x9a6\xba\xe8\xf1\x1d\xb9J\xf7y\xdf\x99\xe6\xe4\xf3\x9d\
\x81P\xda\x834\x1d\xa8V!\xaf\x03\x7f\xdc\x803\xe2\
\xe4w\xbcg\x0a\xe2\xf7\xfa\xe5.\x19\x04\x13B\x1c2\
\xb0\xbd\xfb\x84\x04\x06\x88\x84\x00\xca\x87-\xfem\xcb\x08\
\xd4\xc8\xe0\xb0c\x8e<'\xb0\x05\x03\x5cx\xfd\x95\xd6\
\xae\x04\x9b\xf4\xfc\xca\xd9\xc7\xc0\x99\xc8\x19f\xba\xe6 \
\x8ec\xc4\xf1'\xbc\x09\x866 \x0e\x1f>\xf6\xf0S\
\x10=z\xd1\xd6\xf3\xdb4\x01s\x89#\xfc\x09\x09\xfc\
\x8b\x90\x10\xc0\xc1!(\x11F|:\x00\x9cL6\x9b\
jh\x1etZ\xfcfi\xe2\xbf\xec\xbe}\xc5A\x08\
4Q\xe3\x99 \x01\x15!\x00\xb1\xf1io\xcf\x99\x22\
\x14\x0e?\xbdX\xb1\x00\xc09j\xeb\x1b\xa7!\xdc\x9e\
\xcf \x5c\xf0\xe3\x90C\x1c\xd3\x22(b\x90\x90\xc0!\
BR\x12\xec\xd0 \xd4\x1c8\xe7\xd3\x1f\x1a\x1d\x1a\xf7\
\xa7\x90r\xe8h\xf1|m(0\xa8\x09\xe0\xd7\xee\x92\
a@\xda\xab3\x803\xd2\xc3\x13_\x80\xaf\x15x\xa3\
\x8dT\xf6 8G:\x9b\x1d\x0f{\xe7 \x9e\x89\xfb\
\xfb\xc3\x12\x86\x22\x9e\xd2Z\xbcT\x94\x22c\xe4Zt\
\xde\x02\xb3\x5c\x99HJJ\xc6\x13\x0c\x10\x89\x06p\xf0\
\x08\x13~\x00p&\xbd\xe1\xf8#c\xb5$m{\xc0\
\xef\xd6u\x15]8\xfa\x18\x11b!\xd0\x86pS\x22\
Pf\x00\xb4\xde\x9es5\xc0H\x98\x1b\x8c\x03\xa9T\
zDmcS\x15\x82{\x7fS\xa5\xcf\xc48.\x13\
\xb2?\xcc$\x08\xd2\x06\x82R\x91\x13-\xa0\x0c$\x1a\
\xc0\xc0\x11\xe7G\xe6\x00@\xe3\xd0\xe6\x16\xeb^3\xa9\
\xd6\xeb\x8c\xe1\xc0O\xec\x01|\x9b\x9dI\xbb]x\xee\
\x85\x8d\xafH\x00\xfa1F& M \xd2|\x0b \
\xa4\x22\x19\x03\xa9A\xc3G6\xf4uu\x1e0\x9e\x85\
\xba0\xa3R\x86\x83\x9e\x98\xae\x8bE\xf4\xea\x0et-\
 \x08\xe2X\xdb\xdbL\xb4\x812\x90\x10\xc0\xbf\x00\xd9\
\x9a\xea&m\x83\xf8\xa9\x06\x86\xff\xbc/*\xae\x0f\xad\
,\xa7\x19!P\xe1@\xc8^\x9e\x99\xb9\x00%)\xc1\
b\xbf\x0a\x07\xca\x22#\x8c\xa3a\xf0\x90\x06\x00\x9d\xfe\
\x9dQ\xe7\xa6u\xf2\x90\xf3/\xfd\xc0\xa8cN>\xee\
\xa8\xe6\x96\xe1GW\xd7\xd4\x8c\xcaTU\x8d\xf2|\x0d\
tp\x12\xeb\xec\xee\xe8\x5c\x99\xef\xcbu\xed\xd9\xba}\
\xc5\x8d\xdf\xfc\xc1|\xd2\x16m?4\x13\x90\xc0$\x89\
D\xf8\xcbDB\x00\xff\x028\x8e\xff\x03\x0e\x12|\x1f\
*\xdbO\xc4\xe6!\x05\x99s2\xe0\x87\xd8\xfa\xb2]\
\xaf\x01e\xdbK\x11eZ\xefN5\x02J6\x10\x83\
\x8a|\x13\xa4\xbf\xa7\xbb\x00\xa5j3\xe3\x93\x03\xe0\xe7\
~\xec\xbf\xda\xde\xf2\xa1w}\xb0i\xc8\x907g\xd2\
\xe96\xae\x91\x0b\x88y\xa1\xfc\x0b\xd5u\xb5o\xe1\x8c\
c\xe4\xd8\xd1\xf8\xe5S\xb3\xd0\xdb\xd9\xfd\xc4\xdem;\
\x1e\xff\xc5\xe5_\xfd{\xc0\x1b2\x87\x1f\xd3clU\
\x8b\x1c\x00|x\xd5L'\xa95\x10\x8d\x84\x00\x06\x8e\
\xa0Qq\xe61(\xe4\xf2\x9d\x91\xadHg\xbf7\xc4\
\xd7\x81W\x08D\xee0mw92P\x170\x11\xeb\
\xd7\xb4\x02-S\x90\x8c\x0d \xbe\x05\xe9\x13\xf4\xcfk\
\xdf\xb5\xa3\x0f\xa5\x8e>\x07\x00\xff\xafo\x5c~\xe4\x19\
\xef\xb9\xe0\xab\xb5\x0du\xc7i\x89HQ/\xc34\x00\
\x00\xd46\xd4\xbfe\xf4\xc4\xf1o\xf9\xd9?\xef\xf9\xe6\
\xd65\xeb\xaf\xf9\xe5\xe7\xbf\xfewX\xbc\xfb\xa5gj\
\xef\xdf\xb1\xecO\x10\x03\x89\x13\xf0\xe0\xc1-\xdf5\x15\
\xb9{\xff\x81]\x00\xec?S\x87l\x10B\x0c\xbf\xe7\
\x87R\xd1u\xa1.%\x03\xa5\xf6C9\xfc\x18'\xdc\
\xc1H\xcf\x0f\xa8x\xa0\xee,\xf4J\x8e\x17\x0f\xf4\x1c\
\xd8/4\x00\xb9L:q\xfa\xa0\x9f>y\xd7\xd7\xce\
\xfb\xc4%\x7f\xadm\xac?.\xbc\x16Pyr\xe88\
N\xe3\xe8\x89\xe3\x7f\xf4\xc3{\xef\xb8c\xf2\x1bO\x1a\
\x8c\xe8\xc4 [X0A\x99H\xea\x01\x94\x01\xbf\x16\
@P\xc6_\xe0\x18\x80\xc6\xa1\xcd\xf9c\xcf8\xf9#\
ZcB\x91\xf6\x7f\xba\xcaAGlq\xd2;\x83\x8e\
\xf1g\xaawW5\x00,\xdb\xb8W\x1aL\xac\x83\xd1\
\xf2b^\xc1\x10\x95\x22\xccd\xbd\x80\xfe\x9e\xeeWV\
\xcc{\xfa\x9f =\xec\x91\xc7Om\xfc\xca\xcd?\xfb\
\xc3\xa0aC\xce\xb0\xb9\xfe\xa89\x92\xeb\xeb_S\xc8\
\xe57\x14\xf3\x85\xedt\x01\xe0\xa4R\xa9\xc6R\x0f\x82\
ZOg\xd2\xa3\xa6\x9cz\xf2\xfb\x9bG\x0c\x9f\xb3\xe2\
\x85\x85{C\xfe\x1c<d\xbb#\xfe^I\x0d\x81p\
$&\xc0\xa1A\x90w\x9b\x03\xe0\xff\xbc\xfe\xb6\xed\x17\
_\xf5\xf9\xdd\xa9Lz\x84v\x16\x15~(\x8f\xbc`\
\x03*#\x8c\xc4\xf3e\x06\xa0\x11\xee\x93\x91\x00\x12\x19\
\x90m\xd1\xa4!\x99O@\xd3\x81\x95\x02\xd2\xdb\xd9\xb1\
\x02J\xfdO\xbd\xf3\x8b\x9f\x98p\xd1g?\xfa\x1b\xc7\
q\x1a\xe8\xa3\xd2\x87\xee\xeb\xeeY\xb4e\xd5\xba\xd9\xb3\
\xffx\xeb\x93+\xe7/\xe94\xde\x87\xc4\x99\xff\xf5\x8e\
\xb6i\xa7\xbf\xf1\x84\x96qc.\xaa\xa9\xab=\xce\xf6\
&\x1d\xc7i\x9cv\xda)\xd7\xae\x98\xbf\xe8\x03\xcb\x9f\
_p \xe0\xbdRg!\x8dP$\x91\x802\x90\x10\
@\xf9\xa0\xca\xbb\xad/\xb3&\xb9t\xee\xdb\xff\xc4\xe0\
\x91\xc3/\xb15\xe8\x80k\xce>\x99\xfa+3\xfb<\
g\xb7\x96\xd1W\x92\xf0\xa3\x9b\x07f\x8e\xbf,\x03\x06\
F\xb6A#\x13\x91&\xdc\xbes\xe7*qk\x13f\
\x1c\xdbp\xde'/\xf9V*\x9dj\xe0\x01v\xfe\xc6\
\xe5\xab\x7f\xf1?\xef\xfd\xf4\x9d\xe4y\xa9\x10j\x02\xf9\
\xd4]\xf7\xedx\xea\xae\xfb\xee\x07p\xff\xa7~\xfc\xdd\
3\x8f<n\xfa\xff8p\x1a\xb8\xa6N\x00\x99\xaa\xec\
Q\x17^\xfa\xd1/,\x7f~\xc1\xd5P\xda\x14\x15|\
\xea\x9fH0@$&@\x190\xca\x81\x89\xcfXC\
\x81\xc7L\x9e\xd4=\xfa\xe8\x89\x17\x030\xdc\x87d@\
\x8f\xf8\xa4\xc9<r& x\x19{4\x09HL\x0f\
\xc6\xa1\x95\xfc\xd2\x89D%\xfchIDb\xbb\xabL\
\x07p\x06V\xe4\xb9y\xf7\xdc\xfe\xab\x5coO\x11\x80\
\xf3\xfd\xfbo\xfe\xef\x86\xc1\x83\xa6\xcb\xfb\x16Q\x03\xff\
c\xf7\xe6mw}\xf7\xa2\x8f\xdf(\x1f\xa6\x14\xe66\
\xf9\xe4\x8b\x1e\x7ffSmC\xddsc&M<\x17\
@\x15\xa0\xde\x018P][;\x0d\xc0\xbd\x1b^Y\
\xd1i\xb4e\xcbE\xb0^/1\x01\xc2\x918\x01\x0f\
\x1eAZ\x806!\xe7MW|gq\xae\xa7o\x19\
\x00\xc3\x19\xe8H\x07\x9f\xec\xb9\x01b\xf7\x8b2 \x8c\
\x8c\x02\x84O\x18\xaa^ 8U\xf3\xb9\xee\x07\xa0d\
`\xfa\x0bd\xba\xa1\xe7_\xe8\xed\xeax\xa1c\xcf\xae\
>\x00\xce\xe5\xbf\xbe\xfa\xd4\xc1#\x86\x9e\x1a,\xd7\x1c\
\x7f\xfa\xe6\x8foB\xb8\xd7\xdev\xa2\xc4\xac?\xfcy\
\xf5\xe2'\x9f\xfdr\xe9\x1e\x0f'\x9fw\xf6\x15\x88\xae\
-HQ\xce\xbdT<\x12\x0288\x04\xd9\xfe\xd6\xda\
\xf9K\x1e}\xfa'\xc69R\x00\xb5\xb0\x9c\x88\xd9\xd3\
,=R\xe0\x13\xdc\x9b\x00T\x8b\x0ch9\x02\xca\xab\
\x0f\xee\x94\x0c\xff\xa5\xe3\x02\xd4\xa0\x22o\xdf\xd6U\xaf\
\xdc/\xeem\xfa[\xde\xf8\xb1\xb0'\xef\xe9\xecZ\xb2\
v\xf1\xcb\xdd\xfe\x96\xa8\x90\x9dI\x94\x02\xce\x9d?\xf9\
\xd5\xc2\xfe\x9e\xdeE\xb6\xcb\xd475\xbd\x13\xd1\xc2\x1f\
\x98\x16\x9c \x1c\x09\x01\x0c\x1cQ\xb6\xbf9%7\xbb\
\xe9\xf3\xdf^\xdc\xb5\xaf\xfd\x11\xad\x11\x0e5\x94W\xf6\
\xecP\xa1<\x9a\xac#\xf7;\x924\xc4\xf8\x01\x10\xa1\
\xb6e\x0a\xca,C\xd1\x94\x9f\x1f@\x07\x15\x15\xfa\xfa\
\xd6.|\xf8\xbe%\x00p\xe1\xe7>:\xa1\xb6\xa1~\
\xbc\xf9\xb4\x01F\xf7A\x0b\xdc\xf6W7\xce\x0e\xdaw\
\xe9\x0f\xbe{6\xc2\x87a\x1f\xb2\xfb\xa84$\x04P\
\x06Hf\x99\xed3\x16\x11\xfc\xf5\xbb?\xfdA\xb1P\
\xd8A\x1do\xa2\x19\xdb \x1e\x95\xac\x03C\xb0\xe1i\
\x02t\x1f-\xefE>\xc5\xb5\x98L\x0d\xe6z\x9b\xbe\
\x09\xb1q\xf9K\x7f\xe2^\xf6\x11\x8e?\xefM\xa7\xea\
O\x1f\xe8o\x8b\x12B\x8e\x18\x0d-\x9b\xf3\xfcB\x1e\
p\x8d\xc1\xc3\x86\xd1\xf9\x12\x93\xde\xfe\x10\x22!\x80\x83\
\x87M\xbd5M\x01I\x00\x0bf\xfds\xffS\x7f\xb9\
\xfbr\xe6\xb2np\xd2\xf1s\xf2\xf3\x97)\xc1\xde\xba\
C\x1d\x84*\xb3\xc7\xf7\x13(\x9f\x81\x96!\xe8\xdf\x01\
\xa3\x83|\x88F\xe0\xc8D#\x0e\x06\xa0\xb7\xab\xf3\x85\
\xf9\xf7\xff\xed\x05q\xef\xc3F\xb5L\x8fz\xf0\xfa\xa6\
\xc6\x19\x13gNn\xf0\xbf\x06\xd9\xe5\xb1\x04t\xee\xac\
\x87\xb6\x07\xed\xab\xae\xab;\xa6\x9c\xb6\x12\xc4GB\x00\
\x07\x07[\xeff\xfa\x00L\x7f\x00\xbb\xeb{?_\xf3\
\xcc\xed\x7f\xff\x04+\xb8\xfb\xbd\xb3|{\x9e\x91\xd8=\
U\xe1\xfd\xa6ie_i\xf3\xc3\xa2\xf235\x86\xc0\
\x0c\x0f\x0a\x12\x11i\xbf\x0c\x1c\xdcu{\x16=2\xeb\
\x17\xe4\x1eQ\xd7\xd48!\xce\x0b\xb8\xfc\x97\xdf\xff\x0e\
\x82\x0b\xa3\x04EK\xcaz\xbb\xa9\x8c?U\xfa\x00\x90\
\x0c\x0d\x0eGB\x00\x03G\x1c\x1f\x80\xcd\x14\xe0\x00\xf8\
\x1d\xdf\xfe\xc9\x8a\xd9\xbf\xbe\xf1\xe3\x85\xfe\xfe\xcd\xaa'\
\xf7\x9d\x7fD=\xb79\xf7\xd4\xe0\x1eh\x99\x7f\x80\xd7\
\x8e\x17\x19\x00\xa9\xfaCS\x82\x95\xd9\xe1\x91\x82\x83-\
\xab\x96\xfft\xe3\xb2\xc5;\xe93\xa53\xe9z\xab\xcb\
\xce\xc0\xa0aCN\xfb\xe9cw\x09\x12\x08[\x04\xca\
'\x82\xd2w\x1e\x1b\xc9\x80\xa0p$\x04P&B~\
Pa\xa6\x80\x95\x1c\x1e\xf8\xd5M\x1b~\xf9\xc1\xcf}\
\xa0c\xf7\xde'\xa4\x80\xfag\xaa\xac@&{y.\
%\x1e\x92(\xf4|~\xa3\xd7\x17m\x00%NA\xb1\
\xff\xc0\x8em\xb7?s\xe7\xcdOX\xee1\x18F\xec\
cH\xeb\x88\xb7]\xf7\xf4?\xae\x9d8sJ\x13\x82\
\xab\xf8\x86\xcd\x1e\xe4\x9cr\xe1y\xa3h\xdb\xdcv-\
\xfb\x96D\xc0\x0f\x02\x09\x01\xbc6\x88\x22\x01y\xcc\xba\
\x85/\xf5\x5c\xf9\x86\xf3\xaf\xdc\xb0\xf8\xe5\x9fq\xe6\x16\
\xb8\x1c\x07LlzZ\xee\x8b\x16\x055\xbc\xfe\xd2w\
\xc0\x84\xf0\xeb\x09E\xd4\xe7\xc8\x19\xd0\xbd\x7f\xff#\xb3\
\x7f\xf7\xb3\xeb\xad\xf7X\xa6X5\x0e\x19|\xfaW\xff\
\xf4\xf3\xfb\xae\xba\xed7\x97\xa04\x19*R3\x18s\
\xd4\xc4V\x00(\x16\x0a;\xfa\xbb{\x17\xed\xdd\xbe\xe3\
\x0f\xeb^z\xf9\x8a\x05\x8f>\xf1\xce\xab\xdf\xff\xb1\x0f\
\xa0\x84v\xa2\x93\x80\x12D#\xb1\x8f\x06\x80\x80\x19\x82\
l\x19\x80\xb6*\xb8\x81e\xb0.\xfc\xcag\x8e=\xed\
\x92w\xff0\x93I\xb7r\xc6\xe1\xba\x0c\xdce`\x8c\
\x81\xb9\x1c\xcc\xe5\xe0.\xf3\xb7\xbbp\xfd\xefL\x1e\xe3\
/E\xb1\x8d\x83\x15]\xef\x5c\xc6\xc8\xb9\x0c\x9d{\xf6\
<8\xebW?\xfeq!\x97\xa3\xd3\x82\xcb\xe7\xbam\
\xd3\x0bsuS\xc1H4\x92\x83\x96\xf4\x02#\x9cq\
\xe4s\xf9\x9d[W\xbf\xfa\xd7{~u\xe3\xec\xb5\x8b\
\x97u!\x86`\xbe\xf1\x82s\xdbvm\xde\xda\xb9\xfe\
\xa5W:\xa0\xb4$\xd7X\x8ad\xa1\xdb\x19\xf9\xd4\x88\
,1\x01\xc2\x91\x10@\x99\x08\x99\x1e<\x8a\x00\xe2\xd4\
\xc1KM<qf\xf3\x07\xaf\xf9\xcew\x1a\x06\x0f~\
\x83&\xd4.\x07c.x\x91\xc3e\x9e\x90sm?\
9\xceu=\xef\x7fQ\x09<\xf3\x85\x9f1\xc6\xf7m\
\xd9r\xcb\xfd\xbf\xbe\xf6O\x9c1*\xfc\xf4\x99\xf0\x97\
W\xe7=\x9aJ\xa5\x1aJ\xc6\x15\x98\xe3\x0d,\x04\xa0\
\xfc\x14\x0c\xed;\xf7<\xb8i\xe5\xda\xa7\xaf\xff\xfa\xd5\
\xcf \x9c\x08L\xdf\x09\x15l!\xfc\x94\x04\xc4:\x15\
\xfe\x84\x00\xcaDB\x00e\xc2\xe8\xfd\xc5'\xb5{\xcb\
)\xa5m\x9b)'\x95J\xa7\xd3_\xbc\xed\xfaO\xb6\
\x8c\x1f\xf7a%\xd4D\x1b(z\x9fn\xd1\x1f\x1b\xe0\
k\x03\xde\xb1\xae\x7f\xac\xa7A0B\x00\xc5|\xb1c\
\xc3\xb2\xc5?z\xea\xb6\x9b\x9f\xf5\xef\xdd\xa6F;\x00\
\xf0\xc7e\x8f\xfe\xbe\xbe\xa9q\x065#P.\x01\x90\
r`\xcce\xdd{\xb6\xeex\xf0\x89;\xef\xf9\xeb\xbc\
\xfb\x1f\xa1\x09\xfa\xd4$\xa2aS\xda\xbb\x07\x09?=\
\x86\x19\xe7\x03\x09\x01D\x22\x19\x0cT\x06\x22z\x7f\xeb\
  c\x895\xf9\x05\xe7\xdcy\xfe\x9e\xfb\x97\x8e\x9b\
rL{sk\xcbI\xe0\xdc1\x05L\x13<m\x81\
\xf5{\xcf\x81\xf6g\x9e\xfd\xeb\xad__\xfa\xd8\xc3b\
\xa4_\xa8\x1d\xfd\xc6\x8b\xde\xda6h\xd8\x90\x99\xd6\x17\
A\xce\xe0f\x0b\xc4\xe9HE\xdbqPU\xd7\xd80\
\xf9\xd87\x9c\xf0\xbe\xd3/\xbe\xe0\xf8\xb1GM\xec^\
\xf2\xd4\xdcM\xe4]\x06\xf9M\xcc\x90*\xb3l\xb7\xfa\
W\x80d0P\x14\x12\x02\x88\x09\x8b\xf0\x8bO[\xef\
\x1fgV\xdc\xb0\xd9q\x9d\x09\xc7\xcf\x18<\xf1\xa4\xe3\
\x8fnh\x1e|$\x1c\xa7F+\xfd\xc5\x98*\xec\xe1\
\xea\xbd/s\x19\xe9\x819r\xbd\xbdk\xd6\xbd8\xff\
\x9a\xd9\xbf\xfe\xf9\xad\x07v\xef\xecE\xb0\xd0hhn\
\x19\xd1}\xd4\x89\xd3\xdfY\xb2#(\xf3\xc1\xdco\x10\
\x00-\x18\x92\xcdV\xb5\x8e\x1c3\xfa\xec\xb7\xbc\xef]\
o\x1f5\xe1\x88\x9dK\x9f\x99\xb7)\xe0*A\x09U\
Q\x04 \x91\x14\x05\x09Gb\x02\xc4@\x84\xf0\x9b!\
\xae\xa0i\xb4\xa2\xa6\xc5J\xa5\xd2\xe9\xf4;\xbfq\xc5\
\xcc\xa3\xdfx\xd2E\x8dC\x86\x9e\xc1\xc1\xb3B\x95\xe7\
R\xe5\xa7N>\xdf<(\xba\xc4Q\xe8\xcam\xb9\xde\
\xde\xd5\xb7}\xf3\x1b\x9f\xce\xf5\xf5\x16\x11\x9c\x9f`#\
\x00\x07\x80s\xf3\xeagfe\xab\xb2-\x9a\x09\xc0x\
\xb0#\xd04\x05b\xae\xf7vu-\x99w\xff#\xbf\
x\xf8\x96;W\xa3\xd4\xf67\x1d\x80\xa6? \xd4\x07\
\x00$\xb9\x00aH4\x80\x08\xc4\x10~[\xcf\x1f5\
\xed\x95v\xfc1\xa7\x9d<\xe4C?\xfe\xce\xbb/\xfc\
\xca\xe5\xdf\x1a7\xe5\xd8K\xaa\xeb\xea\x8e\xe0\x9c\xa7\xa9\
\x90hy\xfcFy0\xaf^\x80\x17\xdb\xe3L\xd5\x06\
H\xa53\xc3&\x9ex\xd2\xc4-+\x97\xcf\xeb\xef\xee\
* \xd8\x09\xc7-\xcf\x88\xa3\xdf0\xb3{\xc4am\
gX\x8f4\xcd\x00\xb3\x15[FD\xc0z\xa6\xaa\xaa\
\xf5\xf0c\x8f~\xd7\x8c3Oo\x9aw\xffC\xcf\x03\
\x91f\x80\xb9-\xe8Y\x00$f@\x18\x12\x0d \x04\
\x07!\xfcQ\x1a@:\x9d\xc9d>\xf8\xc3o\x9ep\
\xe4\xc9\xc7]\x5c\xdf<\xf8\xcd\x1c\xc8r\xe9\xec\xf3<\
\xfeL:\xf6\x943\xcfeL9\xf9|g /z\
\xbd\xbf\xeb\xba~d@i\x02\xdce\xc8\xf5\xf6\xae\x9f\
\xf7\xf7\xbb\xbe\xb1v\xe1\x0b\xdb\x11\x9e\x9b\x00\xf3\x19o\
X\xfe\xc4\xed5\xb55\x13E~\x82>,\xd9\xa8B\
du\x08\x96\xa7\x0d\xf4\xf7\xf6\xae}\xfe\xc1\x7f\xfe\xf7\
C\x7f\xbec\x05\xa2#\x00f(\xd0\xa6\x05$\x1a@\
\x08\x12\x0d \x00\x87X\xf8\xb5\xe5\xe8SO\x1c\xfc\x95\
\xbbn\xf8\xc9\xb8i\x93\xaf\xa8\xaa\xad\x9d\x00 -\xaa\
\xf3x\xe3sD\xef\x0e\xdf\xdeW6=3*\xfbx\
\x9d=W5\xf8i\xc5 \x91\x22\x9cJ\x0d\x19=\xe9\
\xd8\xb3\xabj\xeb^\xd9\xb6f\xe5\xae\x18\x8f/\x9f\xbd\
\xba\xaev\xf9\xa4\x13\xa6\xbd\xcb:\xfe\x11j\x9d\xdb\xf6\
\xc5\xd4\x00T\xd6#\x90J\xa7\x87\x1e6i\xe295\
uu\xcf\xad]\xb2l\xaf\xe5L\x9b\x16`kY\x22\
\xd1\x00\x82\x91\x10\x80\x05\x03\x14~\xdb\xcc\xb6%\xb6\xfe\
\xfb\xbe\xff\xb5)\x17_y\xc5\x8d\xd5u\xb5S9'\
\x0e;\xceK\xbd\xfa\x9c\x97\x96\xfab\xf0\x85]|2\
\xdd1H\x93u\xc8\x02\xa0v\xd8\xa81\xe7\x0c\x1b=\
n\xe7\x86\x97\x16\xae\x8dx\x05\xf2\x99W<\xb7h\xff\
\x91'L\xdb9|t\xdb\x19\x9a\x94[\x1c\x7f|\xa0\
\x04 \xab yD\xe0\xc0\xa9\x1a3i\xe2\xbb'L\
\x9b\xbcc\xd1\x13O\xafB\xb0\xd6b\xd3`\x12G`\
\x19H\x08\xc0\xc0k \xfcb=u\xc5_~}\xf6\
\xf1o;\xeb\xb7N:=D\xd8\xf3\x10B.{u\
Ha\xb6\x0b>\x15l\xa6\x8a\x87R?\x818\xd6U\
)\xc5>9\xa4\x1b\x9b\x87\x9e1\xe6\x98i\xd5\xeb\x97\
,X$\xc6\xfe[\xa0=\xf7\xbc\x7f<\xb2\xf6\xf4w\
\x9f\xdfV\xd7X?\xd1\xdbL\xdc\xfaav\x7f\xd0\xa7\
v\x9cY\xd8D\xedkln>\xa1\xb6\xa1\xe1\xb9\xb5\
K^\xda\x03;\x8d\xc4N\x09N\x08\xc0\x8e\x84\x00\x08\
\x0e\xa1\xc3\xcf\xf4\xf8\xa7\xbe\xfd\xd0\xed\x1f\x1e\x7f\xdc\xd4\
\xab\x01'\x0b3aF$\xd8\xb8\x5cs\xee\xa9\xc2\x9d\
\xd0B\x80B\xd8\xb5j\xbf\xa4l\x18d8\x90\x83q\
\xcf'\x00\xa2]T\xd7\xd6M;|\xc6\x89\x13\xb7\xad\
^\xfel\xde\x8b\x10\x84\x95\xd6r\x008\xff\xfc\xf3\xdf\
\x9e}\xc3\x05g75\x0cn:V\x1b\xa9S\x0e\x01\
XC\x84\xc1\x04\xe0\xc0\xa9\x1a5\xe1\x88\xf3\xb6\xad{\
\xf5\xae};v\xe6\x10\xad\x01\x04F6\x12\x02\xb0#\
!\x00\x1f\x87\xa8\xe7/Y2\xd9l\xe6\x87\xf3f}\
\xa3\xf5\x88\xb1\x97s\x0e\xa7D\xdd\xf7I\xc0\xebT\xa9\
\xf0+R\xf0\xb4\x045q\x87\xc8\x01\x80\xa61\xc0;\
\xce\xe5\xca\x87`d\xea\x89\xea\xc2\x9c3\xa43Uc\
\xdb&\x1c=l\xcd\x8bs\xe7\x18\xcf\x1c\xf4\x0e\xf0\xf8\
m\xf7\xbc0a\xc6\xe4]\xc3\xdaZf:\x8eS\x05\
 \x1e\x01\x94\xac+A\xe7\x01\xeb\xe2x\xc7q\xaa&\
N\x9fz\xc4\x9c\xfb\x1ex\x08e\x0a=\xdd\x96\x10\x80\
\x1d\x09\x01\xe0\xb5\x13\xfe\xbaAM\xd9k\xe6\xdew\xcd\
\xe0\x91\xc3\xdfC\x86\xfb\x97\xcc\xcck\xf3\x86\xab\xd0\x9e\
\xff\xe9\xfad!\x13}tM\x81\x91O\x94\xb4\x05/\
O@\xcc\xe1\xe7\x13E\xb6\xaaz\xd2\xb0\xd1\x87\xef\xd9\
\xf4\xca\xe2\xd5\x88\xd6\x02\x00\xc0yn\xd6\xa3k\x0e\xec\
\xd9\xf7\xc4\xc4\xe3\xa6\x1cYU]\xd5\x1a\xdb\xf1G\xb6\
)A\xe7\x8a\x0f\xa8IQ\x1a&<|\xe4a\x87-\
|\xe5\xf9\xf9\xdb\x80\xd8Z\x80\x86\x84\x00\xecH\x08\x00\
Z\xbd\x7f |\xea\xaf\xd8\x9e\xfea\xa3\xdbj\xbe\xff\
\xc4]\xbfh\x1c\xda|.\x9d\x8dG\xd6\xf6\xd7\xc2g\
\x90\xebt\xea.F\xec\x7f\x10\xb5\x9f\x1b\xea?\xa3\x84\
A\x9c\x84\xd0\xda \x8eE2%Xmc\xd3I\x9c\
\xf19{\xb7nl\x0fx~\xc0 \x84M+\xd6t\
=|\xd3_\x1f\x9c8s\xca\xce\xa1B\x1b\x88M\x00\
J\xe8\xf5u\xfby\x82\x17\x9a\x864\x8f\x9es\xdf\xec\
{\x11N\x00\x81\xce\xc0\xc4\x11hG\xc5\x13@@~\
?P\x9a\x9ek\xcb\xe7\xb7e\xf4\xa5['\x1e^\xf7\
\xad\x07n\xfde\xc3\xe0Ag\x8a\x0a=%\xd3zK\
u\x5cW\xe7K\xe3\xe7b\x1bS\xce<A\x1c\xae\xd2\
\x12\x84) \x9c\x83\xda\x1c\x80\xa4\xad\xd2\xd8=\xd2\xcd\
#\xdaflY\xfd\xf2\x03\x85\x5c?3\xdeCh\xe5\
\x9e\xe7\xee\x7ft\xcd\xaa\xf9K\xee=|\xf2Q\xf9\x9a\
\xfa\xba\xb6T:\xddP\x0e\x01\x84\xf5\xfaZd\x81\x03\
\xe9L\xa6\xada\xf0\xe0'\xd6,^\xb2\x07\xf1\xb4\x00\
\xfa\x09 \xd1\x02l\xa8h\x02\x18@~\xbf\xad\xf7\xd7\
H`\xd8am5\xdf~\xe0\xd6_\xd7\x0fn:M\
\xd6\xfa\xe3\x1c\x8e\xa8\xdfg\xf4\xfaR\x9d\xe70lu\
_u\xe7\xb4\xe7\x06q\xfa1\xfd|\x99/\xe0\xfb\x03\
\x8cd\x1c\x18\xa3\xf3\xb8\xab\xae\x0b'\xd5<|\xcc\x84\
\xfa\x0d\xcb\x16\xcc7\xdeAX\xa2\x18\x07\x80\xfd;v\
\xe7\x9e\xbe\xeb\xfeE\x0f\xdex\xc7_'\xce\x98\xb2\xb3\
\xae\xa9\xa11[\xe5\x9b\x06T\xdd\xf7\xcfPB\xcf\xf5\
\xb0a\x04\x01\x80\x035\xb5\xb5\xfb\xe7?\xf2\xe8\x02\xd8\
S~Y@K\x12\x09\x01\x94\xa2b\x09\xa0\x8c\xfc\xfe\
\xf2\x84\xff\xa1\xdb\x7fQ?x\xd0\x19\x00d\xcf\xafW\
\xe9%\x9ez\xee\xd9\xf6\x8c\x1b=\xbei\xdfK\xdb\xdf\
\x9b\xc5C\x9bGPh\x04\xae\xa1\xea\xfb\xce>\x9a4\
\x04\xa6\xfb\x08(Id\xabj\x8e\xa9m\x18\xbc|\xe7\
\x86\xd5\xdbm\xef\xe4\xc8\xe3\xa76^\xf8\xd9\x8fN~\
\xf7\x97/;\xff\xc9;\xef[\x04K/\xfb\xfc\x03\x8f\
\xad~\xe4\x96\xbb\x1e\xe8n?\xf0\xc0\xc8\xb1\x879\xd5\
\xf5u\xe3\x1c\x07\xc4<\xd0\x85\x9e\xc7\x10z.6p\
 \x95N9sf\xcd\xbe\x17\xf6z\x8bQ\xda@B\
\x00\x16$\x93\x83\x967\xcf_`~\x7f\xdd\xa0\xa6\xec\
\xb7\x1e\xb8\xf5\xda\x86\xe6Ag\x02\xe2G\xcc\xe5\x0f\xdd\
\x937A\x06\xc2\x0c\xf0\xb5\x03\xcf5\xa0\x95\xf4\xa6\xb5\
\xfb\x1c\xce\xe0\xcf\xe3\xa1\xaa\xfbJA\x86_\x08\x94\x98\
\x0b\xa2\xa7%\xd5\x81\xbd\x90 @\xb5\x12\xbdZ0w\
Z\x8e8\xe6\x1b\x8dK\x9f\xffP\xd7\xfe\xdd\xbd\xef\xfa\
\xd2\xa5\x13'\xcc<vb\xeb\xe1cf\xd4\x0fj\x9c\
X][;\x91s\x8e\xfe\xee\xde\xb5\x00n@\xb0\xdd\
\xed<}\xf7\xecmO\xdf=\xfb\xa7\x00~\xf6\xc5\xdf\
\xff\xf8\x82\xc3\x8f=\xfa\xb2t&\xd3j5\xd0Mw\
\x1d\xb7\xae\x02\x00\xb2\xd5\xd5G\x19\x7f+\xf3\xefF\xff\
\x9e\x09b\xa0\x22\x09\xc0R*:L\xe8#c\xffu\
\x83\x9a\xb2?|\xe6\x9e\x9f6\x0em>\xdb\x13\x01\xaf\
Q\xd1\xc39\x9c$\xe9\x80\x90\x00<\x15Y\xcc\xdf\xa7\
\x8d\xaa\x93u\xfe@R\x81\x95\x99\xc0H\x91P\xdf\xb7\
\x08\x8dmh\x1bR\xc8-\x99\x87dw:\x93n\x99\
y\xd6\xbb>\xf3\xd6\x8f\x9fr`\xccQ\x13>\x0ej\
\xb2\xf8\xcf\xd2\xdb\xd9\xbd\xc6\x7fgq\x9co\xce//\
\xbf\xf2~\x00\xb3\xbf~\xd3u\xefo\x9bx\xc4e\x0e\
\x9c\x86\x12\xc9\x0e\x85:8\x95J5 \x5c\xd8\x13\x12\
(\x13\x15W\x144@\xf5\xa7\xdf\xa3*\xfb\x94h\x01\
\xdf{\xec\x7f\xbf\xdd8t\xc89\xb4E\xbd\x02/\xe0\
\x8b\xba\xd6\xc3\x8b\x0a\xbf\xf2; \x85\x96\xd3\xed2\x84\
\xa8&\xfa\xa4i\xb4\xa2@(3\xce#\x1c\xa2\xbe\x13\
\xdd\x9ak\xd7\xf3\x08\xa6\xae\xa9\xf9\x1d=\xed\x05o\x22\
\x0e\x8b\xa0\xf6vu\x07\x0d(ba\xcb\xb5\x9f\xfc\xd2\
\x9d\xbf\xfd\xc2\xb7.\xecj\xefx\xb6\xa4Q\x1e\xb9\xc1\
\xb6=J\xc8\x13\x12\x88\x81\x8a#\x00\x820\xd5?\xaa\
\xe7\x97\xebW?y\xf7eC\xdaF\xbeW\x9f\xf1\x97\
\x08\x99\x16\xf7&\xa6\x01D\xcfK\x04^\xfa\x00\xa0\x99\
\x0a\xde'%\x0b\xafT\xb8\xc8\xfd\xa7\xbd\xbd\xea\xdd!\
{\x7fO\xb8\xfd\xf9\x07\x19!\x16\xe6\xcf\x10\xc4\x14I\
\x81!\xb5\xf2\x85\xcd\xd3\x99\xcb\xd4\xe3\x90G{u\xd9\
\x8a\xc5\xf4I\x11L\x02%\xfb\xd6-}\xa5\xf3\xdb\xef\
\xf8\xd0W\x0f\xec\xd9\xf7`\x90\x8c[\xdd\xf7\x09^3\
T\x14\x01\xc4P\xfd\xa3\xd2}\xb5\xf5+\xef\xbd\xf9\x1d\
mG\x1eq\x85y\x1d\xd9C\xfb_8\x876P\x87\
\x11[^f\xc5r\xa2!\xc0\xec\xc9}S\x80v\xe9\
Z\xa6\x1f\xd4\x98\x00\xdf'PR\xb0\x03\x5ckO\xd7\
\x10\x94\xd9\xc0\xc0\xd1s\xa0\xb7f\xd5\xf3\xeb\xc3^e\
\x90\xdf>\x16\x19|\xef\xbd\x1f\xbf\xba}\xf7\x9e\x87\xa2\
\xa5<\xc8\xb2\xb0o(s\x7f\x02T\x18\x01\x10\x04\xa9\
\xfe6\xbb\xdf\x9a\xf8s\xc5_~u\xe6\xf8\xe3\xa7\xfe\
OI[\xa2\x97\x17\x02\x08\x00\x9c{\x07\xf9=\xb0`\
\x08\xef\x83\xe969@<\xf8\x5c\xd3\x10\xa0\x09/\xf3\
\xe7\x0c\xf4\x85\xda\x14p\xe8&\x80\xf02\x0aaw4\
?\x81\x7f\xeb\xe4\xbe\x97<\xb9\x02}]\xfd0\x9f\x0d\
\xf6-\xbc\xdc\xe5\xeaK.\xbd\xba\x98/\xecD`\x93\
\xa5_\x99\xcb\xbaQJ>A\xf7\x93 \x06*\x95\x00\
\x80\xf0\xc9*\x82\xea\xf8\xa5\x00\xa4\xde\xf9\x8d\xcf\x1e1\
\xf9\x8c7\xfe\xc4q\x9c\x80\xf7'<\xedP\x8e<M\
0u\xe7\x9a\x14n\xd1\xab\x83\xab\x1e\x9e\x08\xbci\xdb\
\xd3\x99\x81dh\x0f \xd7f\x92`\xa4\x06\xc1h\xef\
OL\x15\xa6\x9c\x91\x9c\x03\x85\xfe\x02\x16>\xb2,\xec\
\xdd\x95\x03\x93(\x00\x00\xeb_^\xfe'\xdbAA\xe2\
[\xc8\xe5WZ\xda\x09\x0c\xfb%\x88F\xc5\x10@\xc8\
$\x91\xe5T\xf6M\x1f{\xc6\xc9\x83\xdez\xd9\x07\x7f\
\x9b\xca\xa4\x1a\xb4Vd/\xaa\x9cy\xca\xf1\x06\xe2\x8d\
\x83\xe6\x80\x93Z\x80\xe1\xbd\x17IC\x9c(\xd0z6\
!%\x07C\xdd7\xc9\x05\xd0\xda\xa11xF\x12\x84\
\xc4L\xc3\xe2\xc4\xb5\x8b6a\xcf\xe6}\xdac\x0em\
ki3\xde[\x18\x82\x04\x93\x03\xe0[V\xaf[]\
z\xb8e]D \xba:\x17\xe8O\x11\x9e\xf8\x83\x84\
\x0c\x22Q1\x04@\x10\xa7\xe7\xb7&\x00U\xd7\xd7e\
>\xf5\xbb\x1f]\x9b\xad\xae\x1agm\xd5p\xf2\xc9\xd4\
W\xd2\x03\x97D\x07\xa4\xa0:\xd2\x96\xe7\xd2Q\xa7\xdb\
\xec\xb0,\xa5\xa6\x81\x19J\x84u\x9b\xbc/\xe8d\xc4\
}\xab]$\x22-z\xe4\x15\xc1`\x00\x80am-\
G\x228\x0e\x1f\xe4c\x81e\x1f\x1a\x06\x0fR\xb3\xfe\
\xc6\x10\xdd\xf5//\x7f\x1c\xf1\xaa\x01'\x82\x1f\x13\x95\
H\x00\x14\xe5\x10A\xea\xbb\x0f\xdf~y\xdd\xe0\xa6\xd3\
\x83\x1a\x93\x91}\xa6\x0bw_W\xf7\xfa\x5c\x7fn\xa7\
#\xbd\xfe\xd0{{-\x1a\xa0\xect\xd9j\x80\xf3\x8e\
\x91kh\x1a\x08\xd9\xc6\x85\x09@\xf2\x0f\xccLB\x1a\
R\x04\x188\x84)\xc0\xb0u\xf5\x0e\xec|u\xb7|\
\xc6\xe6\x96\xe1g\xa0T\xe0C\xe7\xfd\x0by\xfb\xc2K\
\x22\x1e5\x10\xb9\xbe\xfe\x17g\xdf\xf4\xe7\x95\x88\xe7c\
\x88h-\x81@%\x13@TyoM\x0b\xb8\xecw\
\xd7\x9c0\xe2\xf01\x9f\xd6Z\xe0\x96O\x0ep\xc7\x91\
\x1e\xf9\xde\xce\xee\x15\xd7}\xe0\xd3\x9f\xfb\xf6\xe9\x17\xbc\
\xbf\xfb@\xc72\x15sw\x88J\xcf\xf4^^\x8e\x13\
`\xa0#\x09\xa9_\xa1\xd4\x04\xd0M\x04\xaayh\x8e\
BP\x82\xb0\xf8\x18X\xa9\xf6\xb0\xf0\xe1\x97\xa5\x16\x90\
\xad\xaej\xf9\xea\x9f\x7f\xf1v\xcb\xbb\x8bZ\xe8;\x07\
\x00>a\xda\xe43$q\xa9\x15+\xb6o\xd8\xf0\x17\
\xd8s\x0c\xe2\x98\x02Ia\xd0\x00T\x1a\x01\x04\xfd \
C5\x80\xf1\xc7M\xad\x9by\xde\x99?*q\xfa\x91\
\xb3\xc5\x0fX:\xf9\x00\xf4u\xf7l\xb8\xf9\x8b\xdf\xba\
j\xc7\xba\x0d\xbd\xb9\xde>\xb6~\xd1K\xf7\xcbl>\
\x22\x8c =\xb9 \x04\x11Hc\x9c\xf9a=\xf8\x89\
\x03\xc4[\xafi\x1a\xbe\x00\x0b\x99\x90\xa1?\xe2\x0f\xa0\
\xb3\x0c\x93\xbeWE\x02\xb8\xbc.%\x99\xedkwa\
\xdbZQK\x94\xe3\xa8\x13\xa6\x7f\xe9\xdd_\xbal\x12\
t\xc2\x8cK\x02\x00\x80\xf1S\x8fm\x1c\xd22\xe2|\
\xbf\xc9@px\xbd\xff\x9f\xbf\x7f\xcdc\x08\xcf30\
\x05?\xc8<H@P\x11\x04\x10\xe0\x00\x8c\x9b\xfc\xe3\
|\xea\xf7?\xfaB\xa6\xaajT\xd85\x1c9\xa6\x1f\
p\x18G\xbe?\xb7\xf3\xceo\xff\xf8\xab\xab\x9e{\xb1\
\x1d\xfe\x0fq\xde\xdff\xbd(\x92\x82D\xa1\x0e9Z\
O:\x03\x19h\xcf.}\x07\xe2\x9f\xf0\xd6\x0b\xca1\
\x22\x09\xd2~\xd7\xb4\x06E4\xfa\x98\x035HH7\
A\xa0\xfc\x11>!-z\xf8%\xefA9\x90J\xa7\
\x1a\xce\xfe\xf0\xc5?\xbb\xf8\x8b\x97N\x0ay\x8f\xa1\xe6\
\xc0\x07\xbf\xf9\xe5/\xfb\xa9\xbd\xa1\xe0\x9cw\xfd\xfd\xd7\
\xbf\xff,\x222\x0d\x11L\x04\x09BP\x11\x04`A\
\x94\xed*\x97\x0b\xbf\xfc\xa9q\xcdm#?\x10\x95\x9d\
*\x7f\x81\x9c\xa3X,\x1e\xb8\xe7\x9a_~i\xf1\xc3\
\x8f\xefVG\x80\xaf\x99\xbf\xf0\x00sY\xaf\x146\xf1\
\x8f\x84\xf7\xfc\xce\xbb$\xd4\xa7\x04\x92\xae\xeb\xa6\x03M\
\x1bfBK\xd0\xf6\x19\x8b\x18i(C\x93P\x91\x04\
_\x15\x10Z\xc6\xb65\xbb\xb0w\xcb~\xf9\xd8\xd9\xea\
\xaa\x96s?\xfe\xbe?^}\xef\xcd\x9f\x9at\xc2\xb4\
A(%Q\xfa)\xdf\xf5\xa9\xefx\xdb\xa8\x1f\xdd\x7f\
\xe7\xf5\x83\x87\x0d=?JJ\x19c\xdd\x8b\x1e\x7f\xea\
\xc3\xab\x16->\x80\xd2\x19\x80\xe2h\x01\x09\x22P\x91\
\x83\x81|D\x99\x01\x0e\x80\xd4\x9b>\xf4\xeeO;\x8e\
\x93\x09mE\xfe\xf48\xdc\x22\xeb~\xe8\xb77\x7fq\
\xce_\xef\xddb;\xbc\xd0\x9f\xdb\x93\xad\xaa\x1a\xab\x92\
\x82P\xe2\xc5Wj\xba\x9f\x8ek\xda\xe6\x22\x99\x88\xa1\
d`\x8f\xe9D\x14MH_\x02\xa0\x86\x18s\xc0\x01\
\x83\xf2\x11r\x83P@\xb2\x13\x81\x97\x9eZ\x817\x7f\
\xf0\x14\xf9,\xa9T\xaa\xa1m\xc2\xb8K\xbfz\xd3/\
.\xed\xe9\xecZ\xdc\xb1k\xef\xc2\x8d+\xd6,\xa4m\
\x89\xf5\xc3\x8e\x1c\x7f|\xf3\x88\xe1o\xcaTW\x1d)\
\xaa\x16\x09p\x8b\xcc2\xc6\xba\x17>\xfa\xe4\x87g\xdd\
p\xf3\x0a\x94\xd7\xfb\x03\x09\x11\xc4F%\x12@P\x1d\
\x00\xf1)\x85\xbfe\xc2\xb8\xea\xc6\xa1\x83\xcf\x8djP\
9\xdd\xdc\xfe\xb9\xff{\xef\x95\x0f\xfd\xf6f\xb3\xee>\
\x17\xd7(\x16\x0a=\x99l\x95\x12\xd6\x12[\x1eR\xff\
\xa6\xa5\xc0\x88\x07P\xf33\xc8\x08\x9d\xe9\x1c\x84j\x8b\
1\xfd;\x07P\xcc\xe7^\xed=\xb0\x7fA\xfd\xe0a\
\xef\xd3L\x0e\x10-\xc0H2Z\xff\xe2F\x9cz\xf1\
\x09\xc8\xd6dK\xdeA]c\xc3\xcc\xba\xfa\xfa\x99-\
\x87\x8f\xb9\xac\xa4\x12\x91|N\xe6=K\x04\x0a\xf9\xfc\
\xea\xc7\xef\xbc\xfb\xf3\xcf\xde;{3\xe2\xa9\xfba~\
\x80\xc4\x01\x18\x82J3\x01\xe2\x14\xff\x94K\xb6\xba:\
\xed\xa4R\xb5a\x0d\x8a^\x921^\x5c\xf4\xd0\x93\xff\
\xfd\xd7\xef^\xbb\x18a?N\x8e\xa2\x96\x11(Up\
\xa6\xa9\xed\x8c{\xaa\x85\xeaE\x99\xf4\xec\xcb\xdeS&\
\xfc\x98Q\x01\xa8\xb0\x9e \x0d\x9f)D\x92\xd0\xde\xad\
\x1b\xfew\xce?n\xba\xbe\xb7\xab\xe3\x09R\x13@3\
3\xc46\x06\x0e0\x86|\xbe\x88\x95\xcf\xaf\xcb\xe9/\
``\x7f\x08\xdbi\x8c\xb1\xee\x1d\x1b6]\xfb\xdd\xf7\
|\xf8]\xcf\xde;{\x0bt\xa17\xd5\xff\xa4\xf7?\
\x04\xa8$\x0d l\x18\xb0\xd8\xa69\xad\xb6,_\xdd\
\x1f\xa3]\x80\x83/\x7fz\xde\x0fo\xfc\xfc\xb7\xe6\xa0\
48(\xda\xf3}v\x5c\xf6\xec\xdeQ\x9c\xfc\x94K\
\x1ds\xba3\x10\x9ap+\xa7 \x97y\x014\x94\xa7\
\x1c\x84*,\xe8\x91\x15\xcb\xafY\xf8\xcc\x5c\x00|\xd9\
\xd3\xb3~9\xf3\xac\xf7Ms\x1cg\x98\x18\x85\xa8\xc8\
\x03%\x19\x84\xcf\xfcu\xee\xba\xdaA\xee\x93\x87\x1dy\
\xf8y\xd5\xb5u\x13\x22^\x8b\xf1\xbdt\x0d\x00\x8a\x85\
\xc2\x8e]\x9b\xb7\xde\xfe\xd0\x9fn\xbfo\xcd\x92\x97:\
\x10.\xe8\xe5D\x01\x12D\xa0\x92\x08\xc0\x86\xb0\xc2\x12\
\x0e\x00\x873\xd6\xed\x04y\xab\xfd^r\xdd\x82%\xd7\
\xfd\xe6\xe3_\xfa'\xc2{!\x07\x10Z\xb6\x17\xb2c\
\xcc\xeb]i\xa2\x0fm\x97\x86\xe4J\xb2\x08E\xcc_\
\x1cO{qM\xf8\x99\x9eY\xc8\x80\x5cO\xd7\x0b]\
\xfbw\xf7\x02\xe0\x07\xf6l\xef\xdc\xb3e\xed\xaf\x87\x8f\
\x9ex5@\xaf\x01I\x18:\x91d\x8e\xfe\xfd\xe7~\
\xfc\xcd\x8e\xf6\xadw\x9d\xfa\xce\xf3ZN8\xe7\xcc\x19\
-\xe3\x0e\x9bQ][\xd3Z\xd7\xd80\x83\xbe\x9a\xd2\
\x97\xe5\x811\xd6\xdd\xdf\xd3\xb7\xfa\xc0\x9e\xbd\x8bV\xcc\
_\xf4\xd4\x037\xde*\x12|\xa8p\xc7\xf5\xf6\x87\xf6\
\xf8\x89\xfa\x1f\x8eJ'\x00 8c\xcd'\x00^\xd0\
\xa2\xff\x5c?c\xfb\xda\x0d\xb7_\xfb\x9e\xcb\xfe\x8e`\
\xe1\xa7\xebN*\x9d\xaa#\x9a\xb9\xefqg\x22\x0a\xa8\
2\xf5 >i\x18\xcf+\x1fF{zm\xfa0b\
_k\x19\x814\xfe\xc79\x0e\xec\xda\xf6\x04\xbd\xaf\x97\
\xe7\xce~\xe6\xd4w~fi&S5\x9d\x13\xa6\xa0\
\x91\x01\xe5\x94\xe4\xa9a\xad\x93N\xe9h\xdf:{\xee\
\xbd\x0f\xef\x9c{\xef\xc3\x0f\x01x\x90<7\xbf\xe8\xf2\
\x8f\x1e\xd98\xa4\xb9\x81j\x13\x1c\xe0]\xfb\x0ft\xcd\
\xbe\xfe/k`\x17^Iwe,&\x12\xf5\xbfL\
T2\x01\x84\xd5\x06\x90`\x9c\xf5\xa7h\xedT\xa1\xcc\
;\xdeGog\x97(S\x0d\xc4\x09Eq\xee\xd09\
\x02\x00\x90\x0a\xc1B\x88-f\x80\x1f\xdfg4FH\
\x8f\xe7&\x19x\x82\xe7@y\xfc}\xf5\xbfw\xd5\x82\
\xa7\x9e7\xefq\xd7\xa6U7\xb7\x1d1\xf5\xd7 \xcd\
\x8b\x9bS\xfe\x00\x00\x8c\xa3\xaa\xbaq&\x80\xd9A\xef\
t\xd6\xefoYC\x9f8\xe0\x93\xee/\x97\x08\x82\xce\
KP&*\xcd\x09\x18\x17\x92\x04\x98\xcbz\x02\xf7r\
\x8e\x11cG\x9d\x14\xd0\x86\x95\x08\x9ct\xbaI\x08.\
-\x0c\x02\x99 $To\x7f\x13\xad\xd6\x03\x11\xda\xa3\
*\xb9\xb4+db\x908T\xf8\x05T\xdc\x1f\xe8\xef\
\xee|\xb6\xa7c\x7f\x1f\x0c\xa1Z\xbb\xf8\xa9\xa5\x85\x5c\
n\xa5\x19\x9245\x10\xce9\xb2\xe9\x9aiq\xdf_\
\xc4\xbb\x09#\xce0\x01O\x84\xfd\x10!!\x80\x08p\
\xc6\xf2\xd6\xed~/[?h\xd0\xcc\xe6\xd6\x91Y\xc4\
\xe9\xfd\x01\xa4\x9dt\x93\xca\xda#\xf6?\x83R\xbb\x89\
\x8d/$Yi\x09L\xc5\xf9\x85\x8d\xcf\xa1\xf5\xfaz\
\x82\x10\xd1\xfe\xc1\xb0g\xcb\xfaG\xc8}j=mO\
\xfb\xee\x07KF\x0b\xd29\x06\x04\x118\xa9\xe1\x0d\x8d\
#\x07\xe1_[w\xcf\x89X\xb7\xfasB\x86\x81'\
@B\x00\x91`.\xcbYw\xf8a:8N\xcd\x05\
_\xbal\xba\xb9\xd7v\xca\xd0Qm\xd5H9\xd5R\
\xa0\xfd\xf0\x1f\xb1\x93\x8d0\x1e\x99\xfcC\x0a:\xfc\x88\
\x80>2\x90sx3\x03\xc9ct\xcf?\xe7\x1cn\
\xa1\xb8{\xf9s\x8f\x06\x86)7\xae\x9a\xff\x14g`\
\x94d\xf4\xc1C\x90$\xd38\xa8m\x1cy\xb4x\xa3\
\xff\xca\x83\xcd$\xb3\x8d@4\xcfIP\x06\x12\x02\x88\
\x00w\xdd\xee\x92m\xf0C\x5c\x1c\x00\x1c\x1c1}\xf2\
Iq\xda\x1au\xf4\x91M\x9c\xfbS\x82\x09\x95\xdf\x08\
\xd3\xa9\x84\x1eZ\x01\x98h\xc1$1\x88\x0a>8#\
&\x00\xc9\x07\x80\xfa\xde\xdb\xd1\xfe8s\x8b.`W\
\xbf;\xf6n\xeb(\x16\xfaWq_7P\x89C\x0e\
\xb4\xc4 \x00\xd9\xaa\xfa\x11\xfe\xf9Q\xa5\xb9\xa32.\
m\xdb\xc2\x0a\xb5\xc6\x1do \xbf'Z@0\x12\x02\
\x88\x00c\xacP\xea\xb6\xd2\xc3m\x83F\x8e8\xd9\xdf\
\x13:\x16~\xe4\xe1c\x9bU\xac]\xcf\xfe\xd3\xab\x03\
QG\x9cH\xfe\x81\xcc\xe8+\x99\xd9\x07\xc4\x8d =\
\xf7PD\xe0\x13\xcb\xf6WW>\x8a\x08\xa7Z\xbe\xbf\
w\x99\xca$T\x89CJ;\xf1\x12\x91\x9cT\xa6\xde\
\xf2\x88q\x84\xdfvN\x9c\x22-q\x84?l\xf8q\
\x02\x0b\x12\x02\xb0C\x8a<sY\xbfJ\xe31\xf6\xfa\
\x02W][3~\xe6\xdb\xde2<\xaa\xd1\xc1#G\
\x0e\x15\x8a\x83\x98\x02L\x9f9\x98\xcb\xbc|*\xbc\x9e\
\x90\x8b\xec?\xef\xc22\xe7_\x8b\x18\x88!\xc1\x5c#\
\x19\x0e\x8eb!\xb7q\xed\xa2gm!8\xcdo\x91\
\xeb\xeb\xde\xa8\xc6\x1bP3Ew.:\xdcI#|\
\xcc\x7f\x98\xf0G\x09o\xd8\xc4,\xb6\xefA\xc4 \x91\
h\x01vTr\x180*\x1c\x05\x00p\xdd\xa2g\x02\
h\xa5,\xfc\x1e\x99\xf4\x8co|\xf7\x05'-~\xe8\
\x89\x07\xc8Q%?\xfc\x86!\xcdCe\xc8\xceW\xd9\
\xb5\xd1~r\x9d\x91\x1e]\xa8\xf9\x80H\x08b2k\
\x10z\x8d\x00\xae\xeeO\x1c+\x04\xb7\xfb\xc0\xfe\xc7Q\
\xda\xe3\x8b\xfb\x93\xcf\x5c\xc8\xf7\xed\xd7K\x90A\x12\x9d\
\x88\x5c\x00\x1c\xae[\xb0eI\x92 \xa9\xf7\xf9\xfe+\
\xaf\x981\xa4udk\xe3\xe0A\xad\x99lUC]\
c\xc3\x91r\xaeB\x80w\xec\xdd\xbf\x903\x8e\xad\xeb\
\xd6\xbf\xb8\xf0\xf1\xa7W\xae]\xb2\xac\x03\xbaP\x9b\xa6\
\x8a\xf9\xf7\x13\x9f\xcc|\x16\xdb\xf3%\xd0Q\xc9\x04 \
\xc0C\xb6sVt\xf5(\x00\x97\xfd\xae\xff\xd5\xeb\x89\
G\x1e1\xee$x\x09168\x00\x9c\xda\xfa\xfa\xe1\
r\xdan@\xf5\xe6D\xa0\x95\xda\xcd4o\xbe\xdcN\
\x22\x00r8\xaf\xe6\x10\x14\xe4\x04IN`\xc0\xce\x0d\
\xab\x9f5\x9e\x8d\xaeK\x92*\x16\xf2}J\x03\x81\x9a\
X\x94h&`@>\xdfmN\x22\x0a\x00|\xfc\xd4\
c\x1a\xcf\xbf\xf4\x03\xa7\x8f\x9ax\xc4i\x0d\x83\x06\x9d\
\xae\x0f\x06\xd2\xd7\x19g\x18Q;\xea8\xce8\x86\x8d\
j\xfd\xd4\xb4\xd3OA\xbe?\xb7z\xef\xb6\x9d\xf7=\
z\xfb_\xff\xb1j\xe1\x92\x0e\xd8\x09\xc0Fd\xe29\
\xcc\x9e^>\xeb\xf0\xaa\x99N\x92\x19\xa8\xa3\x92\x08@\
\xfb\xa1\x93m\xe6\xa7\xa6\x090\xe6G\x01\xfc\xb3M/\
\xbb\x08\xa65\x0e\x19|R\xb6\xba:U\xc8\xe5\x5c\xe8\
\xbd\x8eTI\xab\xea\xea\x86Q\xa7\x1c\xb8!\x14Re\
\x87f\x0a\xc0\x10ni\x8f\xc3\xd8'\x93\x8b\xbc\xed\x8e\
/h\xc5Ba\xeb\xba\xc5s\xd6\x02\x81\x1a\x80D:\
\x9d\xad\x95\xb9\x05\xe2\xda\xf0\x84U\xceN\xccX\xf7\x81\
}\xaf\xae\xa1\xcfy\xcaE\xe7\xb4\x9e\x7f\xe9\x07?>\
\xa4e\xc4y\xf4\x99\x22\xff\x22Pd\x0a\x0ed\xab\xaa\
&\xb5\x8c=\xec\x1b\x1f\xbc\xea\xab\x97\xef\xdf\xb9\xfb\xd6\
\x87\xfe|\xdb-\xab\x16.>\x00X{\x7f\xfa7\xa3\
\xe6,3\x8eK\xb4\x80\x00T\x9a\x0f\xc0\x96T\x02\xcb\
6y\x5c1\x97\xef\xd6\x94Z\xe9Y\x07d,\x1f\x1c\
)'\xddt\xdeg?q4\x82\x1dR\xa8\xaa\xa9\x19\
)\xcdi\x06?\x01\x18\x16!&\x0e>I8\xc29\
\xc8@\x9ds B\xaf2\x06\xc9(C\x00\xbd\xdd\xed\
\xcf\x22&\xb2\xd9\x9a\xa1fn\x01%:\xce\x81\xfe\xfe\
\x8eY\xb9\x5cg?\x00\x1c>\xe5\xe8\xc6\xab\xef\xfd\xf3\
\x17>\xf2\xdf_\xbd{h\xeb\xc8\xf3\x22\xf3\xf2\xb8\xb1\
\x12p\x9c\xe38\x8d\xcd#G|\xf6}_\xbeb\xd6\
E\x9f\xfa\xc4\xb1\xb0\xcc\xcc\x04\xbb/ *T\x98\x80\
\xa0\x924\x00\x13A\xbd\xbe\xb6\xddu\xdd\x9c\x10~.\
D\x8a\x16\xd7\xf0Ux\x06\x8e#O\x9ey\x12\x80\x15\
\x96k9\x00\x9ctU\xb6\xa5\xa4t7\x13\xee=\xae\
\xa6\xf4\x12u@HO\xcc\xa8 J-Ai\x0c\xd4\
\xeb/N\x16d\xd0\xbes\xeb\x0bq_J\xa6\xban\
\xac>7!1Q\x00\x80\xbb\xb9\xdd;\x96\xfd\x1d\x00\
\xde\xff\xcd+f\x9c\xfa\xces\xaf\xcad\xabF\x22\xac\
\xb7\xe7%+\xb1\x91\xced\xdaf\x9cy\xc6m\x9c\xf3\
\x0f\xdd\x7f\xc3\xcd\xaf\x84\xfc\xcd\xc4b\x92\x80\xa6\x05$\
f\x80\x8eJ$\x00j\x0aD\x99\x00\x9c\x15]\xcf\x04\
p\xa0\xd4oa\xff\x8b<:_\x22\x9b[F\x9e\x04\
\xe0\x16\xcb5\x1d\x00N&[5R3\x1d\xa4\x83\x8f\
\x84\x05\x01\xcdD\xd0'\xfa0Ss\x85\x8dO\xf6\x0b\
\xbb\xdd\xf7\x0ar\xces\xeb\x96\xcc]\x16pO%\xc8\
f\xeb\xa6\xca\xc8\x82$ \x15\xb5\xe8\xef\xeb~\xa8\xa7\
{\xd7\x81/\xfc\xfe\xc7\xe7N9\xed\xc4+CU}\
\x8bN\x95\xef\xef_\xb3o\xc7\xee\xa7\xb7\xacY\xb7\xd0\
k\xdb\xe1\x83\x87\x0fm\x1b\xd22\xf2\xf8\xfa\xa6\xa63\
\x1d\xc7)\x19y\xe98N\xe3\x8c7\x9dq\x1bg\xf8\
\xd0\xec\x9bn~%\xec\xef\x05\x9d\x04l\x7f\xeb\x04\x04\
\x95H\x00\x02<\xe0S\xacs\x00\xbc\x90\xcbu\x01\x22\
\xf4E\x86\xe1\xd2\x84\x1b\x7f[*\x93m\xf2\xcf/I\
J\x19u\xd4\x91\x0d\xa9T\xaa\x81\xb9D\x95g\xa4\x00\
\xa8\x18\x09\xc8\xd44\xdf\xaa\x87'\xa9\xc1\xe6\xc4\x9f\xdc\
4\x15t\x0d#\xdf\xd7\xb7\xac\xaf\xab#\x8f`\xc8\x1e\
sh\xcb\x11\xc3\xd3\xe9\xecQ\x8c\xb9\x92h\x1c\xf8\x95\
\x89=vr\xf7\xee^q\xd7\xb5\x8f\xdey\xe5\xd0\xb6\
\xd6sT5\xe1\x807K\x90\xeb\xeb_\xbb\xf4\xd9y\
?\xbd\xe3\x9a_.\x0cx\xef\xb3&L\x9b\xd2x\xe1\
\xa7>\xf6\x81a\xad\xad\x9f6\xff\x1a\x1e\x09\x9c~\xdb\
\xda%K\xcf\x5c\xb5hq;\x94\xdd/b$Ay\
\x04\x89\xe0\x87\xa0\xd2|\x00\x02\x91=\xbfX\x8a\x05?\
\xdc%\x9dnP6;Tg\xee\x16\xf2\x07\x1e\xb8\xee\
\x0fW\x22 }u\xfc\x8c\xe9\x86\xfa\x0f\xd2\xc3\xaa\x1e\
[5,R\x84-\xd3\x86\x89^\xd7\x98\xea[7\x01\
\x000\xa0\xb7\xab}\x91\xf1\xec\x81\xb1\xf2\xd6\xb1\xd3\xde\
\xce9K\xc1\x18\x97 \xee3\xdf\xdf\xfd\xf8\xd7n\xbf\
\xfa=\xc3F\xb7\x9eS\xce\xcb\xce\xf5\xf5\xaf\xbd\xe1\xaa\
\xab/\xf5\x85_\x08,\xfd\xe4\x00\xf8\xba\x97^\xee\xfc\
\xc5\xe5_\xfe\xe3\xa6U\xab\xbfkce\xc7q\x1a/\
\xbc\xec\x13?A\xf0\xd4may\x09\x09,\xa8\x08\x02\
\x88\xb0\xf9l\xe1%\xf9\xc3\x9c\xf5\xd3?\xce-\xe6\xf2\
\x9b\x94\xb0+\xef\xbb\x14\x92\xa2\x9b{\xf6\x8e{\xbe>\
\xef\xeeY\xdb\x10\xe0\x04\x1c>vL\x1b\x8d\xe7\x9b\xe3\
\xf8\x85/\x8fz\xfbMSA\x8b\x00\x90D \x00\x8a\
P\xe8~\xce\xd1\xb1w\xe7\x0a\xe3~(\x9c\xa3O|\
\xdb\xd9\xd3N\x7f\xef\xa7f\x9e\xf1\xfe\xef\xd564_\
\xa2\x12\x89H\xd4\xc1\xdb\xc6\xdf\xf8\x9e\x99[\xda\xc6\x8f\
\xbbX{s\x11`\x8cu_\xff\x8d\xef_\xb6v\xc9\
\xcb\x9d\xb0\x0b\x7f\xc9\xd0\xdf\xeb\xaf\xfa\xde\xac\x03{\xf6\
\xdea3!j\xea\xea\xde\xf2__\xbc\xe2d\x04\xf7\
\xf8AII\x89C\xd0\x82\x8a \x00\x03\xb6^\x1f\xb0\
\xff0\xd9\x9a\xf9\x8b\xbb\xef\xf9\xd1o>Z\xe8\xcfo\
\xa4\xf4@Su]\xc6\xfa\xe7\xdd=k=\xb9F\xc9\
\x0fq\xd0\xf0am\xd2yH}\x09\x9c\x08=\x8d\xfb\
C\x99\x03R\xfb\x00\xd3\xedm\x12S\x07\xd4\x04\x9f\x82\
X\x18\x07\xb6\xacX\xbc\x0a\x16\x8dDlk\x1ev\xd8\
\x17\xeb\xea\x9b?\x9a\xad\xae\x7f+\xe04\x80\x08\xbd\xd2\
v8\xd2Y\xacx\xd3\x07\xce\xfed\xfc\x97\xec\xdd\xe7\
\xfa\x97\x96\xff<@\xf8m\xd5\x7f\xe4\xdf\xe3\xbe?\xdc\
\xf8\x07\xc6X\xb7N2\xde\x97\xc3\x8f=\xe6\xf3\x08\x9f\
\x90\xc4\xf67\x90H\xb2\x02\x15*\x8d\x00x\xc8g\xe0\
\xf2\xd8Mw\xee\xbc\xfd\xaak>R\xe8\xcf\xbd\xaa\xe5\
\xdc\xfb=t*\x9d\x19t\xf1\x95_|\x8b\xe5z\xf2\
GX\xd3\xd0\xd0\xa6\x8d\xb2\x13v\xbeP\xdd\xb5d\x1b\
\x900\x9f\x98\xc1Wm\xd3g\x09&\xa6\x88t$\xfa\
\xe7\x15\xf3\xbb;\xf7\xef\xea5\xefE,\x8e\x93J\xc1\
I5I\x07\xa4\xb4\x1et?\x02\xc0q\xfc\xdb\x8e\x1b\
[\xf2\x16\xe5w}\x83dT\xc6\xba\x7f\xf5\xb9+g\
c\x00\xa5\xbe\xd6\xbd\xf4rgog\xe7\x93\xb6\x86\xb3\
U\xd5'^\xf0\xc9O\x1c\x8dh\x12H\x10\x81J#\
\x00\x0aS\xf8\xe9z\xc9\x0f\xf5\xf9{\x1e\xd8s\xe7w\
~ri\xb1\x90\xdf\xad\xb2\x00U*\xef\x98)\xc7\xbe\
\xc7o\xc3\xaa\x86\xd66\xd4\xb7J\xc1\x84\x1a\xcc#\xda\
\xa1\x9a\x00\x15H9\x06@F\x00\x94\xb3O\xdb@b\
\xf6\xe2\xb3X(nE\xb0=\xec\x0c\x1f}d\x0b\xe7\
<\xab9\x0f\x99\xf0'\xd0m\xc0\xd0Q\xcd\x01\xb3\xf8\
pm\x95\x93m\x9d\xfb\xda\x9f\x0e{\xa7\x08'\x03l\
\xdf\xb0\xf1)\xebu\x00L\x9c6\xf5c\x96\xf7\x1d\x94\
\x03\x90\x10B\x00*\x95\x00\xc2\x04\xdef\x972\x00\xfc\
\xb9\xbf?\xb0k\xf5s\x8b\xae\xa5\x82*l\xfa\xea\xba\
\x9a\x89\x17~\xf9\xf2\xa9\xe4\x1a\xda\x0f0SU\xdd\xca\
\x189O\xda\xf5j\xb0\x8f\x8c\xf9\x1b\x93\x80\xa8\x14`\
\x80&\xfd0\x92q\xc7\x08\x11\x88(\x81\x9b\xcf\xed\xb1\
\xdd\x8bX\x06\x0d\x1b5^i\x1f\xc4\x89\xc8\xb9?P\
I]\xb3\xa7\xbd\xd7\xf2\x0ay\xc07\x0f\x9bW\xad}\
\xda\xf2.c/\xaf\xbe\xbc|e\xd0\x1f\xb0\xa6\xa1\xfe\
,\x84\xdb\xfc\xb0\xac'0P\x89\x04\x10\xa5\xf6\x07\xf5\
H\x0c\x00\xbf\xed\xaa\x1f<\xc9\x8an\xb7R\xb7U\x8f\
<\xf9\xcc\xd3\x84\x83\xac\xe4\x07\x98\xa9\xaen\x85\x08\xe7\
Q\xa1\x96\x0e\x05\xa8a\xbe\x9ao\x00Pv9\xd3B\
\x81\xf2\xe2\xc4,\x91\xa1C\xce\xe1\xba\xc5>\xd8mb\
\x07\x80S\xdf0t\xaax\x08eV(\xfb\xdd\xbb\xb4\
w\xcd\xf5\x8b6\x94\xf9z\x81\xa7\xee\xba\x8f\x86\xfc\xc2\
\xcc\x00\xeb\xdfb\xde\xec\x87\xb6\xd36)\xdd8\x8e\xd3\
\xf8\xf6O|\xec\x18\xc4\xb7\xfd\x13m\xc0\x82\x8a!\x80\
\x90H@\x90\x09`uVu\xec\xde[\xe8\xe9\xe8|\
\xd1!~\x00\xe1\x0bh\x1a2\xe4\x8cig\x9d9\x82\
\xb4\xed\x00\xc0\xc4\x13\x8e\x1f\xea8N\xb5\x9c\xa6\x0bt\
\x92\x0fO\xf8\xd4\xec=\xaa\x07W\x13\x85\x12{\x9fs\
%14O\xc0\x12Zd\xae\xdbG\xef\x03\x06\x01T\
\xd56\x9c\xc4\xe8D#fn\x031\x056\xbf\xb2\x15\
\x85\x5c1\xfaE\xfbo\xb2\x98/\xecX\xb3xY\x97\
\xf1~\xa3\xdew\x89o\xa6\x90\xcf\xaf\x0e\xba\xd4\xd8\xa3\
\x8e:\xdb\xf6\x5c\xc6\xfb\xb7\x9a\x02\x89#\xd0C\xc5\x10\
\x80\x05Q?\xc4 \x8f5\xdf\xbbe\xeb\x5c\xe1\x8d\xa7\
='\x1c'}\xfa\xfb\xdf}\xa1\xdf\xa6\xfc\xd1\x8d>\
\xe6\xa8\x91\x9e\x90\xf9=4\xd3\xc9C:\x06\x99J\x00\
\xa2\x99~J\xc8\xc5\x1d\x11U\x1d*\x84\xa8\xfb\x03\x1c\
8\x8eS\x87\x00'Y\xdb\x11\xd3\xc6\xa5R\xd9\x89\xf2\
\x05\xd0{\xa1\x19\x8e\xfe=U\xd5V!\x9dI\xc9\x97\
e\x0f\x01\xaa\x8d\x85\x5c~\x07\xec\x82\xcfK\x0e\x0e\xde\
\x0e\xe6\x16\xbblW\xc9\xf7\xf7\xbf\xb8q\xc5\xca\xc7a\
W\xf7\x13G`LTj& \x87\x9e\x22J\x87\xfa\
0\xe8\x19f)\x18\xc4\xf0\xe2\xecG\xe7\x1ev\xcc\xd1\
z6\x9e\xaf\xde\x0f\x1f;\xe6\xa2\xe6\xd6\x96\xdb\xdbw\
\xec\x94\xd9wCZ[G\x0a{\x9f\x86\x10\xb5\xf8\xbf\
\xdf\xb8r\x0c\xd2^]\xf9\x1aJ\x86\xfej\x11\x03\x7f\
\xa2\x11_#H\xa5\xb3\xc3\xc8\xb3i\x021r\xcc1\
\xef\x05\xe7p8\x87K\xb3\x1b5\xed\x03\x92\x9c\x8e\xbf\
`\x06R\xe9\x94J4\x8a@OG\xe7\x9aX\x07\xc6\
\xf9\x1bq\xc5\x0a=\x1d\x9d\xb3\x96/x\xf1\xd6Gn\
\xbd}\x05\xbc\xe9\xc2\x80`\x81OH \x02\x15\xa5\x01\
X\xcc\x80(?\x80\xd5^}\xf6\x8e{\xb6\xe7\xfb\xfa\
_U\x0ez\xd5{\xa7\xd3\x99A\xe7\x7f\xfe\xd3o\xf2\
\xdbw\x00\xa0\xa1y\xf0H%\xb0\xa5B,\x0d~m\
\xbc\xbc\xea\xd5\xa9P\x8b\xc5\x11\x1a\x82\xefK\x90\xff\x93\
\x22\xa2\xe9l\xd58r\x1fR\x18\x06\x0d\x1d5\xb8\xa6\
\xa6\xf1l\xe1pT\x0e\x07=\xc2\xc09G\xeb\x84\x16\
\x9c\xf1\xc1S\xf0\x86\x8bO\xb0{\xfa\xb4W\xa9P\xc8\
\xe5\xbb\x02\x0e\x8c+\xa8r\x1bc\xac\xbbc\xef\xde;\
\x1e\xbb\xf3\x7f\xcf\xfd\xf9\xe7\xbe\xf0\xadGn\xbd}U\
H\xdbq\x1c\x83\x09|T\xaa\x06\x00\x94j\x01AD\
\x902\xbes\x00\xacs\xef\xfe\xb9\xcd-#\x8f\xa0\xe3\
\xf8\x85&0v\xf21\xef\x01\xf0\xa8\xb8Pu}\xc3\
H3\xaeN\xc3xB\xe0\xa5\x00\xc2\xef\x81i\xb8\xd0\
\xcc\x13\xe0\xdc0\x15\x98\xd4$ \xc9\xa8j\xd4\xa8\x09\
S\x0f\xdb\xb6n\x99\x98\xaa\xdc\x01\x80q\xc7\xbc\xf1]\
\x1cN\xb5<\xdfw0\xd2pbMSu\xc7\x85_\
:o\xd0\x98cG\xab\xc1E$\x09\x89\x97\xac\xe8\xe8\
j\xef\xd8\x81`\xc7\x5c\x9c\xda\x80\x00\xe0lY\xb3\xee\
\xf6y\xb3\x1fZ\xb8\xfe\xe5W\x84?\xc1\xac\xb5\x80\x90\
6\xe9>n~&#\x03+\x90\x00\xf6\xe4\x17s\xc3\
\x01d\x9a\x00a\x8e\xc0\x94\xf8\xdc\xbar\xcds\xcd-\
#>\xac\xc2sJ\x98\xaakk'^\xf6\xeb\x9f\x7f\
\xb8\xa7\xab\xab\x9d3\x8e\x86!\xcd\x93\x95\x1a\x0f\xe2\x03\
\xd0+\xff\x0a\x81dD\xc8er\x0e\x87\x1c<T\x92\
\xb8\xc3\xbd)\xc3\xa8\x0a\xef\xf8\xed\x8f\x9e8\xfd\xfcm\
\xeb\x96]/\x9e\xb5a\xf0\x88\x86\xda\x86\xe6\x8bi\xa2\
\x91\xa7]8\xf2~\x0a\xf9\xbey\x9f\xb8\xe6\x92\xa6\xe6\
\x11C\xa6\xe8\xbe\xf7\x10\x18;\xf7\xed\xd8\xb9\xc3_\xb5\
\x096%\xd5\xa0c\x1c\x00\xb8\xf5\x9ak\x9f\x8a\xf8\x93\
\x86E\x00\x82\x88\xa6\xa2\x85\x9e\xa2\xe2\x08\x00\xd0H\xc0\
\xecQ\xa2z\x7fi\x06<\xf0\xab\xeb\x17\x1c{\xda)\
\xfd\x1c\xa8Q\xf5\xf2\xfc\xca9\x00Z'N\xf88s\
9\x98\xcb\xc0\x98\x0bV\xf4\x15yF\x07\xf7(_\x00\
#m\xc0/\x19\xa6*\xeb\x08#@\xd4!\xa4\xf1z\
\xa5A\x886\xa4\xf3\x90\x01\xb5\x8dC\xdey\xd2y\x1f\
\xa9\xcf\xf7\xf5\xee\xc9\xf5\xf5\xee\xaa\xa9\x1b4\xd9\x81\xd3\
P:\x9a\x91\xfb\xc2\xdf\xff\xc2\xda\xe5\x0f~oH\xcb\
\xd7\x1e\x8b\xaa\xe8\x13C\x8a\xc4\xfb\x13\xf5\xfd\x00U\xad\
\x07\x08\xf6\xd8Ge\xf5\xc5\x09\xf3\xd9H!\x11|\x03\
\x15I\x00!0\x89@\xeb\xf5\xe9\xf6\xbd[\xb6\xe5z\
\xbb\xba^\xac\xa9o8\x0dD}\xd7CvFM?\
#d\xc7H\xef/\x1cr2\x19G#\x01h!\xb9\
\x12\x87 \x00\x0e&'\x0ee\xa4:\xb0\x03T\xd7\xd4\
\x0d\xba\xa0\xaa\xba\x11uM\x0c\xdce`.\xd3\xce\x17\
\xc9>\xccuwm\x5c\xfb\xf45']\xf0\xe6\xe1\xfa\
\x1b\xe1\x91/,\x04\xa60\x9b\xbd\x7f\xd0qq\x08 \
\xceb\x9e\x97\x90\x00AE9\x01)\x88\xedg\x0bO\
\x85\x85\x03\xe5\xb6\x03;v\xcd\x85p\xd1i\xce<_\
\xf8\xfd\xe6\xa4}/\x9c{$z@\xa7\x073{p\
\x99\xa4C\x1c~\x92`\x181\x03\xccs\xfcP\xa1t\
\x12\xfa$A\x9f\x88\x8e\x1b\x10\x19\x87\xed{6\xfc\xbc\
\xafg\x7f\xd7\xe1S\x8fj)}c\xd4\xe6\xb0\xec2\
>\x9f\x7f\xe0\xb1u\x08.\xe5-J{\xd9\xd6\xe3\x0e\
\xf5ub\xecO\x9c\x82\x11\xa8X\x02\x08@\x98\x1f\xa0\
\x84\x10^~z\xce\x1c\xcd\xbb/\xe3\xf8J%\x10\xb3\
\x00\xd1\xa1\xbb\xa0\xe1@0\xa3'\x86:\x8e&\x03\x89\
6\x84\x16\x01\x00\x5c\x98\x15\xe6\xe0\x1d_\xbb\x90\xc9E\
PdC\x13\x8e\x88#2\x9f\xefyz\xeb\xc6\xf9/\
\x02\xc0\xb8c\x8f\x1co}3\xfaJ(\xd6\xbf\xb4\xbc\
\x1b\xba\xa0\x06\x91\x00\xad\xf5\x17&\xfcA\xeb\x8e\xe5:\
q4\x01\x00IBPE\x13\x80\xe1\x01\x0e\xd2\x00l\
>\x00\x06\x80?\xfe\xa7\xdb7\x16r\x85-%1{\
\x80\xa8\xed\xfe\xe4\x1f\x22\xac\xc7\x84\x80j\xb5\xbb\xb5^\
\x99q\x7f\x04 5+H\x89.N\x8e\xa5BN\x8f\
\x95NA*\xfc\xd4\xbc\x10C\x86\x19\x00\xb0\xfe\xed\x9b\
\x96\xfcA\xbc\x83\xea\xda\xda\x86\xa0\xce\xbe\x0c\x986x\
T\x0f\x1f%\xfcQB\x1ewxp\x02\x82\xc4\x07\xe0\
\xa1$DD\xb6\x87\x86\x08\xbb\xdb\xdb\xe76\x0d\x1dz\
\x09\x0d\xcf)U_\xc8\x1f\x19\xe3OM\x02\xae\xef\x13\
\xe1<\x7f\xe6\x0f\xc3\x1c@I\xaf-\xd6\x1d\xd3\xac\xf0\
s\x07\x84\x9d\xcf\xb8\xae!Hs\xc5'\xa8\xee\xce\xfd\
\xb7\x1d\xd8\xb7q\xa7|v\x87\xa6\xdeD\xbc\xb5\xf0m\
%\xea\xf6u\x8f\xdf\xbbHj'\xa1s\x06x\xf7G\
\x07<\x05\x1d\x9b\xef\xef_\xf0\xf3\xcf\x7f\xfe\xfd\x08O\
\x09\xa6\xeb\x89\x1f\xc0GEk\x00\x01\xb09\x02\x83\xb4\
\x00\xb6k\xfd\x869J\xb0\x98\xd2\x02hoK\xec}\
\xcf\xb9'\x22\x01\xacdR\x10I\x0c\xb4\xdc\x17\xc94\
\x14\xce=\x11.\x94\xd1\x07&B\x7f\xb4\x88\x08q\x1e\
\x0aS\x80<\x19\x07\xe0\xba\xc5\xad\x1b\xd7<\xf3\xbf\xc6\
3\x1f\x0a\xc4*\xce\x11\xf5\x07\xd0wp\xfbq\x9c\xc7\
\x1d\x12\x9ch\x00\x06*\x9e\x00b\x9a\x01\xe6\xa85\xe9\
\x07x\xf2\x96;_p\x8b\xc5v\xe5\x03\xe4\xba\xe0\x1a\
\xe1>j.0*\x98F\x0f.\xa6\xf7\x91\xb3\x08\xd1\
^\x9f)\xe2\x90\x0b\xd4\x94a\x10f\x02M+\x16D\
\xc3\xa8\xb3\x91\xb3\xfd\xbb\xd7_[\xc8\xf7\xe6\x8d\xe7\x8d\
F|\x9a\xd0z\xdf\xd0\xd3x\x8c\xf5\xf0\xebD9\xfe\
\x10\xf0\xbdbQ\xf1\x04@\x10W\xed\xd7\x22\x01\x9b\x97\
\xaf\xec]\xfe\xf4\xdc/0\x97\x154;\x9d\xca2\xd1\
\x0e4\xcf=\x94*+\xae@r}\x94\x0d\xaf\xcd\x02\
LM\x00H\x8d\x80\xcbIC\xc9\xb9$\xe4\xc8K\x08\
\x86\xa3\xa7{\xff-[_]\xb0\x98>\x0f\x00\x9er\
R\x07\xa5\x05\xf0R\x89\x1dX\xef\xcb\x03\xbf\xd8\xd2\x93\
\xe2x\xfd\x13\xc17\x90\x10@0\xe2:\x03\xd9\xdf~\
p\xed\xc2\xedk\xd6\xfdD\x8e\xea\xd3\x12t\x0c\x07\xa1\
t\xdcA\x13~\xa3\x96\xbf&\xf0\xa6Y\xc1\x0c!/\
\x1d(\xc4\xc9\xf1\x80\xa9)pp\xe4z\xbb\xef_\xf3\
\xd2\x837\xc3Bj\xd67a[\x07\x02\xd5\xf2\xb2\xde\
2=/(\xda\xc0m\x9f\xda1au\x01\x92\x11\x83\
\x01H\x9c\x80\xa5\x10\xbf*\xd3\x19\x18\x96\x19\xc8n\xfc\
\xfc\x97\xff\xf7K\xb7\xfe\xe9\xe8\xfa\xe6\xe6\x8be\xe5_\
\xe5\x19,\x15P\xc6A\x87\xffj\x83}\x84Y \x9c\
\x81\x9a\x99\x00\xb2M\x11\x8c\xaer\xf8\xc7\x88\xa8\x03!\
\x0d\xc6P\xe8\xe9\xd8{\xfd\xea\xa5\x0f\xde\xc9\xf5\xa1}\
\xc2\x01\x0a8NL9\xe6\xda*7\xb7\x95\x92'v\
n\xdc|\xa3$/\xc6\xc1\x18sDT\xa3\xa9\xb9\xf9\
\xb8\xea\xba\xba\x19\xa1\xd7\xb1l\xe3\xf1\x92\x87\x12X\x90\
\x10\x00\xac\xa9\xc1 \xebf\xef\xef `\x98\xf0\xcd_\
\xbd\xf2\x9aK\x7f}\xdd\x11\xd9\xea\x9a\x19\xfa\xe8=\xd3\
7`\xaa\xf2$\xb4'C\x85\x5c\xee\x16!B\xe9\xdc\
\xd3j\xf6\xc1\xd0\x0a\xa0\xda\x13\xff\x18\x07g\xee\x81\xfe\
\xde\xce'wlx\xe9\xf6=;\xd6\xec \xf7- \
\x9f\xdfq\xa2:r\xfd\xd4\x00\xc7\x81Uj\xaf\xfd\xe4\
\x17n0\xae)>\x9d/\xfc\xf2Zg\xc4\x98\xba\x19\
Qz\x84ibp\xbd-\xd9\x1e\xc2\xfd\x00\x09\x90\x98\
\x00A\xe0\x11\x8b\xb5lX\xc7\xee=\xb9\x07\x7f\xfb\xfb\
\xaf\xb8\x85\xe2.\x99\xec\xc3ta\xe7\x81\xaa\xba\xae\xb6\
\x0b\x22\xe0bV^\xcd\xbf\xc0\xc1\x18\x8d8@k\x83\
kD\xe1\x91\xc0\x86\x15s?\xbe\xec\xb9\xbb\x7f\xbag\
\xc7\x9a\xed\x01\xf7/}\x00\x9d\xfb\xdaw\x98/#\xfe\
k+\xeb=\xc6h\xda\xd4+BM\x8e\xa8\xba\x00\x09\
\x09\x18H\x08\xa0\x14\xa6Z\x5c\x0e\x11\xf0\x95s\x9f\xdb\
\xb7\xf8\x91\x7f~\x85q\xde\xcfTh\x80z\xde\x89W\
\x9e\x0c\xe0\x01\x93\xea\xbd`\x00j\xe6Jm@|3\
\x09\x05:\xe1H\x7f\x82\xaa\x1f\x16U\x96[.\xfb\xb6\
\xef\xda6 /\xa0n\xa7\xc7q\xaajD0P\xff\
\x81\x8f\x01\x87\x1d+\x19\x09\x01\xf8\x88Q3\xd0&\xfc\
\xd6}\x8f\xdf\xfc\xe7\xe5\x9b^~\xe5G\xd4+\xafB\
sPE<Do\x0f\xda\xe3\x133\x9e\x8c\xc3\x17Y\
\x85\x9e\xcd\xef\x94\x98\x16\xde\x18;\xc9\x00J\x8b\xe0b\
\x04\x22\x00\xdd\xd9\x17\xb8\xcc\xb9\xe7\xe1\xc0j>\xc1\x92\
\xaao\xbc\xe0\xb2\x0fOD<\x120\x1a\x08\xf38\xc6\
\x22\x898!\xbf\x84\x18|$\x04`\x87\xf9\x03-\xbb\
7\xfb\xdb\x0f~\xf8`oG\xe7s\xb4\xb8\xa69\xc0\
\xa7D\xed'\xdb\xe94`\xcc\xbf\xb4r\x9e\x89RD\
\xca\x0c\x90~\x00\x80\x98\x06j\x14BUu}-t\
\xe2\x0a$\x83\xd5\x0b\x96v0\x97ukO^&\x1a\
\x87\x0cn\x88zG\xe6w'\xe5\x94\xfa\x11y\x8c[\
\xd0\x13\x81\x80D\xc0c#!\x00\x82\x00-\xa0\x5c\xe1\
\x97K\xa6\xaa\xba\xc5\xb4\xf1\xb9a\x02\x80\xab\x04\x1e:\
(\x88\xd3\x5cbY\x11H\xec#=?5\x01\xa8\xdd\
\xcf!\x1d\x80`\x1c\x8e\xa3=C\x98&\xc0\x01\xb0\x9e\
\x8e\xceE%o!P\x12Kw8*\x92\x10F\xa2\
\xb6\xfd\xe5c\xe0gV<\x12\x02\x08\x87\xf9\xa3\xa5\xeb\
\xa1\xcb\xe8\xa3\x8ejHg\xab\xc6iIA \x82\x0b\
Z\x0d\x08%y\xee\x8e<\x96+\x89\xa5ZD\x90\xe3\
P\x9e\xc7t\xcd\xc3K\xc2\x8b;3\x0f\xdb\xb7c\xf7\
\x8bQ/%L\xf0\xea\x1a\x1b\x1b\x11.\xe4\x16\x8d\x80\
\xeb{\xcd\xeb\x06RE\xc2\x00\x03EB\x00\x06\x8c:\
\x01\xf4\xd3\xb6-\xd0\x9b=\xed\xac\xb3\x8e\x05\xe7)\x95\
\xf3/lq\x92\xd3/\xc9\x81\x11\x13\x81\x92\x01T>\
\x80\xc5\x89\xa8\x85\x16e\xdb\x8c\x10\x05 \x06\x19\x89\xa8\
\x22YB\xa7\xe6Z=\x7f\xc9\x8b\xf4\xb1BE\xcc\xb2\
s\xf8amG\x86\x1cm\xd7\xb4\xb8\xfd\xe0D\xbe_\
;$\x04\x10\x1fQ*\xab\xf6}\xe8\xe8\xd1S\xe5\x04\
\x1d\xd2&\x17G\x96&\xf1(\xff\x80\xb0\xdd\xfd&9\
\xd3z~M\x0b`\x944\xa0\xbaH\x9ak \x86\x0b\
{*\xb9\xcd\x04\xb0\x11\x82{\xe7\x0f\x7f\xb3\xaa\x98/\
\xec@\x00\x0e\xb1L&\x22\xfeoBB\x00\xf1P\xf6\
\x0f\xb4~\xd0\xa0)\x9e\xc0\x1a\x1e{:!(\xf4\x9e\
\x9a\xf8\xee\xb4\xfc\x7f\x88\x10\x1fu\xee\x91E\x1b\xfd'\
\xac\x02\xc6\x89\x06 6\xc4s\x02\x8a\xed\xdb\xd7m\xbc\
=\xec\xd1\xc3^J\xf3\x88a3Q~=\xbf\xd7\xe0\
/\x91 \x0c\x09\x01\xbc\x06H\xa5\xd3NUu\xddd\
}z/\xa2\xde\x8b\x9e\xd9\xfcd\xca\xa1\xe7\xd9\xfc\xbe\
\xe0\x8b^\x9c\x8c+P%\xc8Pb\x1e\xd0\x09DE\
d0\x9f\xeb\xed\x06\xca2\x03\xd8\xdf~v\xfd\xbd\xde\
\x13\xd9\xcdt\xed\xbb\xf1\x99J\xa7\x1a\xc9QQUz\
\xb5}\xb1d<!\x82C\x82\x84\x00,8\xd8Z\xf1\
']t\xd1X8\x18$\xe3\xfeT\xf0\xb9\x12h\xa1\
\x9e\x8b\xe2\xa0\x0e U{Q+\x80\xc6\xf9\xa5\x96\xe0\
\x1f\xa7\x0d&\x12\xed\x12\xa7\xa3\xe2\x07\xe9\x04\x8c#\xfc\
\xae\xbf\xb0\x97\x9f\x9d\xdf\xd1\xb9\xb7}V,\xaf\x9f\x81\
\xea\xda\xda\x89\xfejX\x95\xde\xd0\xb0]\xec\xab\xc5\x1e\
\xbb\x90\xc0DB\x00\x16X\xea\xc4\xc5I&\x91\xdf\xc7\
\x1c{\xec4\xb3\xb7\xd7\xd5v\xe2\x12 Q\x00\xa6\x99\
\x0a\xdeN\xf9\x1dL\x91\x07\x1dZ\x0c\xa3\xf7\x17\x1a\x03\
))\xae\x1d\x5cj\xfb\x07\x91\x81\x0b\x80\xddt\xd5\x8f\
~$s\x02\xe2\xc2\x17\xc7\x0f\x5c\xf9\x85\xe3P~\xb1\
\xce\xf2\xa0\xfb)\x0f>\xa4XaH\x08 >\x82\x86\
\x91\x96\xa4\xa066\x0f\x9d*\x1d\x7f\x9am\xafTv\
\xbd\x07\xf7\x8eQu\xfc\xfc\xf3\xb4\xc4!\xdd\xf9's\
\x08H>\x80\xc8\x1f(\x19\x13P*\x0e6\x87\xa0\x8d\
\x08\xdce\xcf\xbc\xd0\xb1}\xfd\xc6\xdfY[\x88\xd86\
~\xda\xe47\x19\xef(\x94\x042\xd9lcD\x22`\
\xf4=D8gc\xb6\x5c1H\x08 \x1aA\xb5\xe5\
\xe8w\x8d\x14\xaa\xea\xea\xa7\x96&\xedp\x98%\xc1\xb5\
\xaa\xbdL\x17\x5c\xfd<!\xf8\x22\xe1\xc7/F.}\
\x08\x22#P$\x02\xe8f\x028G\xae\xbf\xcb\xe6\x03\
\x88\xe5\x0b\xf8\xce\x85\x1f\xbb\xa5\xaf\xbbga\xb9/n\
h\xdb\xc8\xf3\xc7O;\xb6\x11\xb0\xe6\xe6\x97\xf4\xf8\x8d\
\xcd\x83g\x06\x87\xfa\xf5-\x01\x11\xc3\xc8\xf0l\x02\x1d\
\x09\x01\xc4G\x90\x0d\xab\xfd\xa8['L\xa8\xcfd\xb3\
\x13Tv\x1e\x93\xd9x\xa2W\xe7\x10\x93r\x82$\xea\
\x10\x7f\x01\xa0\x85\xf9\x94\x1d\x0f9\xccW\x8c\x1b\x00\xa0\
U\x14.\xad\x0f \xfc\x03\x22\x7fX\x13\x92\xc00\xa0\
\xb1\xb0\x1b\xbe\xf6\x83\xcf\x16\x0b\xc5\xedZ\x0b\x11H\xa5\
R\x0d\xef\xfd\xd2\xa7/1\xde\xa1u\xd0\xceI\xe7\x9c\
\xd5ZUS3\xb1\xa4\xfd\xf8\x22\x1c&\xf4\x89i\x10\
\x80\x84\x00\x82\x11e\x9fZU\xd9\x99\xe7\x9c;\x05@\
J\xf4\xdcLu\xca$\xc4\x07%\xf8\x96\x9c\x00\xbd\xb7\
\xe7\xb2\x06\xa0\xae\x09@\x0f\x152j\x0a\xf8\xd7&Z\
\x84[\xcc\x15a\xef!m\xf5\x0eK\xc8\xe0\xa5\xa7\x9f\
?0\xf7\x1f\x0f}\x8e\xb1p\x7f\x80\x99\xcd\xd3r\xf8\
\xd8O~\xf6\xba\x1f\xbc=\xe0\xbd\xc9\xd3\xcez\xff{\
\xbfl4\x14\xf4\xa54=I\xc6Jm\xd9\x85\x89\xd0\
\x87!!\x00\x03!\x13EDU\x9eu\x00`\xe8\xe8\
\xc3\xa6\xca\xbc|\xeeU\xd8V\x8e8}J.:+\
\xb0r\x1a\x92(\x01\x1d\x1f\x00s\x1f\x9dc\x90\x91\xe3\
u-B\x90B_o{\x9f\x7f\xbf\x032\x03\x00\xb0\
[\xbf\x7f\xdd\x8ag\xfe6\xfb#\x92\x04\x22\xd5ro\
\xcb\xc4\x19S\xbe\xfb\xfd\xbf\xfd\xe9\xbfO\xb9\xf0\xbcV\
\xf3\x88\x93\xdf\xf6\xd6\xd6o\xdfv\xe3O\x1b\x065\x9d\
\x1e\x18m\xb0\x86\x1aK\x18\x22\xca\xd6O\x88\xc0\x82\xa4\
\x22P4\xc2\xa6\x95*!\x85\x9a\xfa\x86i\xaa|7\
\xa4\x00\xaa\xf4_\x10U\x80\x08\xba\xec\xcd8\xe5\x0a\xd5\
\xc91\xa5:\xc8\xf0\x22\x14\xafhQ\x07-*\xc0\xc1\
9\xcf\xf9\xf7k\xeb\x19M\x22\x10\xcf&L\x06\xfa\xbc\
\xb8\xfd\x07\xbf\x5c\xfe\xd23\xcf\x9f\xf5\x99\x9f\x7f\xf7/\
\x99l\xd5$\xd1\x02\xd7\x9aD\xc9\xb7\xa6aC\xdf~\
\xf1\x15\x97\xbd\xfd\xed\x9f\xfc\xd0\x9ab\xa1\xd8\xcd9G\
\x0a\xa9\xc6lu\xf5D:!j)\xca\xf2\xe1%\xb6\
\x7f\x99H4\x80p\x84\x15\x93\xb4.\xd9\xda\x9a\xa9R\
\xc8IYo\xcd\xf9\xc7u2P\x0eBf\x9a\x05\x05\
%\xe0\xfa\x18\x02a\xdc\xeb\xb5\x05\xf4Ta\x8f\x848\
8\xe3y\xe3\xb9\xc2H 0$(\x96\x97\xe7\xcc\xef\
\xb8\xfc\xc4\xf3\xdf\xb5{\xf3\xb6?\x04J\x1b\xd5\x0e\xc8\
jUM\xcd\x91\xb5\x0d\xf53k\xeb\xebgV\xd5\xd6\
L\xb4\x9cX\xb2\xa5X(\xec\x5c\xfa\xcc\x9c\xcf\xf4\xf7\
\xf6.\xe6\xc1$\x13%\xf4\x81a\xc6J\x9e\x1e,!\
\x00;\xe2L.Q\x22\xfc'^p\xe1\xd8\x94\x93j\
\x16\xf9\xff\x9a\xe0\x03\xba\xb3\x8e\xd8\xfd\xda\xe0\x1d\xff\xf8\
\x5c_\xef\xcb\x0b\xffy\xf7\x07\xddBa\xa7\x0c%\x82\
\x087=W\xfa\x0f\x00\x95\x05\x08IB\xe0\xac\x07\xf6\
\xf0X\x9c%\xd0?\xf0\xed\x8b>\xfa\xbb\xbf_w\xfd\
\xb9\x9d\xfb\xf6\xdf\x1f\xd6\xfb\x97\x80Gn\xf0^\x17s\
\xbbwo\xddv\xe3\x0f?v\xe9\x05\xf7\xdft\xf3\x8b\
\xab\x17/\xbe>\xe4\xac8=\x7f\xa0O\xa7RI \
!\x80\xf8\x88\xcads\xc6\x1c;y\x9a\x1a\xe2\xcbd\
\xde\xbf_\xfdV%\xf8\x10\xfb@~'\xa9\xbe\xcce\
\xbds\xfe~\xe37vm\x5c\xbd7\xd7\xdf\xbbV\x16\
\x0a%\x93\x8a*\xe1\xf6\xc9\x81N\x10*\x1c\x86r\x8a\
q\x96#\xcf\x11$$A\xda@\x90\xa3\x90\x03`\x8f\
\xdd\xf6\xf7\xad_?\xe7}\xdf\xfe\xfbu7\x9c\xb7\x7f\
\xe7\xee;\xb4\x01D1,p\x9b\xa7\xaeX(\xec\xd8\
\xfe\xea\x86\x9f\xdf\xfa\xc3\x9f\xbc\xfd\xf7_\xff\xe6\x1f\xc5\
\xf5\xee\xbf\xf1O/\x16r\xb95\xa1OQ\xba'\xaa\
,xEO\x14\x9a\xf8\x00\x08B2\x00#m\x7f\x00\
N\xe3\xd0a3\xa9*N\xbd\xf1\xb2w\x97u\x00\x18\
\xa4\x17\x80+S\x01\x1c\xe8\xeb\xeax\xbe\xaf\xab#\x07\
\x00\xfd=]k\xab\xab\xebNSRi:\xfbh\xc1\
Pu\x1d\xe5_\x00\x18\xe7\xd4\x01H?\x01\xbd\xe7\x0c\
\xdbO\x85_TF\x96x\xe2\xce\x7fl{\xe2\xce\x7f\
\x5c\x0b\xe0\xda\x8b\xaf\xb8\xf4\xa8\x093\xa6\x1c?x\xd8\
\xd0\x132U\xd9\xb6lU\xf5\x91%\xad\x120\xc6\xba\
\xf3\xbd\xb9U\x9d\xfb\xf6/\x5c\xbdh\xc9S\x0f\xddr\
\xfbj\xd8Uv\xfe\xf4=\xf7~\xb1\xed\xf0\xc3[\x01\
p'\x95b\x80\xc3\xfb\xba\xba;\x02ZO\xe6\x07\x8c\
@B\x00\xd1\x88e\xfb\x03p\xaa\xea\xea\xa6\x96d\xfa\
i\x09A\x90=\xb8\x18\xf1G\x05W\x9c\xb3\x7f\xc7\xa6\
\xa7\xfd-\xe8\xedl\xdf\xd4\xd4<\xb24\x81\x88\xc6\xf9\
e2\x11\xb1\xfb\xa5#\x91#*t\x17\x13qL\x05\
\x07\x80s\xcf\xafo\x5c\x05`\x15\x80\xdb\xc5\xc9\x93\x8e\
\x9b\xdex\xe29o\x99$C\x9b\x9e\xcb\x03w\xfc\xe4\
:\xb3\xf0Hhj\xf0\x82G\x1f\xdb\x0a`\x8bq]\
\x9a\xe3`#q\xf3o\xc8\xa1\x93\x80\x5c\x1f^5\xd3\
9\xd8\xb1 \xffIH\x08 \x18\xb1\xec~\xb1\xb4N\
\x98P\x97\xcdf'0\x97\x96\xea\xa2\x0e9\xbdWV\
\xc3\x7f\x0d\x8f=c\x85\xd5\x0b\x9e\x91Yw\x07vo\
\xdb<r\xcc$\xa5\xd2s\xa5)(\x87\xbfA82\
\xf1\xc8w*\xda\x09 \xee\x8f\xdc\xa6\xc8\xdb\x84?E\
\xf6\x95\x08\xef\xeaEK\x0f\xac^\xb4t\xbe\xe5\xbaT\
\x08m\xef>\xe8\x9e\xcc\xc5\xfc\xdbE\xfd\xdd\xe8}V\
\x8c\xc0\x9bH|\x00\xa5\x08J\x00\x0a%\x81\xe9g\x9d\
3\x95s'%Uz\xda#\xd3\x9c|s\x180W\
\xe9\xc0\x1c\x1c\xf9\xbe\xbe\xe5\xbd]\x07\xa4\xcd\xbes\xc3\
\xcamb\x06\x1f1$\x18\xc2\x84\x90\xc2\xee\xedU\xac\
 \xae\xe9\xc0\xb3\x10\xdc\xee\x80\xe7\x8c\xfb>\xc2\x10\xc7\
w\x10:\xea\xd0\xf2\xdd\xfc\x0c\xac\xc0\x1cr\xafq\x07\
!\x95\x9c[I\xbe\x80D\x03\xf0QF\x02\x90m\x1f\
\x86\x8c\x1e5\x95\xa6\xef2\xce\xc1D\x80\x5c:\xe7|\
\xbb_\x06\xf1E4\x00\xde\x17\x06tw\xec\xd7\x8aq\
\xe6\xfb{\x8bn\xb1\xb8\xd7\x813\x5c\x12\x0a\xa3Z\x86\
\xef84\xab\x0b\x01~y0\x06\xceX\x17\x82{\xb9\
\xb0\xc94\xa2\x84F ,Xo\x12\x84\xb9n^\xd3\
\xbc6Gi\x8f\x1d\xf6\x0cq\x04\xdf\x9a\x8dH\xaeS\
1H4\x80`\x04%\x00\x89%E\xbf\xd7\xd47L\
c\x5cU\xe7\x01\xe9\xe5E\x06\xaf\xf2\x0f\xa8p\x1f\x15\
d\x06`\xff\xf6\xcdK`\xf4pn\xb1\xb0\x93\x98\xce\
\xca\x8c\xf0\xf9\x85\xda\x04\xf2\xd2\x92$\x00V,v\x96\
\xf9\xcc\xd6g\x0c\xd9fu\xd8A\xd7\x08\xac9\x051\
\x16\x9b\x93\x12\x01\xf7\x90\xb2|\x9a\xdb\xe2j\x04\x15\x81\
\x84\x00\xec(;\x01\xa8\xaaF9\x00\xb9\xe6\x96\xd2\x87\
\xe52\xad\xc8\x87a\x020V\xdc\xf8\xca\x82\xb5\xc6\xbd\
p\xb7\x90\xdf\xa3\x9c{B\xf8\x99\x1e\x0a\xd4\x1c\x8bj\
\xf1\x08\xc8\xed\x08y\xce A2\x85\xc8\xb6\xad\x1c\x12\
\x08\x22\x84 \x81\x8f\xd2\x10\x82\xee?\x15\xb0\x04\x91\x80\
\xf5\x1a\x95b\x06$&\x80\x8er\x12\x80\xe4\xfa\x09\xe7\
_0\xd6q\x9cfN\xe6\xeb\xa3%\xbc\x1c\xd2\xd3\x03\
\xaa\xc8'\xf5\x17p\xc6Q\xc8\xf5\xaf\xeb\xeb\xee\x14Y\
{R\xe5-\x16\xf2\xfb\xb2UL\x0d$\xa2\xb3\x0as\
\xe6\x9b\x1a~\xc8\x91d\x05\x0a1r\x8b\xf9\x03e<\
7\xfdn\x0aT\x1av\x020as\xf4Q\xe1\xa7\xc7\
\x04\xa9\xf6q\xbc\xf9\xb4m \x1e\x09\x89I]\x83H\
\xa0\xa2L\x80\x84\x00\xa2\x11\xa9\x01\x8c>\xe6\xd8i\xda\
 \x1f!\xfc\xf0\xb4\x01\xd9\xeb\x83&\xfe\x18f\x018\
r\xbd\xdd\xcba\xf1\xba\x17s\xfd\xfbP\x07\xa3\x84\x18\
\xb1\x01\xc4\xecC\xc4\xe7\x00I\x10\x1c\xc5b~?m\
\x0f\xe1\xbd`\x9c\xde4\x85x\x02\x14\x96o`S\xeb\
\x81\xf0\xfb\x09\xb2\xdd\x85@3\xe3\xdc \x0d\xc4\x16\x11\
\xa8H$\x04\x80C\x90\x004d\xe8TY\xd7\x8f\xaa\
\xf9~~?h\xaf,\xd4x-\x95\xd7\xd3\x00z\x0e\
\xec\x17s\xf2i=Z\xb1\x90\xeb2}\x064\xad\x18\
\x10\xd7\xe3\xca4\x90\x9a\x07\x87[\xcc\x05\x99\x00\xf4\xd9\
\xe8w\x9b\xfa\x9f\x86]\x9d\xa60\x05\xde&\x5c6\x15\
?\xcc\xc1\x17\xf8\xdeC\xda3\xef'\x0e\x11\x00\x15H\
\x04\x09\x01\x04#\xb6W\xb9\xba\xaen\xaa\xb2\xb9\xc5\xd0\
<\xa8\x1e\x9a:\x05\x89\xe0\xeb\xf6:\xb0w\xeb\x86\x95\
\xb0i\x00\x85|\xb7\xe604\xc2}\x9cq\xaf\x9c\x18\
\x00\x99\x18HL\x8c\x5c\xff\x81\xbd\xb0\xf7\xb4A\xbdm\
\x0a\x80\xf3?\xb3\xff\xfc\xde\xe1\xa3\xdb\xde\xcd9\x07w\
]\xc7\xd3f\xb8\xe3G4\x1cIb\xe4\xb9\xbcKz\
\x9f\xb7|\xff\xda\xcf\xbd\xf2\xdc\x8b\x1d\xa4\xed89\x00\
\xda;\xbf\xe2\xba\x9f}\xae\xb6\xa1\xfe$\xff\x1a\x8ey\
=\xad\x96\x82\x0c\xb0xT\xcc9\xc7\xfa\x97\x96^\xfd\
\xc8\x1d\xb7-\x83%a\x09\xa5Z\x80\xf9\xf9\xbaGB\
\x00\xa5\x08\xb3\xfbK\x96\xe1c\xc6\xd6d2U\x93\x18\
c\xb2>\x1f#\x83s\x94\xca\xae{\xed}k]\x85\
\xf18\xeb\xdf\xbcz\xa9\xc8p\xd3\xee\xa7\x90\xcfuK\
\x221'\x1a\x95\xe7\x13\xbb\xdf(?\xd0\xdd\xbdc_\
\x99\xcf\xec\x00H\xd556\x8c\xae\xae\xad9Qe \
B\x178\x0b\x01\xd0\xcf7\xbd\xe7\xa2\x13_y\xee\xc5\
\xc7\x10_\xa0J\xfc\x10MC\x9a\xdf\x99J\xa5\xda\xe8\
\xa0'F\x93\xa28/\x1d\x07A\xb6\xd7\xd474A\
\xd9\xfd6\xe1\xb7\xddCE\x08?\x90D\x01(la\
? \x9c\x040\xfd\xecs\xa6\x00H+\xc1\x13\xf6\xbd\
\x97\xf7\xaf\xe5\x01\x80\x0a/T.\x008\x8a\xfd\xb95\
n!\xef\xfa\xd7\xd2l\xe4B\x7fo7\x9d\x08\xc4\xfc\
\xc1\xcbvD}@\xa1\x06\x80\x83s\xd6^,\xf6\x17\
b<w\xa9\xdd\xef\xcd\xba\xab\xa3\x0c\xd1h=|\xcc\
YA\xef-\xce\xf6\xb7\x7f\xfc\xa3G\xa73\x99\xb6\xd8\
\x17\xb4\xdc\x1bg\xae\xe9\xb30\x9d\x97I\x180\x81\x15\
\xb1\x1ceCG\x8d\x9e\xea\x8b\x1aQ\xf5E\x09o\x94\
L\x0d\xce\xc9T_r\xe2\x10\xc6\xd1\xdf\xdb\xb9\x0av\
\xdb\x18\xb9\xbe\xdenE\x22\x84\x19\xc8\xe0\x22Q!\x84\
\x13R\xe1\x0c\xe0.\xdbk\xdc\xbb\x19K\x0fz^\x87\
\xd9\x08 \x04\xe6X\xfd\xda\x86\x86\x13\x80@\xed\x09!\
\xfbR\x00\x9c\xc3&M<\xc9\x94jn\xae\xf1pN\
\xe2j\xea\xf0\xa0\xd0eE\x0a\xbe@\xc5\x13@\x80\x03\
0\xcc\xf9\xa7\xfd\x88\xea\x1a\x9b\xa6\x89z\xfc\x0c\xaa^\
\x7f\xe9\xd4]\xf0\x05\xd4Q~\x0120\xa8\xa7\xa3}\
\x95\x7f\xad\x12gU\xbe\xbf\xbbG\xba\x16\x18\x8d\xffC\
\x92\x8b\x98\x82\x0c\x22\xd2 \x93\x90\xdc=F{\x08x\
\xdeR!d\x84\x00J\xac\xf7 \xc1T[\xd2\xd9L\
\xdb\xc5_\xb8\xec\x98\x90k\x84\xe5\x1f8\x8d\xcd\xcd'\
Z\xf3\x09Ki \x10\xdc{\x86\xb0$ X>\x83\
~\x1b\xaf;T<\x01\x18\x08R\xfd\xc5g\xc9\x92\xad\
\xad\x9d\x0a\xa6\xd2~5\xe1\x87\xe8\x91U\x9c\x1e\x22=\
WK\xec\xe1\xd8\xbbm\xc3J\x04\xe4\xbc\xe7\xfa\xba\xfb\
\xb5\x8a?\xa4\x9c8\xd5,\x84\xfb\x0b\xfePcp\x0e\
\xc6\xdc\x9de>\xbf\x14\x18\xc6\x824\x00\xae\xadrs\
\x1b\xf9v\xc4\xd4cND\xfcD\x22\x8d\x08\xea\x1a\xea\
\xcf\x0c\xbdv\x18dt\x84\x0dH\xf8+\x05\x09\x01(\
\xc4u\xfe\xc9\xed3\xce>w\x94\x83\xd40Fzd\
n\x0c\x00\xa2\xa3\x02\xcd\xc4\x1fa\x1e0\xc6\xbb7\xaf\
\x5c\xbc\xc5o\xdb\xec\xade\xd2\x80V\xea\x8b\x84\xfc\x94\
v\xe0\xdf\x87l\x85\x83\xb9y:\xc3o\x90\xf4\xc4\xb4\
\x89u%\x22H\xa5\xa0\xda\xc1\xd0\x96\x91oF\xa9\x0d\
\x1e\xb9|\xe8\xaa\xaf\x9fUz\xf5(\xad#\xf4o\x1b\
d\xcaU4\x12\x02\xf0\xe0\x84l\x0bTY\xc7L\x9e\
2M\x0a!\x00\xaf\xf4>\x09\xd1i\xd1\x00\x90_\xac\
>p\xa7\x90\xeb[\xcd\xe5\xc9\xa5\x8b[,\x144\x1f\
\x83p.\xd2\xf1\xff\xa6\x06\xe2g%\x16\x8b\xb9\x1d(\
%\x940\x22\x90\xeb\x1cq}\x00\xc1\x82YSWw\
\xfc\xa4\xe3\xa6\x0fB\xb4\xd0\xd3<\x83\xd4\xb0Q-'\
\xe8m\xc5\x15~\xe38\xe5\x03\x08#\xb8\xa0\xf5\xd7=\
*\x9a\x00\x0eA\x02\xd041@GL\x00`N\xcb\
%\xb7\xd1Y\x81\xe8\x14\xe1\x9c#\xd7\xdb#\xe2\xff\xb6\
\x05\xbd]\xfb\xfb\xa9f\xa1\x84\x1e\x00\xf3\x12~\xd4\xf0\
b&'\x08\x02\xe7(\x16\xfa\xb6\x97\xf9Z\xcaw\x8e\
\x99v\xba\xb1~\xc6\xc5\x17\x9c\x08C\xc0\x11 \xf8\xe2\
{\xc3\xa0\xc1o\x8e\xbc^\x9c[S\x04`{\xb6\x8a\
\x15|\x81\x8a&\x80\x00\x94\x91\x00T?Mz\xdb\xb9\
\x12h\x91\x88\xe3\x11\x03\x97)\xbcB\x1b`\x86\xa9\xd0\
\xb5\x7f\x0fMT\x09$\x02\x9a\xfa\xab*\x0e\x93\xec@\
\xa9i\xa8\xd8|\xae\xff\x800\x01\xc2z~+8c\
R(\x0c\xdf\x1b=*\xe2;0r\xeca\xc7\xfb\xef\
,\x0d]\xe0\xd3\xb6\xcf\x93\xcf}\xeb\xe8L6\xd3\x1a\
\xdej\xc0e\x83o4H\xc0+R\xf0\x05\x12\x02P\
(+\x01\xa8\xb9\xa5\xb5:\x93\xcdN\xd2f\xe4\xf1g\
\x02\xe2$$'+\xffh\xe1@E\x16\x9cs\xb6e\
\xd5\x92\xa5\x88 \x00\x99\x04CS\x82!\x12~\x18\xb4\
<\x01\x95\x81\x98\xef\xec\xda$L\x00\x01[\x7fm{\
\x17\x03\x12\x0cn\xb9R\xd3\xd0\xe63\x11<\xba\xb0d\
\x8c\xc1\xf43N=3*\xbcW\xc6\xfd\x04\xf5\xf8\x09\
\x90\x10\x00\x10?\x01H[?\xee\xbc\xf3\xa7p8Y\
\xcd;\x0f=\x0dXN\xe0A2\xe9\xa4\xc7^\x0c\xd4\
\xc9\xe77\xec\xdb\xb1\xb1\x03\x90\x99j\x01\xbd?J'\
\x00\x91\x19q\xd0\xb5\x005\x0cx+\xe3.\x1d \xc3\
\x03>\x83\x11\xaa7\xc4\x13\xd1L6\xdbz\xca\x85\xe7\
\x8dF\x0c\xe1\x07\x90\x1a4l\xd8\xf1\xb1\x1a\xe61\xb6\
\x1f\x0a\x16y\x1d#!\x00;\x82\x1cEr\x19\xd26\
j\x1a\xad\xc5/M\x01\xdb\x0c@r \x10\x93\x9a\x80\
\xc8\xd8\xe9\xef\xebY\x880\xb5\xdf\x03\xd7\x06\x12Q\x12\
P\xc9\x00\x8a\x14|5\x98\xb1\xe2\xe6\x80\xf6(x\xcc\
m\xd4\x87Y6N8\xfb\xcc\xd8Z@}S\xe3\x19\
\xdau\x03\xe9J\xe3GK\x8c\x22A\x14*\x96\x00B\
\x12\x80B\xb3\xe3\xc4R\xd3\xd04M9\xde\x1cU\xa6\
\x8b\x08\xa36\xe9\x07\x94\x09\xafB\x82@\xc7\xae\xeds\
\x11m\xffs\xe9T4\xcb\x81\xf9\xb6\xbe\x1aW\xa4\x8e\
s\x8b\xc5M\xe4Y\xc2z\xff\x81\xf5\xf1e\xc8\xd8\x90\
\x96\x11\xc7!F\xf8\xef\xfd_\xfb\xd2\x9bd\xd3\xb1\xdb\
\x1fpx\xb0\xe2\x91\x0c\x06\xb2#\xd2\x0fPU[;\
U\xb7\xb9\xfd\x1eZN\xfc\xa1\x8f\xd9W\x03f\x84\xdd\
\x0ep\xd7\xcd\xad[\xf2\xecb\x04\xf7\xd2\x1c\x00\xea\x9b\
\x86\xd7Kb\x81j\x9f\xda\xc9\x0e\xb9\x9eLBb\xc5\
\xbd\xb4\x1d\xd8\x85?\x08\xb1\x5c~q\xd10x\xd0\xe9\
P\xbd\xbf\xf9\xac\xf2\xbd\x8e<lt<\xf5\xff\x90\xdd\
Ye\xa3b5\x00\x03q=\xff\x00\xe0L;\xeb\x9c\
Q\x8e\x93\x1a&\xf3\xeei\xb1N\x90\x1a\x80\x80_\xa1\
G\xf2\x03\x91~\x8e|\x7f\xef<\xbf\x02p\x90\xfa\xcf\
\x01 \x95J9b\x88\x81\x98\x15X\xc5\xfbu\x12\xa2\
\xf7\xc4X\xd1V\x0c\x94\xc7X\x0f\xc5@E\xed#\xdf\
\xfd\xda\x9b\x10Q\x5c\xa4i\xe8\x903\xac'\x87]\xd4\
Bk\xe5i\x10\x95\x8bJ'\x80(\x0f\xb1\x95\x08\xc6\
\xfa\x15\x80d\xb8\x0dJ\xf0D\x5c^\x0e[%j\xb9\
\x91\x1b\xc06\xafZr\x03b\xa8\xff\xd9\xea\xfa\x1a\xbd\
\xe2\x0f|m\xc0\xaf\x03\xa0\xdc\x00\x9av\xe0\x13\x80\x80\
I,\xb6u\x03dW\x10\x8dD\xe9\x14\xc4q\xd02\
v\xccq\xe4=\x96\xf8\x03\x8e{\xcb\x99\xa32\xd9l\
K\xe8_,:\xea\x18wg\x02$\x04`C\xd4\x08\
@\xd47\x0f#S\x80\x97\xaa\xde\xb42\xb0V\xfb\x1f\
\xc2\x14\x00\xfa{\xbb\x1eY\xb7d\xee:\x84\x0b?\x00\
\xf0L\xb6&\xe3\x88L?\xe2h\xf4\x84^E\x14`\
\xe4#\xb8nAT\x03\x8e+\x09\x01~\xb42\x05)\
\xe0\xbc\xe6\x11\xc3O\x87\xbd\xaaP\x0a\x803\xf9\x8d'\
\xcd\xb4]-\xd7\xd7\xb7\xfe5\xf9K'H\x08\xc0G\
\x90\x16`O\x00\xaa\xaf\x9b\xc6\x01m\xb2N9\xde_\
\x9b\xee\xcb\xf0\x11\xf8\xd1\x02p\x9e_\xbf\xf4\xb9?\x22\
\x86\xf7\x1f\x00\xb2U5\xf5\x9e\x09 \x88\x84\x16\xe4P\
\xa1F\x0eF\xae\x09\xb8,OM\x80r\xec\xff@\xf4\
\xf7\xf4\xae\x0b\xdc\x19b\x5cp\x00\x99\xaal\xcb\x09o\
}s\x1b,\xc2\x0f \xd52\xf6\xb0\xd3m\xcd\xee\xdf\
\xb5{N\xe8\xb5\x12\x0c\x18\x15I\x00\x01\xc3<\xc3F\
\x87\xc9m\x83G\xb6\xd6d2U\x93h\x01P\xe5\x91\
W\x1a\x81\x98\x0f@9\x01!\x89\xa1\xa7c\xff?6\
\xaf\x5c\xbc\x1d\xa5j\xb8\x95\x08\xd2\xe9\xaa*Y]\x98\
\x94\x11\x13\xd7q\xc4D#4\xe7\x80s\x14\x8b}]\
\xc63\x1e4\x19\xb8\x05\xb7\xbb\x84\x04B\x0c\x08s\xed\
\xc4s\xde,\xb4\x80\x12\x12\xa8kl\x9ci\xb6\xd7\xdb\
\xd5\xf5\x12\xcc1\x09\x89\xf0\x1f2T$\x01\xc4@\x90\
S\x103\xdez\xee\xd1\x00\xb2\xe6\x14_\x22\x04(+\
\xf4\xc8\xf8<\x0d\xfbqp\xc6zW-x\xf2\xcf\xb0\
\x0b?\xc86\xb9\x9e\xceT\xd5\xd3\xd9\x80\xa8\xb3Of\
\x1cJ2\x12\xdb9\x0a\xc5\x9e0\x13`\xc0b\xb4e\
\xf5\xfaG\xa2\x8f\xb27?\xa4e\xe4\x0cX\xea*\x5c\
\xf0\xc9\x8f\xceL\xa5\xd3\xf5\xe6Y{\xb6n\x9b;\xa0\
\x9bNH\x22\x16\x12\x02\x08\xcf\xfe+\xc9\x0b\x18\xda6\
z\x1a\xede\xb5\xe9\xbf\xfc)\xbeD\xcd:3k\x8f\
s\x8eb\xae\x7f\xe5\xaeMkh\x99nS\xf0K\x88\
 \x9d\xce6\xa8\xb6@2\x0a\x95\x7fAL\xabAk\
\x11\xf4\xe7\xf7w\x22\xba\xd7\x0fq\x02Z\x8e\x04\xb0\xe2\
\x85EK\xcay\xc1\xb4\xf1\xa6!\xcd\xa7Z\xde\xafs\
\xc4\xd4\xc9\xa7\xd9(p\xfd\xcb\xaf,-\xfb\x22\xf1v\
$@B\x00\x14q\xa2\x01\xc8\xd6\xd6\x8eU\xbd.\x94\
\x90\x93\x19z\x1cQ\x19\x88\xa9cDa\xd0T:\x1b\
T\xe3.\xd0\xbf\x9dJg\x1b\xcc\x22\xa0%5\x02\xa1\
4\x11\xcf?\xc1z\x18+\xb0\x88k\xc4\xdd\xa7\xe1\xc1\
\x1bn_W\xc8\xe5v\xe9'\xf3\x80\xc6J\x9b}\xff\
\xd7\xbfp\x9a\xf1^\x9d\xa6!\xcd3\xcc\xc3\x8b\xf9\xdc\
\xae\xb9\xf7?\xb0.\xb0M\x9e\x88\xf7\xc1\x22!\x00\x0f\
q\x07\x898\xe9tv\x886\xe0\x86L\xd9\xad\x84\xd2\
1\xe2\xf4\xfePa\xc6\xe1\xa4R#\xab\xeb\x1a3(\
#\x06\x9fJe\x1aT:\xb1w\xb86\xa8\x08\x80L\
\x12R#\x05m\xbd\x7f\xac\xeb\x95\xc0rt\xe7\xbe\x03\
K\x82w\x877\xdf6\xfe\xf0\xe9 \xc2?\xe3M\xa7\
\xb7T\xd7\xd6\x8e7\xcf\xeb>\xd0\xb1\x14\x80\xa3?\x05\
\x8fy\x95\x04qP\xe9\x04\xe0D\xec+\xc9\x13H\xa5\
R\xcd*\xd4N\xedrQ\x08\x94z\xfd9\x1c\xf8\x84\
 5\x04\x9e\x1a5a\xf2\xe8rn2\xe5\xa4\xa5\x06\
 j\x02\x0a\x82\xd1\xa6\x1d#\xc4\xc4\xc1\xba\x22\x9a\x8d\
\xaf\xfa\x97\x9c\x06\xac_\xb6b\xae\xea\x81\x83z\x7f{\
D\xb0y\xc4\xf0\xd3\xe8\xfb\x9dr\xca\xc93l\xd7\xd9\
\xbcf\xed<\x04\xb6\x1cy\x8b\x09b\xa0\xd2\x09\xa0l\
p\x8e\x94\x18~\x0b#\x09\x88\xa94<O\xe5\x87\xf2\
\xcaKQa@c\xf3\x888\x04 \xc9\xc9qR\x83\
\xc48\x1f\xff\x1e\xa4\xc03\xbfQ1!\xa9\x03\xa1y\
H\x02\x18\x88\xe7\x9f\xdb7\xa9\xcd7}\xf3\x9a\xb9\xd6\
\x86\xe8x\xe0\x80+e\xab\xaaF\xce<\xf3t\x99\xf0\
\xd3z\xf8\xb8Sm\x07\xcf\xff\xe7cKUS\xc1$\
\x93`\xe0H\x08\xc0\x8e\x10\xcd\xc0\xa9\x12\xba\xb7\xb4\xfd\
\xc9$\xa0\x22/\xc0\x01\xc8P]\xa6J\x84\x83\xa3\xba\
\xaeq4\xec\xceG\xeb}8Nz0\xcd<\x04U\
\xffe.\x82\x97\x07 '\x08a\x8cN\x09\x1eW\xf8\
\xcb\x92\xab\x8e=\xfb\xe6\xa1\x1c\xc1$;O|\xeb[\
\xa43\xb0aP\xd3t\xf3\xc0\x5c_\xdf\xfa\xed\xafn\
\xe8\xb6\xb5\xca\xe3\x5c A,T2\x0181\xb7i\
\xe0\x8c\xe5\xa5}\xaf\x22}F(N\xd9\xfe\xa48\x87\
\x9f\x09\x08d\xb2\xb5cB\xae]\x12yp\x1c\xcf\xec\
P\xaa?\xbc\x81\x01\x22\xd2\x00HRpD\x1a0\xe7\
\xb6q\x00\xd6G\x1a\xe8\x0b\xdc\xbde\xfbR+\xb5\xc4\
\xf0n\x0cik\x99\x0e\x00o\xff\xc4G\xa6\xa7\xd2\xe9\
zs\xff\xbe\x9d\xbbD\xf8\xcf\x01'\xef#\x91\xf1C\
\x8aJ&\x80\xb0\xd8xpP\x89\xb1\x82\xaa\xc9\xcfd\
\xf6\x1d\xb5\xcb\x19W*+'NB\x91$\x90\xc9f\
\xa9\x09\x10V\x9c\xd2\xff\xee\x0c\x06WS\x8f+\xcdB\
M,\xc2\xe5\xb5\xc4!\xa1>\x80\xb2\xf2\x02x\xc0\xde\
\xb9\xf7=47V\x13\x96\xcdMC\x9aO\x01\x80\xb1\
\xc7L\x9afc\x8c\x95\x0b^\x9c'\x9e?R\xe6\x03\
\x9c\x84\x09\xa2Q\xc9\x040 \xb8\xae\xdb\xe9\x85\xe1}\
\x0d@V\xfd\x01T\x22\x90'\xa4Ll\xa3\xc4\xc08\
R\xe9\x8c0\x01\xa2\xca\x8f\x03\x9e\x060\x8c\xa6\x16\x0b\
\xff\x02\xbc\xe6\xe58\x00\x95\x82\xcc\x00\xe6R\x1f\x80\xb9\
\xc0\xb2\x0e\xcbz(\xe6?\xf4\xc4\xceB./\xc3\x81\
\xbc\xacV8\xde~\xe9G\xa6\x0fkm=\xd5<\x9e\
\x15\xdd\x9e9\xb3\x1eX\x17\xd5B\xf4\x15\x12D\xa1\xd2\
\x09 \x8eM\xac\x09\x89[(\xec\xa7\xb3\xfa\xd2\xdc|\
\xce\xb8\xef\x84\xf3\x1dv\x8ci\xc99\x8e\xdfS\xa7R\
\x99\xb6lUM\x1a!s\x0e\x88%\x93\xa9N\x83;\
\x83\xcd\x8cC\xa8\xa8\x82\xd4\x04\xe4\x14a\x0c\xe0\xdc\xed\
\xc4\xc1\x22F\x9c`\xef\xf6\x9dsc\xb5ey\xe9G\
\x1f\x7f\xdc\xb9\xd5u\xb5\xe3\xcd\xfd\x1d\xfb\xf6\xcf5\x0e\
\x8d\xff\x97\x1b\x10\x95U.*\x9d\x00\x04\xe2\xaa\xc4\xbc\
P\xc8\xed\x03\xfc\xc4\x1ep9\xbaO\xab\xf6#\xc9\x01\
\x9a\xda\xce\xa4\x7f\x80\xa5G\x8e=Z$\x04\x85\xd6\xa7\
o\x1c\xdc:\x14\xe0)\x1aZ\x14\xaa.\x93U\x88 \
\xb7\x89\xf1\x08\xcc\xd3\x00\x0e\x99\x08\x18\xe1<\xf9u\xe5\
\xfc\xc5\xf3\x06\xda\xda\x90\x96\x11o\xd5n\xd1_\xdd\xb3\
u\xdbK\xda\xc1NI\x10\x00\x94\x9dL\xd5&\x91\xfc\
\xf8H\x08@!\xcc\xfe\x97\xdb\xfa\xbb\xba\xb6q\x92\xea\
\xeb\xed\xf4\x06\xe4\xd0\x89@ \xd2s\xc1dd\x00~\
\xc5`\xce\x81\xc6\xe6\x91c\x10m\x0285uC\x86\
q2\x8f\x80 \x1d&\xef\x96\xcbyB$\xe30\x80\
\xf3bP\x180>R\xa9\xc8s\xee\xfe\xc5\x1f\x972\
\xd7\xed)\xfb-\x07}\x07\xf0\xf2\xf3/,\x8d\x7f\x93\
Ix\xf0`\x90\x10@\xb43P[\xefno\xdf\x22\
\x5c|\x8c\x09\xbf\x9ep\xd0A\xaa\xe1\x22'\x80\xf9=\
\xb2R\xd7\x1d\x00\x1c\xd5\xb5\x0d\xa3\x10c\xee\x81\xaa\xaa\
\xfa\x11\xa2\xda\x90R)\x84\xb7_\xb5\xab\x12\x82\xbc{\
pY\xa1+\xe0y\x82\x9e\xb9\xdc\x17%\xdb\xeaj?\
\xb04\xfa\xdc\xe8\xfc\x00\xc0\x1b\xfb\xbfl\xees\xe5\xcc\
g\x18\xda`B\x08\xe1H\x08@GX0\x8b\x03\xc0\
\x8e\xb5\xab62\x92\xed\xa7\xcd\xd4\xc3\xf5\xde^\x90\x80\
\xf2\xd8+\x15>SU#4\x80\xd0%\x93\xa9\x1e)\
|\x0dL\xf4\xee\xda\xf5a\xe4\x07\x08\xe2\xc9w\xc5x\
F\xdb\xf7\xd0\xed6\x12\xd8\xbcj]\xb4\x19@\xb4\xa5\
\xb0\xabv\xee\xdb\xbf4\xde\x9d\x18\xfbL~I$?\
\x16*\x92\x00\xf6\xe4\x17\x97\xd5\xeb\xd3\xef\xeb\x97\xbe\xb8\
\x973\xb6W\xf6\xf6\xe2(&VI%`\xad \x88\
w\x1cg\x9e\xa9\x90\xc9T\x8bP`h\x0d\xc2t\xba\
\xaaE\xf8\x16\xb4\xf1\x00\xc2\xf7@\x0b\x8d\xca\xc8\x84\x03\
\x97\xe7:\x8c{\x0fz\xde\x10\xf0XG.~|\xce\
\x92\xf0+D\xb7#v\xad\x7fe\xb9\xadJ\xb2\xfd\xfc\
\xb8YG\x09\x02Q\x91\x04`A\x10!XCe\x85\
|n-\xc4\x90\x5c?!G\xaf\x10,\xe6\x09\x04@\
\x86\xee\xaa\xf2\xe0\x1c\xe9t\xc6f\x02\xc0\xdc\xe6\xa42\
#|;B\xb5CK\x90C%\xff\x90\x8c$\x14\xdc\
\xee\xa0b Q\xdbB\x0fq\x9c\xd2\xb0\xe2\xfc\x87\x9f\
\xd8\xd9\xdf\xd3\xbb^?\xbc|\x01d\xae\xdb\xf3\xd0\x9f\
o[z\xd0\x7f\xcd\x04\xb1\x91\x10\x80\x0e\x9b\x16@\xbf\
3\x00\xbc\xbf\xbb{\xb9,\xbe\x01\xbd\xd7W\xd5\xbfh\
\x19pb\xaf\x0b\xf5\xddI\x8fN\xa53f(\xb0d\
.\xfbT*\xd3\x22\xb5\x07\x22\xe4\xb4\x16\xa1\x9c\x8bP\
\x15\x0d\xe1\xfd\xee\xfe0\x1f@\xd8s\x87\x1d\x17\xf8\xde\
vo\xde>\xb7\xa45\x7f=nc=\x9d\x9dK\x11\
\xd4\xfb\xdb\xee6\xc1A\xa3\xd2\x09\xc0\xd6\xc3\xdb\x04_\
;\xae\xbb}\xdf\xb2\x92y\xfa|\xfb_W\xfb}m\
\x80\xa6\xf0\x8a\x94]\xf0\xec\xb0\xb6\x09#\x11\xe1\x03p\
\x9cT\x9b\xaa7\xc0@\x13\x90h\x090\xad@\x88\x97\
\x05\xc8c<\xb3\xb9=\xfam\x95\xbe+\x0e\x00/=\
\xfb\xfc\x9c\xf0C\x0dG\xa0\xe5\xe0\xfd;w\xdbL\x09\
\xee8N\x12\xe1{\x8dP\xe9\x04`\x22\xcc\x0f \xd7\
7.[\xb4T\x1b\x90CG\xfeYj\xf6\xe9\x8b\xd2\
\x14\x1a\x07\x8f\xa4\x19\x81\xb6\x08@\xb5\x03g\x98\xa7\xed\
sI04\x09I\xdf\x06\x91)\xd8\x15p\xef\xe5\xbc\
\x83\xb2\xde\xd5#\xb7\xfcu\xad\x0a\x07\x96'\xa5\xe2\xe8\
\x85O>=\x07\x08\xd6\x00b\xb7\x9a\x90Dl$\x04\
\xe0\xc1\xe6\xfd\xe7A\xcb\xc6W\x96\xec+\x16\x0a\xafj\
\x82\xce,f\x80\xb1n\x92B\xb6\xaav(B\x1c\x80\
M\x83\x0fk\xe3\x0c\x8e\xcc\xfa\x03\xf4\xb2_2\xfa@\
M\x0d\x00\x8a\x00l\xcf7\x90wb\xfbVB.\xed\
\xbb\xf7\xce\x09o$xg!\x97\xdf\xb5\xf4\x999;\
\x83\xda.\xe3N\x0f\xf2\xb1+\x0b\x09\x01(\x04\x99\x03\
\x9a\xfd/\x96|_\xef\x22Y\x09X\xaa\xf6\x0c\xa2\xb7\
\xd6\xf2\x02\x18\x00fF\x03\x00'\x95\x11\xa3\xe0\xec\xf3\
\x0f\xd6\x0e\x1em\xda\xfb*\xa7\x00r(\xb0\x5c\xe45\
#\x8b\x81\x98\xcf8\xd0w\xa5\x13\xe3\xf2\xd5s\xf4\x06\
\xe37}`\xcf\xde9\x08~\xff\xa5m\x96\xe1[H\
\x10\x8c\x8a%\x80\x80P \x10\xee\x84\x92\xdb\xbb\xf6\xed\
y\xc1\x9c\x14\xc4;\x82D\x02\x84\xd7\x1f\xa5\x9a\x00\xc0\
\x91r\xd2\xb5\xb0{\xff\x01\xc0\xc9f\xeb\xc7\xd0\x81>\
\xcc\x98\xf8C\xb4.ED\x98 ,p(p\xdc@\
\x1a\x07\x00\xc7qx\xc0\x19V\x02x\xfa\xeeY\x8b#\
\xc5\xd2\x8c\x08\xfa+\xbb6m^\x1c\xd0.\xb9\x8f\xc4\
\x15p\xa8Q\xb1\x04@\x10\xa4n\x86\x9a\x02k\x17=\
\xf7\x028g\xcaA\xe7O\xdc\xa1\xa9\xfd*\x1a@\xa7\
\xed\x11\xceC\xc7I\xd5!\xc4\x07\x90\xceT\x8d\x96v\
\xbd\xb84\x19\x04D\xc3\x8f\xb2\xf7\x07\x07\xe7\xac3\xe4\
\xd9\x82\xbd\xeb\x91\xaa7\x17\x15\xfal\x9a\x11\xdb\xf0\xca\
\xaa\xae\x9e\xce\xae\xa5\xe6\x0b\x0c\xa3\x1d\xb1z\xd7u\xbf\
y\x16\xba.C?\x11[\xe4K\x0es\x06\xe2\x07\xa9\
\x18$\x04\xa0\x10\xe6\x00,Y\xb6\xaf[y\xa0\x90/\
\xbc\xe2\x8b\x9c\xaf\x01\x08\x93\x80k==\x84\x06@3\
\xf8\x18\xe08)\xa1\x01X\xf3\x00\xd2N\xf60*\xdc\
\xda\x88@av\xc8a\xc0\xd4\xec`\xe5\xe6\x00\xf0\xf0\
\xefV\x7f\x9c)\xa4\x1c\x00\xdb\xb5y\xeb\xb3\x81W\x0c\
@_w\xf7\x12\xa3-\xad]\xee\x94^<.H\x04\
!\x88\x04*\x9a\x1c\x12\x02(E\xa4\xf0\x8b\xa5\xbf\xbb\
\xe3yN\x06\x05\xf9\x05\xfa\x00.&\xed\xe4\xb2V\x9f\
(\x07\xa6\xfc\x05\x1c\x8e\xe3\x98\x04\xa0\xe5\x018N\xba\
U\xf9\x11<-\xd8\xab\x90A\xbc\xfe^\xabj\x9bG\
\x12q\x0a\x82\xd2g\x84\xf1]\xa9\xdev\xb0\xa0e\xed\
\xe2\x97\x17\x86^\xd1\xb2a\xdf\x8e\x1d\xcf\xa0\x94P\xe4\
\xe2@\xddG\xb0\x94\xc6r7\xda\xfe\xb6\x15\x8d\x8a&\
\x00\x8b\x1f \xb6\xf0\x03\xe0\xfb\xb6o}\x0e \xaa>\
\xa8j\xee\xcf\x0d\xc0\x99\x9c<\x84\xce\x1d\x00p8H\
7\xf8\xd7\xb3i\x00\x80\x93\x1a\xae\xb2\x07A\x1c\x89\xc4\
\xeb/\xda\x94\x03\x93\x00\x0e7l\x1c@\xa0_\xc3X\
\x98\x8d\x00\xfcm\x81\x04\xf0\xc0\x8d\xb7\xad.\xe4\xf3;\
\xb5\xb7\x19\xf2\x92\x01`\xfd\xb2\xe5\x8b\xc2\xda\x94\xf71\
\x00q\xf5\xcf\xb5iu\xb6[\x1a\xe0U\xfesQ\xd1\
\x04@\x10\xd7\x0f\xa0E\x02^~\xe6\xe1%\x8c\xf1.\
9\x1aP8\xeb\x88\xc3O\x0a.\xf4*\xc1\x9cq\xc0\
\x01\xd5\x00@?k\xeb\x866\x81\xf1\xacf:\x80\x1b\
\xaa\xbe\xaa3(4\x0f^J\x00a\xaao\x14\xe1\x99\
\xbe7\x01*\xa0\xae\xf1\xc9:\xf6\xee\x7f\xba\xe4\xea\x01\
(\x16\xf2;\x1e\xbb\xf3o\xab\xfc\xf3][{\x08\xd6\
D\x8c\xa7+=\xccI9\xf4\xef\xc6`\x7f\xe6\x8aE\
B\x00:l\xbd\x84\xf9\xe3\x91K!\xd7\xe7\xe6\xfbz\
\x9f\x17\xc2\xceDU\x1ep\xcd\x0f \xd3\x86\x998\xce\
#\x88L\xb6\xf6\xb8\x91\xa3'\x1f\xe1_G\xf3\x05d\
\xb3u\xde<y4\x9a@{|9!\xa8P\xfd\xe5\
a\xe0p;\x81@R3\xbf\x07k\x00\x96z\x00D\
\x03\xb0\x09\xab\x0b\xc0\xdd\xb5q\xcb\x8b\xf1^3\xd0\xdb\
\xd5\xb5\x08T\xd8\xf5v\x19\x00\xd7q\xca\x17Ru\x82\
\xd4\x00L\xe1\x0f>\xa5\x82\x90\x10@)\xc2<\xe7%\
D\xd0s`\xdf\xb34\x0chV\xee\xd1z|\xe9\xb4\
\x93\xd5\x82kZ\x0e\x9bzuM\xdd\xe0z\x98c\x00\
\x9ctZ\xcf\x1cd\xca\xe6\xb7\x0c\xfe\xe1\xdc\x1f\x14\x04\
\x80\xa1\x18\xc7\x04\x08\x14|\xe3\x19mm\x98\xc2\xaf-\
7\x5c\xf5?O\x84\xbd\x5c\xba\xb2s\xe3\xe6'\x10 \
\xf8\xe2\xbb\x93J1{#A\x8d\xabu\xc3\x04\xb0\x12\
9\x02\x88!$T\xfc\xbaA\xc5\x13@\x19\xf9\x00\xd6\
e\xf3\x8a\xc5\xf3\x98\xdf\xc5kCs}A\x17\xf6\xb9\
\x9e\x05\x08\xa9\x19\xa4\x9c\xcca\xe3\x8fz\xf3\xd7\xcc\x8b\
\xa7\xd2U\xb5\x8e$\x11\xaf\x1fS\x05GAHF\xb2\
\x82\xd4\x00 Cg\x81\x08\xb2\x8b5\x12H\xf9\x1a\x80\
\xc5\x03\x17(\xfcb\xe9\xe9\xecz*\xf8\xd2j\xfd\xf9\
\x07\xff9\x1f@1\xac-\xea\x04\xd4o\xd7\xa6\xc7\xeb\
\x87\xa6<\xf20I-Q\xff}T<\x01\x10\x049\
\x8al\xeb\xf2\xc7\xb4e\xf5K{\xdcBn\x952\x14\
\xa8\x19\xa09\xe7\x8d\xf1\x00\x90\xbe\x81L\xb6\xe6\xcc#\
&\xbd\xf9br/\x8e$\x14\xea\xe4#d\xa2B\x7f\
\x8e2\x05P2\xb1AT/\x17\xd4\xfb\x8by\x86J\
M\x00\x8f\x14\xdc\xa8\xa5k\x7f\xfb|\xeb\x1b&(\xe4\
\xf2\xab\xd7,y\xe9\x80\x7fN\x91|RB(\xa6L\
\x0d \xa0A\x9b4[\x9c\x96a\x84^q\xc8\xfc\xbb\
o\xe0\xff!8\x94\x1c\x85\xfdX\xe4\x8f\xa9\xbf\xbbk\
Nm\xc3\xe0\xa3\x95S\xce\x10t\xe9\xa2\xf7\x7fet\
~?_k\xa8k\x18\xfe\x99\x11\xadSV\xec\xde\xf1\
\xf2*q\xa0\x88\x16x\xf2\xce\xfcy\x06\xa1f\xff\xf1\
\xdbV\xf5\x01\xb4_q\x98\x9dk#\x04\x06\xafC\x90\
\xc2\xb6g\xeb\xf6y\x8e\x03\xee\xba\xcc\xe1\x8c9`\x1c\
\xdd\x1d\x9d\xdb\xe0\x09&E\x89\x13s\xc9Ss\x1f=\
\xe1\x9c77x\xe5\xd1\xb9\x0c\x85J?\x09\xe3\xd8\xb1\
a\xf3|\xbf\xad !t\x008\xbb\xb7n{\x81\x03\
\x9c\xbb\xcc\x11\xef\x951o\x1d\xea\xd99\x17\x83#\x1c\
\xc7\xcb\x9cJ\x81\xef\xdf\xb5s\x13t\xd3\xc2f\xde\x04\
\xad\xbf\xee\x11wV\xdc\xd75\x86W\xcd\xb4\xa5\xe3\xa6\
\xfc%\xed\x7ff\xfc\xf5\x8c\xb1d\xa7\x9cv\xfe\x09\xad\
G\x1c\xfb\x17\xe620\x97\x813\x06\xe6r0\xd7\x05\
w9\xbc\xed\xae'\x00E\xb1\x9f\x81\xbb\xfeq\xcc\x05\
w\x19\xdc|q\xd7\xa6\x0d\xcf\x5c\xd6\xdb\xb3\xb7\xb3\xa9\
iL\xeb\x88\x113\xee\xe4.\x03\xf7\xcf\xe5E&\xdb\
\x83\xcbe{\x90\x9a\x02\xe08@/\xdb\xfd\x91\x03\xee\
\xaa\x05P\xbd)\xedU\xa9\x10\x00\x8a\xf0l\xcf\x9e\xb2\
l\x17\xef\xc9\x84\x13\xf1i\x83\x8d\x90\x82\xda\x0c\x9c7\
\xc1\xd2NP\x94\xa24\xc2\x10\xac\x1d$>\x80JA\
\xc4\x1f:\xcai\xc6W\xcd\x7fb)c\xacC\x1eJ\
\xaa\x06\xd3T]\x9b\x83\x90CL\xf1\xc5\x81Tj\xe4\
\x88\x11\x93\xcf\x03\x00\xc6\x8aE\x99\xfc/\xc7\xfe{\xe7\
\xa8\x09@\xfd[\xe0De\xe1\x81\xf7l{\x1ek\xe2\
\x0d\x82\xed{SM\x0fZ\xca9\xb6\x18q\xack\xd9\
W\x08X7\xcf)K\xe0+\x11\x89\x09\xa0C\xfc\x10\
D\xaf\x12k)\xe4\xfb\xddB_\xefs\x99\xaa\xda\xf3\
<\xbb\xde\x81\x98\xb2Ks\xd0\xf9\xd9|b\x86 \x19\
\x1a\x84\xa80\xcc\xdaw\xeeX2\x1b\x00\xcf\xe5::\
\x01\xe8\x09FB\xde\x19%\x14\xd5n\xc0\xb3\x00\xa5?\
\xf4 b\x10\xbd+\x87\xd79\xd8\xb4\x03\x818Z@\
\xd0q\xe6=\xda\xfc\x136M\xc2\x963a\xb6g\x9a\
h6\xe1\x0f\xf2\x8dT\x1c\x11$\x04`\x07\xf5\x03\x88\
\xef\xa1\x9a@OW\xfb\xf3MCj\xcec$\xe4'\
2\x01E\x96\x90\xca\xde\xf3~\x83f\x88\xb0\xb7k\xd7\
M\xfd\xfd\x1d=\x00P(\xf4\xf4\x83\xb1\x1c8\xaa\x15\
\x89\x10\xed\x01D\xf8\xa9\x12l\xbf\xc7\xc0\xfbF\xa9\xd0\
Q\x12\x08\xaaY\x18\x84r\xd4\x7fz\xaf\xe6g\xc0\x1c\
\x89e\x11@\x94\x86\xa3\xf9q,\xf7S\x11H\x08 \
\x18A\xbd\xa4U\xb0\xf6n}uQSs\x8b\x17\xae\
\xa3\xc2-T}\x12\xba\xa3\xa3\x85EH\x90\xb9\x85u\
[\xb7\xbc\xf0\x10i\xd7q\x19\xef\x000B8\x15\x1d\
N\xeb\xff\xf9\x17\xf7\xef\xc4q\xa4\xfa\x8f8\xf7\x1b\xf2\
|\x81\x93\x94\x18\x9f6\xc4\xed\xf9m\xf7I?m\xd7\
\x8bs\x1fQ\x0e\xdb \xe1/ys\x95`\xff\x03\x89\
\x0f@\x22\x86\x1f T\x886.\x9f\xbf\x99\xb9l\x0f\
\x83?e\x17\x00\x06\xb3\x0c\x98r\xd6\x097\xbfH \
:\xd0\xbe\xf97\x8c\x155\x8f8g\xee^\x95\xf7[\
\xeaC\x10\x83\x8e\x00S\xf8\x1d\xdb\xbdZ\xef\x1bva\
\xb1e\xe5E\x86\xfe\x10\x11\xcf?D\x8b-\x5c\x18f\
\xfb\x07E\x00*\xba\xe7\x17H4\x80R\x98~\x00s\
\xbbM#\x00\x00\xe4\xf3}\x8b\xb3\x99\x9as\x8c\xe0\xbf\
&\xb8*G\x80IR(\xe4\xfa\x9f\xdd\xb9}\xf1b\
\xf3F\x18+\xecH\xa3\xfa\x18\xfa\xd3\xf5\x9a\xf1|\x0c\
b\xca0\xeb\xdd\x96g\x02\x98=/U\xc3\xe3\xaa\xf3\
N\xc4\xf78\xef<\xaa\xdd\xb8\x91\x85\xb0gf\x01\xc7\
D\xdd\xc7\xeb\x12\x09\x01\x04C\x08A\x94\x09 \xb7\xe7\
z:\x17e\x9a\xaa\xcf\x91\x89;\xe0\x86\xe0\xfa\x07\x93\
l@pV\xd8\xb3\xfb\x95\xdfA\xcf\xdes\x00p\xd7\
-lO\xa5\xab\xa0f \x96\xe7\xf8\xc3\x8d\xc9\xed\xf9\
\x91\x00\x06\xf7\xc5\x1e\xb6\xf5\x15D\x0b|TOH}\
\x01\xe2{\x14\xe2\x9a\x07A\x82\xc6C\xda:\x18\xc7b\
\xd0\xf3Z\x85\xbfR\xd4\x7f !\x80\xb8\x08\xfb\xc1\xca\
}\xdd\x07\xf6\xae\xaeo\x1cN\x12xT\x0d?\xc8\x9e\
\x9f\x93D!\x8e\x5c_\xd7\xdd\xed\xfb^\xddB\xda\x93\
=\xb0\xeb\xf6o\xc9:\xf5\xb2\xa6 -\x08\x22\xc7\x16\
\xf8\xf0\x84\x9f\xadmwW|\xbe\xc0\xbb\xfa\x80\xc0^\
/\x8a\x00`\xdc\x0b\xbdD\x1c\x1cLnI\x5c\x02\x08\
\xbaN\x90\xc6\x16%\xf4\x15#\xf0&\x12\x1f\x00A\x0c\
\xe6\xb7\xfd\x88\xe4\xf7\xdd\x9b\xd7\xac\xd7\x05\x14Z\x85 \
\x9a\xc6\x0b\x0e0\xc6\xda\xb7mYp3J\x9dS\x0c\
\x00\xcb\xe5;\xd6\xca\xecB\xff*\x0e\xf3\x16\xf3'\xcb\
\x1c\xb6\xa5\x93\xbd\xfa\x99\x1co\xef@\xb8\xcd[\x8eY\
\xc0\x8c\xf5\x7f\xe5\xe2\xc6\xf8\xee\x06\xec\x8fc\xf7[\x85\
\xbf\x92z\x7f \xd1\x00\xe2 \xac\x97\xd0\xb6\xb5\xef\xde\
\xdc\xc5\x5cw/\xe7\xce0:1\x08M\x04RQ\x01\
\x8e\xde\xee\xbd\x7f\xe8\xeb\xdd\xdfe\x5cC\xda\xb9]=\
\x9b\xd75\xd5\x8c+\x82\xf3\x8c\xac\x0e\x0cH?\x82\xd2\
\xcfy{\xb7\xbb\xe9\xf2^\xb6\xdd,\xab\x1d&\xf8q\
\x13a\xca1\x01\x82\xde\xd3\xc1\xbe{q\xfdr\xda\xe6\
e\xaeW\x9c\xf0\x03\x89\x06\x10\x85H\xa1\x87\xd1\x9b\xba\
\xc5\xc2\x06Q\xb1W\xf4\xdeJ\xf8\x85O\x80\x83\xb1\xe2\
\x9a\xcd\x1b\xe6\xceBHa\x8d\xa2\xdb\x9f\xe3\xbc\xb8\x9e\
\x8b\xccB\x06\xe2?\x80\x17\xff\x07\x90\xe7]\xbf\xe9f\
[6!\xb87\x0d\xf5]\x18\xebq\xb4\x81\x7f\xc7\x12\
w@O9\x9a\x8fD%\x0a?\x90\x10@\x5c\xd8\x84\
\xde\xaaN\xba\xc5\xfc\x16n\x84\xea\xf4\x22\xa1^BP\
\xc7\xfe\xcd\xbf`n\xc1\x166\xd3Bn\xc5b~\x11\
 \x9a\xe3\x9e\xfaO\x1c\x7f\x00P\xe0\x9d\xcb\x10O\xf0\
Ma6\x9f/\x8e\x83\xf0\xff\xc3\x12f:\xc41w\
4T\xaa\xf0\x03\x89\x09P.\x824\x02\xb98H\xd5\
\x8b\xec>\xe9\xec#\xe1@\xce\x80B\xb1\xff\xa9m\x9b\
\x17,@p\xe1\x0d\x99\x84Sp\xbb\xe7\xa7\xd2\xd5\xef\
\x87\xefW\xf0\x22\x0b\x9a6\xcc\xbb\xd9\x96\xb5\xb0\x0bA\
\xd0z\xc9}\x0f\xe0\xb9\xff\xa3Q\xc9BO\x91\x10@\
\xf9\x08\xf2&\xf3t&\xeb\xa4\xb3\xd53d\x96\x1f9\
\x8a\xd4\xf1\xcb\xef\xdd\xb9\xf2\x17P\xbd\xbd\xd9\x8e\x96\x85\
\xd7\xd9\xbb\xe9\xc5\xe1\xf5C\xf2\xe0\xbcJ]]\xeb\x94\
\x0f0\x14\x0a\xb0;\x12\xc3Tb\xb3!\x00\x87N0\
\xc8\x08\xcbPD]/n;\x03m\xbf\xd2\x91\x10@\
|D9\x92\xf8Q'\x9cw\x06\xb83\x82s\x06\x87\
j\x01P\x1a@\xbe\xbf\xeb\xce\xbd\xbbVm\x84\xbdW\
\x16\x90\x04\x90+\xb6w2V|\xde\xe1\xe93\xc09\
\x1cc\xe0\x0f\x07\xefB\xb0\xe7;N\x01\x0c\xd9\xdc\xa1\
\x14\x96C\xd5V\x22\xc0\xaf-\x12\x1f\xc0\xc0QbS\
7\x0c\x1a\xfe\x01\xd1\xdd\xcb\xa9\xc3\xfd#=\xf5\x9f\xed\
\xdf\xbai\xc1\x1f\x11\x9c\xe2jM\xa5\xcd\xbb]\xf7z\
\x0eD\xc7\x96\xef\xdf\x8f\xe0pY\x10\x09\x94 \x11\xb4\
\xcaDB\x00\xe5!\xb07\x1d3\xe9\xa4\xb6t\xba\xea\
$9\xe2\x8f\x0e\xd5\xe5\x0c\x9c\x01}=\xed\xbf\xea\xe9\
\xda\xdd\x812s\xea\xdb\xfb\x96?\xca9\xdb\xec\x8d\x22\
\xf4!\x15c\xbe\x07\xc1\xe3\xddm&\x86\xf9\x1c\x09*\
\x18\x09\x01D#*t\xc6\x00\xf0\xe1\xa3'^\x00\xce\
S\xb4D\xb7\xc8\x04\xf4\xd2\x01\x8a+7\xac}\xfan\
\x0c`\xe0\x8c\xcb\xf3\xf9\xa2\xdb\xfd\x9b\x92\xbb\x02\xc0x\
A\xcc\xa9g\x1b\xf8b\x8b\xf5'^\xf0\x04\x12\x09\x01\
\xc4GXH\x8ce25'\xc8Z}\xc4\xe6\xf7\xd3\
x\xdd\xae\x8e\x9d\xd7\xb8\xc5\x5c\x1e\xa5\x82o\xab|S\
B\x10\xfb\x0a/\xdf\xc78[H\xd2q\x5c\x86\xe2?\
\xda\xd9\xca[\x80X\xa3\xde\xa2\xea\xe2'\xa8@$N\
\xc0`\x08\x8f\xbcm\xbb\x10(2\x8f_j4)\x03\
V`\x8c\xedc\xc5\xe2\xe6B\xa1oq\xfb\xae\x0dw\
m\xdf\xb2d\x139/\xac \x05H\xbb\xf2\x1a\x8c\x17\
\xdc.\xb6\xe1\xb2\x86\xd4a\x972^X\xdd\xcf\xf7\xcd\
\xefb\x1b\xb7\x19m\x85\x99\x02\x80E\x13Hz\xff\xca\
FR\x14\xd4\x80\xa5@h\x8a|\xd2%M\x96\xa0\x22\
\x9a\x80\xc5\x5c@|\x02\x08+\xcc!\xce\xb1U\xbd\x89\
S\x06+!\x80\x04\x89\x06\x10\x03B\x13\x08\xcaH\xb3\
\x1d\xebX\xb6G\xa5\xabR\x84\x11@P\xbb\xe5d\x02\
&\xc2\x9f\x00@B\x00qa\xf3\x9e\x87\x09\xbf\x13p\
nPf^\x14\x01\x00\xe5\x11KY!\xc0\x04\x95\x8b\
\x84\x00\xc2A\x05\x86j\x016\xe1\x0f\xea\xfd\xe9\xfer\
\x9crq\x0ar\x86\xb5\x1bd^$$\x90@\x22!\
\x80`\x98N@SX\xa9c\xcd,\xa1mk+*\
#\xcfD\x9cJ\xb8Ay\xfd,\xea:\x89\xfa\x9f\x00\
H\x08 .\xa8\xb00\xa8\xf0\xa9\xf0\xd2\x03\xc1B*\
\xce\x0f\x12\xd68\x04`\xfb\x0c\x0aI\x86\xb5\x9f\x08}\
\x02\x0d\xe9\x7f\xf7\x0d\xfc\x7fC\xaf\xbb\x03\xf5\xe9\xd6\xa0\
I)L\x04i\x08\xa6\x87>\xca\xf9\x17%\xb4a\xc7\
\xf1\x88\xf6\x00\x8b\xe0\xf7\xba;\xfe\xdd\xaf:\xc1\xff\x03\
$\x1a@8h\x04\x00\xc6:\xa0\xe7\x02\x00\xc1a\xd5\
\x81\xa4\xe2\x9a&H\xb9s\xec\x05}&\xea\x7f\x02\x89\
\x84\x00\xa2a\x92\x80m\xdf@\x08\x00\x88V\xc9)\x09\
P\x12\xb2\x9d\x1b\xd6v\x22\xfc\x09\xacHL\x00\x0b\x0c\
3@ \xca\xc6\x17\x9fq\xd4s\xfa\x19\x05\x9b\xa0\x87\
y\xf6Cm\xfeD\xf5O@\x91d\x02\x86\xc0R\x8c\
\xa2\xdcI*L\x0c\xd4!\x17u\x0d\x1eg[\xd2\xfb\
'0\x91\x10@\x04\x02*\xd2\x0ct\x16\x9c\x81\xc4\xe4\
\x0f\xba\x1ao\x22\xf8\x09\x82\x90\x10@\x0cD\x94\xa5:\
TS`\x1dr$\x82\x9f \x0a\x09\x01\x94\x81\x83\xad\
Og\xc3\xa1\xaa\x89\x97\x08{\x82\x81 !\x80\x83D\
\x22\xa0\x09\x12$H\x90 A\x82\x04\x09\x12$H\x90\
\xe0?\x04\xff\x07\xc9\xfc:\xa8_~\x93@\x00\x00\x00\
\x00IEND\xaeB`\x82\
"

qt_resource_name = b"\
\x00\x08\
\x0c\xa6\xc7\x95\
\x00r\
\x00e\x00s\x00o\x00u\x00r\x00c\x00e\
\x00\x08\
\x0aaB\x7f\
\x00i\
\x00c\x00o\x00n\x00.\x00i\x00c\x00o\
"

qt_resource_struct = b"\
\x00\x00\x00\x00\x00\x02\x00\x00\x00\x01\x00\x00\x00\x01\
\x00\x00\x00\x00\x00\x00\x00\x00\
\x00\x00\x00\x00\x00\x02\x00\x00\x00\x01\x00\x00\x00\x02\
\x00\x00\x00\x00\x00\x00\x00\x00\
\x00\x00\x00\x16\x00\x00\x00\x00\x00\x01\x00\x00\x00\x00\
\x00\x00\x01\x9d\xda/\x09\xcf\
"

def qInitResources():
    QtCore.qRegisterResourceData(0x03, qt_resource_struct, qt_resource_name, qt_resource_data)

def qCleanupResources():
    QtCore.qUnregisterResourceData(0x03, qt_resource_struct, qt_resource_name, qt_resource_data)

qInitResources()
